DATUM,SpeciesName,ObservationId,RowNumber,SpeciesId,CountryId,WKT,Centroid,Year,DataPartnerId,Reference,Url,Timestamp
[WGS84 - EPSG:4326],Faxonius limosus,DC51F1FE-645E-F011-9112-08F1EAD81ED0,56339532,R10443,IT,POINT (11.218615 46.0861133333333),FALSE,2011,22,Invasive Alien Species in Europe,https://easin.jrc.ec.europa.eu/ias/speciesreport/details/667c06fb46d6df4bc5882d18,2025-07-11T16:39:31.517
[WGS84 - EPSG:4326],Faxonius limosus,4856F1FE-645E-F011-9112-08F1EAD81ED0,58310839,R10443,IT,POINT (11.2268686294556 46.0826080156555),FALSE,2011,22,Invasive Alien Species in Europe,https://easin.jrc.ec.europa.eu/ias/speciesreport/details/667c066e46d6df4bc5882d17,2025-07-11T16:39:31.517
[WGS84 - EPSG:4326],Trachemys scripta,7155F1FE-645E-F011-9112-08F1EAD81ED0,74355841,R18154,DK,POINT (12.7766577069269 56.0358378500289),FALSE,2015,22,Invasive Alien Species in Europe,https://easin.jrc.ec.europa.eu/ias/speciesreport/details/5ba1fc74efac6409c12d4f27,2025-07-11T16:39:31.517
[WGS84 - EPSG:4326],Faxonius limosus,AD4FF1FE-645E-F011-9112-08F1EAD81ED0,84322400,R10443,BG,POINT (23.0908675605665 43.6167344550505),FALSE,2016,22,Invasive Alien Species in Europe,https://easin.jrc.ec.europa.eu/ias/speciesreport/details/5821d1feda0d86740e36f3a8,2025-07-11T16:39:31.517
[WGS84 - EPSG:4326],Pseudorasbora parva,2250F1FE-645E-F011-9112-08F1EAD81ED0,84322408,R12451,BG,POINT (26.0704406351094 43.6522488110174),FALSE,2016,22,Invasive Alien Species in Europe,https://easin.jrc.ec.europa.eu/ias/speciesreport/details/583b19fada0d86740e36f3b5,2025-07-11T16:39:31.517
[WGS84 - EPSG:4326],Myocastor coypus,8750F1FE-645E-F011-9112-08F1EAD81ED0,84322416,R09720,IT,POINT (8.714314323297 45.7812034043519),FALSE,2016,22,Invasive Alien Species in Europe,https://easin.jrc.ec.europa.eu/ias/speciesreport/details/5808905b1f2e00013cc1c388,2025-07-11T16:39:31.517
[WGS84 - EPSG:4326],Myocastor coypus,7252F1FE-645E-F011-9112-08F1EAD81ED0,84322424,R09720,IT,POINT (8.72627703181934 45.7936031221301),FALSE,2016,22,Invasive Alien Species in Europe,https://easin.jrc.ec.europa.eu/ias/speciesreport/details/580890a11f2e00013cc1c389,2025-07-11T16:39:31.517
[WGS84 - EPSG:4326],Pseudorasbora parva,0253F1FE-645E-F011-9112-08F1EAD81ED0,84322432,R12451,BG,POINT (23.2302746654323 43.7861778597767),FALSE,2016,22,Invasive Alien Species in Europe,https://easin.jrc.ec.europa.eu/ias/speciesreport/details/5825a08dda0d86740e36f3b0,2025-07-11T16:39:31.517
[WGS84 - EPSG:4326],Pseudorasbora parva,FA50F1FE-645E-F011-9112-08F1EAD81ED0,84322440,R12451,BG,POINT (25.884597570119 43.1906741418227),FALSE,2016,22,Invasive Alien Species in Europe,https://easin.jrc.ec.europa.eu/ias/speciesreport/details/583b0de3da0d86740e36f3b4,2025-07-11T16:39:31.517
[WGS84 - EPSG:4326],Eriocheir sinensis,4151F1FE-645E-F011-9112-08F1EAD81ED0,84322448,R05836,BG,POINT (22.8629275101016 43.8366528206952),FALSE,2016,22,Invasive Alien Species in Europe,https://easin.jrc.ec.europa.eu/ias/speciesreport/details/5821df5eda0d86740e36f3aa,2025-07-11T16:39:31.517
[WGS84 - EPSG:4326],Perccottus glenii,4951F1FE-645E-F011-9112-08F1EAD81ED0,84322456,R11034,BG,POINT (26.5170877799639 44.0269014006891),FALSE,2016,22,Invasive Alien Species in Europe,https://easin.jrc.ec.europa.eu/ias/speciesreport/details/58387fbfda0d86740e36f3b2,2025-07-11T16:39:31.517
[WGS84 - EPSG:4326],Myocastor coypus,5451F1FE-645E-F011-9112-08F1EAD81ED0,84322464,R09720,IT,POINT (8.7174543531728 45.7905788013813),FALSE,2016,22,Invasive Alien Species in Europe,https://easin.jrc.ec.europa.eu/ias/speciesreport/details/58088fdc1f2e00013cc1c386,2025-07-11T16:39:31.517
[WGS84 - EPSG:4326],Pseudorasbora parva,4653F1FE-645E-F011-9112-08F1EAD81ED0,84322672,R12451,BG,POINT (23.0346081781163 44.059139605795),FALSE,2016,22,Invasive Alien Species in Europe,https://easin.jrc.ec.europa.eu/ias/speciesreport/details/5823622cda0d86740e36f3ae,2025-07-11T16:39:31.517
[WGS84 - EPSG:4326],Procambarus clarkii,CC53F1FE-645E-F011-9112-08F1EAD81ED0,84322680,R12250,IT,POINT (8.71347424508713 45.8100165571205),FALSE,2016,22,Invasive Alien Species in Europe,https://easin.jrc.ec.europa.eu/ias/speciesreport/details/57a85ee71f2e00013cc1c34d,2025-07-11T16:39:31.517
[WGS84 - EPSG:4326],Pseudorasbora parva,DE53F1FE-645E-F011-9112-08F1EAD81ED0,84322688,R12451,BG,POINT (22.8693616390228 43.8364460657474),FALSE,2016,22,Invasive Alien Species in Europe,https://easin.jrc.ec.europa.eu/ias/speciesreport/details/5824acf1da0d86740e36f3af,2025-07-11T16:39:31.517
[WGS84 - EPSG:4326],Procambarus clarkii,D754F1FE-645E-F011-9112-08F1EAD81ED0,84322696,R12250,FR,POINT (6.43858909606934 48.5592272823037),FALSE,2016,22,Invasive Alien Species in Europe,https://easin.jrc.ec.europa.eu/ias/speciesreport/details/57554ec61f2e00013cc1c2de,2025-07-11T16:39:31.517
[WGS84 - EPSG:4326],Pseudorasbora parva,1255F1FE-645E-F011-9112-08F1EAD81ED0,85495044,R12451,BG,POINT (23.4222078323364 42.5885091141742),FALSE,2017,22,Invasive Alien Species in Europe,https://easin.jrc.ec.europa.eu/ias/speciesreport/details/59244febdff661b40a8a74bc,2025-07-11T16:39:31.517
[WGS84 - EPSG:4326],Trachemys scripta,7F54F1FE-645E-F011-9112-08F1EAD81ED0,85495052,R18154,DK,POINT (12.8162288073509 56.1270938629761),FALSE,2017,22,Invasive Alien Species in Europe,https://easin.jrc.ec.europa.eu/ias/speciesreport/details/5ba24255efac6409c12d4f29,2025-07-11T16:39:31.517
[WGS84 - EPSG:4326],Trachemys scripta,EC53F1FE-645E-F011-9112-08F1EAD81ED0,85495060,R18154,BG,POINT (23.2628470659256 41.4583471028913),FALSE,2017,22,Invasive Alien Species in Europe,https://easin.jrc.ec.europa.eu/ias/speciesreport/details/592da15cdff661b40a8a74d5,2025-07-11T16:39:31.517
[WGS84 - EPSG:4326],Trachemys scripta,ED53F1FE-645E-F011-9112-08F1EAD81ED0,85495068,R18154,BG,POINT (23.2626518874336 41.4589780167482),FALSE,2017,22,Invasive Alien Species in Europe,https://easin.jrc.ec.europa.eu/ias/speciesreport/details/592d6708dff661b40a8a74c9,2025-07-11T16:39:31.517
[WGS84 - EPSG:4326],Myocastor coypus,CD53F1FE-645E-F011-9112-08F1EAD81ED0,85495076,R09720,DE,POINT (11.9582440171871 51.4865445563806),FALSE,2017,22,Invasive Alien Species in Europe,https://easin.jrc.ec.europa.eu/ias/speciesreport/details/58a41635482da315695c7169,2025-07-11T16:39:31.517
[WGS84 - EPSG:4326],Myocastor coypus,AC53F1FE-645E-F011-9112-08F1EAD81ED0,85495084,R09720,IT,POINT (8.6274154 45.8101968),FALSE,2017,22,Invasive Alien Species in Europe,https://easin.jrc.ec.europa.eu/ias/speciesreport/details/586d0e0c482da315695c7160,2025-07-11T16:39:31.517
[WGS84 - EPSG:4326],Trachemys scripta,BA53F1FE-645E-F011-9112-08F1EAD81ED0,85495092,R18154,BG,POINT (23.2628690279034 41.4583159496493),FALSE,2017,22,Invasive Alien Species in Europe,https://easin.jrc.ec.europa.eu/ias/speciesreport/details/592da282dff661b40a8a74d6,2025-07-11T16:39:31.517
[WGS84 - EPSG:4326],Trachemys scripta,BC53F1FE-645E-F011-9112-08F1EAD81ED0,85495100,R18154,BG,POINT (23.274617 41.4597906),FALSE,2017,22,Invasive Alien Species in Europe,https://easin.jrc.ec.europa.eu/ias/speciesreport/details/592d71c7dff661b40a8a74d1,2025-07-11T16:39:31.517
[WGS84 - EPSG:4326],Myocastor coypus,FA53F1FE-645E-F011-9112-08F1EAD81ED0,85495108,R09720,DE,POINT (11.9563292 51.4862752),FALSE,2017,22,Invasive Alien Species in Europe,https://easin.jrc.ec.europa.eu/ias/speciesreport/details/5900b8ed8a4157626b39de87,2025-07-11T16:39:31.517
[WGS84 - EPSG:4326],Pseudorasbora parva,0654F1FE-645E-F011-9112-08F1EAD81ED0,85495116,R12451,BG,POINT (23.5328757762909 42.4281805029629),FALSE,2017,22,Invasive Alien Species in Europe,https://easin.jrc.ec.europa.eu/ias/speciesreport/details/591431d98a4157626b39de8c,2025-07-11T16:39:31.517
[WGS84 - EPSG:4326],Lagarosiphon major,2553F1FE-645E-F011-9112-08F1EAD81ED0,85495124,R08062,IT,POINT (8.5385433 45.8830423),FALSE,2017,22,Invasive Alien Species in Europe,https://easin.jrc.ec.europa.eu/ias/speciesreport/details/59c900166c7732f43c1234e1,2025-07-11T16:39:31.517
[WGS84 - EPSG:4326],Sciurus carolinensis,9A53F1FE-645E-F011-9112-08F1EAD81ED0,85495132,R13698,UK,POINT (-0.171654295882036 51.5045909537266),FALSE,2017,22,Invasive Alien Species in Europe,https://easin.jrc.ec.europa.eu/ias/speciesreport/details/58a46554482da315695c716b,2025-07-11T16:39:31.517
[WGS84 - EPSG:4326],Vespa velutina nigrithorax,AD50F1FE-645E-F011-9112-08F1EAD81ED0,85495324,R15970,FR,POINT (-0.611284261685796 43.1919910835334),FALSE,2017,22,Invasive Alien Species in Europe,https://easin.jrc.ec.europa.eu/ias/speciesreport/details/59ea182fb2591a9e09cd6f4f,2025-07-11T16:39:31.517
[WGS84 - EPSG:4326],Alopochen aegyptiaca,B250F1FE-645E-F011-9112-08F1EAD81ED0,85495332,R00644,BE,POINT (4.3783981 50.8477377),FALSE,2017,22,Invasive Alien Species in Europe,https://easin.jrc.ec.europa.eu/ias/speciesreport/details/5a48ebc12cb3146c10601de4,2025-07-11T16:39:31.517
[WGS84 - EPSG:4326],Pseudorasbora parva,BA50F1FE-645E-F011-9112-08F1EAD81ED0,85495340,R12451,BG,POINT (23.5369507 42.4384177),FALSE,2017,22,Invasive Alien Species in Europe,https://easin.jrc.ec.europa.eu/ias/speciesreport/details/590dbc838a4157626b39de89,2025-07-11T16:39:31.517
[WGS84 - EPSG:4326],Trachemys scripta,D050F1FE-645E-F011-9112-08F1EAD81ED0,85495348,R18154,BG,POINT (23.2628345990315 41.4583843669187),FALSE,2017,22,Invasive Alien Species in Europe,https://easin.jrc.ec.europa.eu/ias/speciesreport/details/592d7491dff661b40a8a74d3,2025-07-11T16:39:31.517
[WGS84 - EPSG:4326],Impatiens glandulifera,CE50F1FE-645E-F011-9112-08F1EAD81ED0,85495356,R07719,FI,POINT (27.6719485902413 62.9216828073915),FALSE,2017,22,Invasive Alien Species in Europe,https://easin.jrc.ec.europa.eu/ias/speciesreport/details/5a831f66efac6409c12d4ed3,2025-07-11T16:39:31.517
[WGS84 - EPSG:4326],Pseudorasbora parva,D750F1FE-645E-F011-9112-08F1EAD81ED0,85495364,R12451,BG,POINT (23.4221126248031 42.5882969249188),FALSE,2017,22,Invasive Alien Species in Europe,https://easin.jrc.ec.europa.eu/ias/speciesreport/details/59244feadff661b40a8a74bb,2025-07-11T16:39:31.517
[WGS84 - EPSG:4326],Myriophyllum aquaticum,EB50F1FE-645E-F011-9112-08F1EAD81ED0,85495372,R18934,PT,POINT (-8.2343176192353 40.301287982076),FALSE,2017,22,Invasive Alien Species in Europe,https://easin.jrc.ec.europa.eu/ias/speciesreport/details/598dbe22dff661b40a8a74fd,2025-07-11T16:39:31.517
[WGS84 - EPSG:4326],Trachemys scripta,EC51F1FE-645E-F011-9112-08F1EAD81ED0,85495380,R18154,BG,POINT (23.2628470659256 41.4583471028913),FALSE,2017,22,Invasive Alien Species in Europe,https://easin.jrc.ec.europa.eu/ias/speciesreport/details/592d6c5edff661b40a8a74cf,2025-07-11T16:39:31.517
[WGS84 - EPSG:4326],Trachemys scripta,1352F1FE-645E-F011-9112-08F1EAD81ED0,85495388,R18154,BG,POINT (23.2629060745239 41.4583511231858),FALSE,2017,22,Invasive Alien Species in Europe,https://easin.jrc.ec.europa.eu/ias/speciesreport/details/592d756fdff661b40a8a74d4,2025-07-11T16:39:31.517
[WGS84 - EPSG:4326],Trachemys scripta,9D50F1FE-645E-F011-9112-08F1EAD81ED0,85495396,R18154,SI,POINT (14.468743 46.0680783),FALSE,2017,22,Invasive Alien Species in Europe,https://easin.jrc.ec.europa.eu/ias/speciesreport/details/58d148938a4157626b39de85,2025-07-11T16:39:31.517
[WGS84 - EPSG:4326],Pseudorasbora parva,C04FF1FE-645E-F011-9112-08F1EAD81ED0,85495404,R12451,BG,POINT (23.5800136154344 42.4385556785455),FALSE,2017,22,Invasive Alien Species in Europe,https://easin.jrc.ec.europa.eu/ias/speciesreport/details/59133c8e8a4157626b39de8b,2025-07-11T16:39:31.517
[WGS84 - EPSG:4326],Pseudorasbora parva,914FF1FE-645E-F011-9112-08F1EAD81ED0,85495412,R12451,BG,POINT (24.5216131210327 43.4075806965069),FALSE,2017,22,Invasive Alien Species in Europe,https://easin.jrc.ec.europa.eu/ias/speciesreport/details/59d0cdfa6c7732f43c1234ea,2025-07-11T16:39:31.517
[WGS84 - EPSG:4326],Trachemys scripta,9D4FF1FE-645E-F011-9112-08F1EAD81ED0,85495420,R18154,RO,POINT (28.6338418722153 44.2073308532684),FALSE,2017,22,Invasive Alien Species in Europe,https://easin.jrc.ec.europa.eu/ias/speciesreport/details/592c4875dff661b40a8a74be,2025-07-11T16:39:31.517
[WGS84 - EPSG:4326],Lagarosiphon major,DE4EF1FE-645E-F011-9112-08F1EAD81ED0,85495452,R08062,IT,POINT (8.60509947 45.80546556),FALSE,2017,22,Invasive Alien Species in Europe,https://easin.jrc.ec.europa.eu/ias/speciesreport/details/594c0075dff661b40a8a74de,2025-07-11T16:39:31.517
[WGS84 - EPSG:4326],Pseudorasbora parva,514FF1FE-645E-F011-9112-08F1EAD81ED0,85495492,R12451,BG,POINT (23.4629130363464 43.5762404363009),FALSE,2017,22,Invasive Alien Species in Europe,https://easin.jrc.ec.europa.eu/ias/speciesreport/details/59463222dff661b40a8a74dc,2025-07-11T16:39:31.517
[WGS84 - EPSG:4326],Trachemys scripta,7D4FF1FE-645E-F011-9112-08F1EAD81ED0,85495500,R18154,BG,POINT (23.274617 41.4615687),FALSE,2017,22,Invasive Alien Species in Europe,https://easin.jrc.ec.europa.eu/ias/speciesreport/details/592d7205dff661b40a8a74d2,2025-07-11T16:39:31.517
[WGS84 - EPSG:4326],Myocastor coypus,7C56F1FE-645E-F011-9112-08F1EAD81ED0,88524533,R09720,DE,POINT (11.9563292 51.4862752),FALSE,2017,22,Invasive Alien Species in Europe,https://easin.jrc.ec.europa.eu/ias/speciesreport/details/5900b96c8a4157626b39de88,2025-07-11T16:39:31.517
[WGS84 - EPSG:4326],Trachemys scripta,F256F1FE-645E-F011-9112-08F1EAD81ED0,88524541,R18154,BG,POINT (23.2628690279034 41.4583159496493),FALSE,2017,22,Invasive Alien Species in Europe,https://easin.jrc.ec.europa.eu/ias/speciesreport/details/592d6a61dff661b40a8a74cb,2025-07-11T16:39:31.517
[WGS84 - EPSG:4326],Myriophyllum aquaticum,2B57F1FE-645E-F011-9112-08F1EAD81ED0,88524549,R18934,PT,POINT (-7.24391199942147 39.9209114259718),FALSE,2017,22,Invasive Alien Species in Europe,https://easin.jrc.ec.europa.eu/ias/speciesreport/details/598db5f7dff661b40a8a74fb,2025-07-11T16:39:31.517
[WGS84 - EPSG:4326],Sciurus carolinensis,6257F1FE-645E-F011-9112-08F1EAD81ED0,93959593,R13698,IT,POINT (9.2812714 45.5909542),FALSE,2018,22,Invasive Alien Species in Europe,https://easin.jrc.ec.europa.eu/ias/speciesreport/details/5ad30264efac6409c12d4ed6,2025-07-11T16:39:31.517
[WGS84 - EPSG:4326],Alopochen aegyptiaca,A655F1FE-645E-F011-9112-08F1EAD81ED0,93959601,R00644,BE,POINT (4.3805634 50.8395762),FALSE,2018,22,Invasive Alien Species in Europe,https://easin.jrc.ec.europa.eu/ias/speciesreport/details/5a4a255f2cb3146c10601de5,2025-07-11T16:39:31.517
[WGS84 - EPSG:4326],Impatiens glandulifera,EB55F1FE-645E-F011-9112-08F1EAD81ED0,93959609,R07719,UK,POINT (-2.8110033 50.9628914),FALSE,2018,22,Invasive Alien Species in Europe,https://easin.jrc.ec.europa.eu/ias/speciesreport/details/5b9ce0a0efac6409c12d4f22,2025-07-11T16:39:31.517
[WGS84 - EPSG:4326],Alopochen aegyptiaca,1556F1FE-645E-F011-9112-08F1EAD81ED0,93959617,R00644,NL,POINT (4.49151992797852 51.9174322901777),FALSE,2018,22,Invasive Alien Species in Europe,https://easin.jrc.ec.europa.eu/ias/speciesreport/details/5b0eede9efac6409c12d4f0a,2025-07-11T16:39:31.517
[WGS84 - EPSG:4326],Impatiens glandulifera,F24EF1FE-645E-F011-9112-08F1EAD81ED0,97904760,R07719,UK,POINT (-2.8124025 50.9547828),FALSE,2018,22,Invasive Alien Species in Europe,https://easin.jrc.ec.europa.eu/ias/speciesreport/details/5b96bb19efac6409c12d4f16,2025-07-11T16:39:31.517
[WGS84 - EPSG:4326],Myocastor coypus,924FF1FE-645E-F011-9112-08F1EAD81ED0,97904832,R09720,IT,POINT (10.4443417 45.1442894),FALSE,2018,22,Invasive Alien Species in Europe,https://easin.jrc.ec.europa.eu/ias/speciesreport/details/5a7b5d11efac6409c12d4ed2,2025-07-11T16:39:31.517
[WGS84 - EPSG:4326],Lagarosiphon major,7C4FF1FE-645E-F011-9112-08F1EAD81ED0,97904840,R08062,BE,POINT (3.68229908 51.06676981),FALSE,2018,22,Invasive Alien Species in Europe,https://easin.jrc.ec.europa.eu/ias/speciesreport/details/5ae9db99efac6409c12d4f05,2025-07-11T16:39:31.517
[WGS84 - EPSG:4326],Impatiens glandulifera,C14FF1FE-645E-F011-9112-08F1EAD81ED0,97904848,R07719,UK,POINT (-2.8111287 50.9619735),FALSE,2018,22,Invasive Alien Species in Europe,https://easin.jrc.ec.europa.eu/ias/speciesreport/details/5b9cddeeefac6409c12d4f1e,2025-07-11T16:39:31.517
[WGS84 - EPSG:4326],Trachemys scripta,A24FF1FE-645E-F011-9112-08F1EAD81ED0,97904856,R18154,DK,POINT (12.7763331406459 56.0371116279269),FALSE,2018,22,Invasive Alien Species in Europe,https://easin.jrc.ec.europa.eu/ias/speciesreport/details/5ba1fbe3efac6409c12d4f26,2025-07-11T16:39:31.517
[WGS84 - EPSG:4326],Impatiens glandulifera,F84FF1FE-645E-F011-9112-08F1EAD81ED0,97904864,R07719,UK,POINT (-2.8117132 50.9609457),FALSE,2018,22,Invasive Alien Species in Europe,https://easin.jrc.ec.europa.eu/ias/speciesreport/details/5b9cdcffefac6409c12d4f1c,2025-07-11T16:39:31.517
[WGS84 - EPSG:4326],Alopochen aegyptiaca,7B50F1FE-645E-F011-9112-08F1EAD81ED0,97904872,R00644,DE,POINT (12.4139070510864 51.8471159142671),FALSE,2018,22,Invasive Alien Species in Europe,https://easin.jrc.ec.europa.eu/ias/speciesreport/details/5adf9ca9efac6409c12d4f04,2025-07-11T16:39:31.517
[WGS84 - EPSG:4326],Faxonius limosus,2A50F1FE-645E-F011-9112-08F1EAD81ED0,97904880,R10443,IT,POINT (10.6090746117025 45.4926817804608),FALSE,2018,22,Invasive Alien Species in Europe,https://easin.jrc.ec.europa.eu/ias/speciesreport/details/5ad421a8efac6409c12d4ed8,2025-07-11T16:39:31.517
[WGS84 - EPSG:4326],Pacifastacus leniusculus,4A50F1FE-645E-F011-9112-08F1EAD81ED0,97904888,R10676,ES,POINT (-3.46758839543327 40.8540755116429),FALSE,2018,22,Invasive Alien Species in Europe,https://easin.jrc.ec.europa.eu/ias/speciesreport/details/5b30d38aefac6409c12d4f0d,2025-07-11T16:39:31.517
[WGS84 - EPSG:4326],Impatiens glandulifera,0553F1FE-645E-F011-9112-08F1EAD81ED0,97904896,R07719,UK,POINT (-2.7862395 50.9535783),FALSE,2018,22,Invasive Alien Species in Europe,https://easin.jrc.ec.europa.eu/ias/speciesreport/details/5b96bb11efac6409c12d4f15,2025-07-11T16:39:31.517
[WGS84 - EPSG:4326],Impatiens glandulifera,AA50F1FE-645E-F011-9112-08F1EAD81ED0,97904904,R07719,PL,POINT (19.4148539565504 51.8112508192059),FALSE,2018,22,Invasive Alien Species in Europe,https://easin.jrc.ec.europa.eu/ias/speciesreport/details/604eb8d537cffb33e7802f0a,2025-07-11T16:39:31.517
[WGS84 - EPSG:4326],Sciurus carolinensis,CA50F1FE-645E-F011-9112-08F1EAD81ED0,97904912,R13698,UK,POINT (-0.07564902305603 51.5093300817221),FALSE,2018,22,Invasive Alien Species in Europe,https://easin.jrc.ec.europa.eu/ias/speciesreport/details/5afb3f50efac6409c12d4f08,2025-07-11T16:39:31.517
[WGS84 - EPSG:4326],Impatiens glandulifera,F950F1FE-645E-F011-9112-08F1EAD81ED0,97904920,R07719,UK,POINT (-2.8117132 50.9609457),FALSE,2018,22,Invasive Alien Species in Europe,https://easin.jrc.ec.europa.eu/ias/speciesreport/details/5b9cdd50efac6409c12d4f1d,2025-07-11T16:39:31.517
[WGS84 - EPSG:4326],Trachemys scripta,F450F1FE-645E-F011-9112-08F1EAD81ED0,97904928,R18154,UK,POINT (-0.048638529087839 51.4976313089875),FALSE,2018,22,Invasive Alien Species in Europe,https://easin.jrc.ec.europa.eu/ias/speciesreport/details/5b76a74eefac6409c12d4f13,2025-07-11T16:39:31.517
[WGS84 - EPSG:4326],Muntiacus reevesi,4C51F1FE-645E-F011-9112-08F1EAD81ED0,97904936,R09640,UK,POINT (0.477252993732691 52.827305485112),FALSE,2018,22,Invasive Alien Species in Europe,https://easin.jrc.ec.europa.eu/ias/speciesreport/details/61ef0cd1318606238df7da4c,2025-07-11T16:39:31.517
[WGS84 - EPSG:4326],Procambarus clarkii,4551F1FE-645E-F011-9112-08F1EAD81ED0,97904944,R12250,IT,POINT (7.51602172851562 45.1312258350205),FALSE,2018,22,Invasive Alien Species in Europe,https://easin.jrc.ec.europa.eu/ias/speciesreport/details/5bdc83f8de386109b1dabd1d,2025-07-11T16:39:31.517
[WGS84 - EPSG:4326],Heracleum mantegazzianum,D151F1FE-645E-F011-9112-08F1EAD81ED0,97904952,R07248,NL,POINT (3.69870185852051 51.533576271068),FALSE,2018,22,Invasive Alien Species in Europe,https://easin.jrc.ec.europa.eu/ias/speciesreport/details/5b71a6aaefac6409c12d4f11,2025-07-11T16:39:31.517
[WGS84 - EPSG:4326],Alopochen aegyptiaca,5A55F1FE-645E-F011-9112-08F1EAD81ED0,97905000,R00644,BE,POINT (4.40596712241007 50.8115149627688),FALSE,2018,22,Invasive Alien Species in Europe,https://easin.jrc.ec.europa.eu/ias/speciesreport/details/5b51925defac6409c12d4f0f,2025-07-11T16:39:31.517
[WGS84 - EPSG:4326],Heracleum mantegazzianum,5C55F1FE-645E-F011-9112-08F1EAD81ED0,97905008,R07248,HU,POINT (16.7417907714844 47.2122223827094),FALSE,2018,22,Invasive Alien Species in Europe,https://easin.jrc.ec.europa.eu/ias/speciesreport/details/5c1b605a945cea09ab19c080,2025-07-11T16:39:31.517
[WGS84 - EPSG:4326],Pseudorasbora parva,9C53F1FE-645E-F011-9112-08F1EAD81ED0,97905200,R12451,ES,POINT (-3.87923264167512 40.7193377903885),FALSE,2018,22,Invasive Alien Species in Europe,https://easin.jrc.ec.europa.eu/ias/speciesreport/details/5bf2df03945cea09ab19c056,2025-07-11T16:39:31.517
[WGS84 - EPSG:4326],Impatiens glandulifera,1B53F1FE-645E-F011-9112-08F1EAD81ED0,97905208,R07719,UK,POINT (-2.8119863 50.9606496),FALSE,2018,22,Invasive Alien Species in Europe,https://easin.jrc.ec.europa.eu/ias/speciesreport/details/5b9cdc85efac6409c12d4f1b,2025-07-11T16:39:31.517
[WGS84 - EPSG:4326],Pacifastacus leniusculus,4A53F1FE-645E-F011-9112-08F1EAD81ED0,97905216,R10676,ES,POINT (-3.74385094622994 40.9400825623652),FALSE,2018,22,Invasive Alien Species in Europe,https://easin.jrc.ec.europa.eu/ias/speciesreport/details/5b30d223efac6409c12d4f0c,2025-07-11T16:39:31.517
[WGS84 - EPSG:4326],Muntiacus reevesi,4F53F1FE-645E-F011-9112-08F1EAD81ED0,97905224,R09640,UK,POINT (0.478798449039459 52.8263227566969),FALSE,2018,22,Invasive Alien Species in Europe,https://easin.jrc.ec.europa.eu/ias/speciesreport/details/624eb473332662fa2779f51b,2025-07-11T16:39:31.517
[WGS84 - EPSG:4326],Impatiens glandulifera,5253F1FE-645E-F011-9112-08F1EAD81ED0,97905232,R07719,UK,POINT (-2.7930729 50.9558333),FALSE,2018,22,Invasive Alien Species in Europe,https://easin.jrc.ec.europa.eu/ias/speciesreport/details/5b96bb2defac6409c12d4f18,2025-07-11T16:39:31.517
[WGS84 - EPSG:4326],Alopochen aegyptiaca,A254F1FE-645E-F011-9112-08F1EAD81ED0,97905240,R00644,BE,POINT (4.35187339782715 50.8644541757165),FALSE,2018,22,Invasive Alien Species in Europe,https://easin.jrc.ec.europa.eu/ias/speciesreport/details/5b0eec13efac6409c12d4f09,2025-07-11T16:39:31.517
[WGS84 - EPSG:4326],Impatiens glandulifera,B054F1FE-645E-F011-9112-08F1EAD81ED0,97905248,R07719,UK,POINT (-2.8104964 50.9631233),FALSE,2018,22,Invasive Alien Species in Europe,https://easin.jrc.ec.europa.eu/ias/speciesreport/details/5b9cdf3defac6409c12d4f21,2025-07-11T16:39:31.517
[WGS84 - EPSG:4326],Trachemys scripta,1A55F1FE-645E-F011-9112-08F1EAD81ED0,97905256,R18154,DK,POINT (12.7677440643311 56.0364005936197),FALSE,2018,22,Invasive Alien Species in Europe,https://easin.jrc.ec.europa.eu/ias/speciesreport/details/5ba1fd03efac6409c12d4f28,2025-07-11T16:39:31.517
[WGS84 - EPSG:4326],Impatiens glandulifera,4955F1FE-645E-F011-9112-08F1EAD81ED0,97905264,R07719,UK,POINT (-2.8106537 50.9626965),FALSE,2018,22,Invasive Alien Species in Europe,https://easin.jrc.ec.europa.eu/ias/speciesreport/details/5b9cdeb4efac6409c12d4f20,2025-07-11T16:39:31.517
[WGS84 - EPSG:4326],Alopochen aegyptiaca,0B55F1FE-645E-F011-9112-08F1EAD81ED0,97905272,R00644,ES,POINT (-3.72240598906501 40.4045955452778),FALSE,2018,22,Invasive Alien Species in Europe,https://easin.jrc.ec.europa.eu/ias/speciesreport/details/5b30e37fefac6409c12d4f0e,2025-07-11T16:39:31.517
[WGS84 - EPSG:4326],Ailanthus altissima,0555F1FE-645E-F011-9112-08F1EAD81ED0,99259509,R00460,IT,POINT (8.8337613811036 45.8009378050342),FALSE,2019,22,Invasive Alien Species in Europe,https://easin.jrc.ec.europa.eu/ias/speciesreport/details/5dcbb38514ca6438c35e7947,2025-07-11T16:39:31.517
[WGS84 - EPSG:4326],Ailanthus altissima,0655F1FE-645E-F011-9112-08F1EAD81ED0,99259517,R00460,IT,POINT (8.8225186 45.8291253),FALSE,2019,22,Invasive Alien Species in Europe,https://easin.jrc.ec.europa.eu/ias/speciesreport/details/5da01b6121dc7b184f5b80a6,2025-07-11T16:39:31.517
[WGS84 - EPSG:4326],Ailanthus altissima,FA54F1FE-645E-F011-9112-08F1EAD81ED0,99259525,R00460,IT,POINT (8.64801830378599 45.8245476671742),FALSE,2019,22,Invasive Alien Species in Europe,https://easin.jrc.ec.europa.eu/ias/speciesreport/details/5d9ca99b21dc7b184f5b8081,2025-07-11T16:39:31.517
[WGS84 - EPSG:4326],Pseudorasbora parva,FB54F1FE-645E-F011-9112-08F1EAD81ED0,99259533,R12451,BG,POINT (22.7863947450398 44.164281850863),FALSE,2019,22,Invasive Alien Species in Europe,https://easin.jrc.ec.europa.eu/ias/speciesreport/details/5d5178f9969578791a73d933,2025-07-11T16:39:31.517
[WGS84 - EPSG:4326],Ailanthus altissima,FF54F1FE-645E-F011-9112-08F1EAD81ED0,99259541,R00460,IT,POINT (8.796597934 45.837691281),FALSE,2019,22,Invasive Alien Species in Europe,https://easin.jrc.ec.europa.eu/ias/speciesreport/details/5d9c2cc721dc7b184f5b807a,2025-07-11T16:39:31.517
[WGS84 - EPSG:4326],Ailanthus altissima,D554F1FE-645E-F011-9112-08F1EAD81ED0,99259549,R00460,SI,POINT (14.4929145546358 46.0665042329717),FALSE,2019,22,Invasive Alien Species in Europe,https://easin.jrc.ec.europa.eu/ias/speciesreport/details/5d8a78d6aff686f19b23fdca,2025-07-11T16:39:31.517
[WGS84 - EPSG:4326],Sciurus carolinensis,D654F1FE-645E-F011-9112-08F1EAD81ED0,99259557,R13698,IT,POINT (9.15619320697016 45.454032550566),FALSE,2019,22,Invasive Alien Species in Europe,https://easin.jrc.ec.europa.eu/ias/speciesreport/details/5e105c7bf33ad825e8d713b3,2025-07-11T16:39:31.517
[WGS84 - EPSG:4326],Ailanthus altissima,D854F1FE-645E-F011-9112-08F1EAD81ED0,99259565,R00460,BG,POINT (23.32012362 42.68516523),FALSE,2019,22,Invasive Alien Species in Europe,https://easin.jrc.ec.europa.eu/ias/speciesreport/details/5db0a4d721dc7b184f5b80f0,2025-07-11T16:39:31.517
[WGS84 - EPSG:4326],Ailanthus altissima,DB54F1FE-645E-F011-9112-08F1EAD81ED0,99259573,R00460,IT,POINT (8.71681763896826 45.8448139212731),FALSE,2019,22,Invasive Alien Species in Europe,https://easin.jrc.ec.europa.eu/ias/speciesreport/details/5d9ec90521dc7b184f5b809d,2025-07-11T16:39:31.517
[WGS84 - EPSG:4326],Ailanthus altissima,E454F1FE-645E-F011-9112-08F1EAD81ED0,99259581,R00460,SI,POINT (14.5117488382255 46.0400187195709),FALSE,2019,22,Invasive Alien Species in Europe,https://easin.jrc.ec.europa.eu/ias/speciesreport/details/5d8b26d608717f095486f587,2025-07-11T16:39:31.517
[WGS84 - EPSG:4326],Acacia saligna,CD54F1FE-645E-F011-9112-08F1EAD81ED0,99259589,R00053,IT,POINT (16.6422093 38.8478227),FALSE,2019,22,Invasive Alien Species in Europe,https://easin.jrc.ec.europa.eu/ias/speciesreport/details/5db318b421dc7b184f5b80fc,2025-07-11T16:39:31.517
[WGS84 - EPSG:4326],Corbicula fluminea,4655F1FE-645E-F011-9112-08F1EAD81ED0,99259597,R04013,BG,POINT (22.9215145111084 43.8132596220627),FALSE,2019,22,Invasive Alien Species in Europe,https://easin.jrc.ec.europa.eu/ias/speciesreport/details/5debb1691d2b6741a2e01f3f,2025-07-11T16:39:31.517
[WGS84 - EPSG:4326],Ailanthus altissima,5255F1FE-645E-F011-9112-08F1EAD81ED0,99259605,R00460,SI,POINT (14.4925850031379 46.0667582499835),FALSE,2019,22,Invasive Alien Species in Europe,https://easin.jrc.ec.europa.eu/ias/speciesreport/details/5d8a7a15aff686f19b23fdcd,2025-07-11T16:39:31.517
[WGS84 - EPSG:4326],Ailanthus altissima,3055F1FE-645E-F011-9112-08F1EAD81ED0,99259613,R00460,IT,POINT (8.66811413975102 45.8037150849576),FALSE,2019,22,Invasive Alien Species in Europe,https://easin.jrc.ec.europa.eu/ias/speciesreport/details/5dcbc5f614ca6438c35e7955,2025-07-11T16:39:31.517
[WGS84 - EPSG:4326],Ailanthus altissima,3455F1FE-645E-F011-9112-08F1EAD81ED0,99259621,R00460,SI,POINT (14.4841886696989 46.0702971533264),FALSE,2019,22,Invasive Alien Species in Europe,https://easin.jrc.ec.europa.eu/ias/speciesreport/details/5d89b904aff686f19b23fdc3,2025-07-11T16:39:31.517
[WGS84 - EPSG:4326],Ctenopharyngodon idella,3555F1FE-645E-F011-9112-08F1EAD81ED0,99259629,R04517,BG,POINT (22.930816411972 43.8203701599607),FALSE,2019,22,Invasive Alien Species in Europe,https://easin.jrc.ec.europa.eu/ias/speciesreport/details/5dee0ee11d2b6741a2e01f4e,2025-07-11T16:39:31.517
[WGS84 - EPSG:4326],Ailanthus altissima,3855F1FE-645E-F011-9112-08F1EAD81ED0,99259637,R00460,IT,POINT (8.72613674702412 45.8426639365513),FALSE,2019,22,Invasive Alien Species in Europe,https://easin.jrc.ec.europa.eu/ias/speciesreport/details/5d9d860421dc7b184f5b8091,2025-07-11T16:39:31.517
[WGS84 - EPSG:4326],Ailanthus altissima,3C55F1FE-645E-F011-9112-08F1EAD81ED0,99259645,R00460,IT,POINT (8.81639865422813 45.8374873417558),FALSE,2019,22,Invasive Alien Species in Europe,https://easin.jrc.ec.europa.eu/ias/speciesreport/details/5d9d7be321dc7b184f5b8086,2025-07-11T16:39:31.517
[WGS84 - EPSG:4326],Ailanthus altissima,1655F1FE-645E-F011-9112-08F1EAD81ED0,99259653,R00460,IT,POINT (8.6449913 45.8177492),FALSE,2019,22,Invasive Alien Species in Europe,https://easin.jrc.ec.europa.eu/ias/speciesreport/details/5da6bc2121dc7b184f5b80cc,2025-07-11T16:39:31.517
[WGS84 - EPSG:4326],Ailanthus altissima,0E55F1FE-645E-F011-9112-08F1EAD81ED0,99259661,R00460,IT,POINT (8.81437049877317 45.8431165550223),FALSE,2019,22,Invasive Alien Species in Europe,https://easin.jrc.ec.europa.eu/ias/speciesreport/details/5d9c21ff21dc7b184f5b8074,2025-07-11T16:39:31.517
[WGS84 - EPSG:4326],Ailanthus altissima,2455F1FE-645E-F011-9112-08F1EAD81ED0,99259669,R00460,IT,POINT (8.83469443970059 45.7970544702711),FALSE,2019,22,Invasive Alien Species in Europe,https://easin.jrc.ec.europa.eu/ias/speciesreport/details/5dcbb69714ca6438c35e794d,2025-07-11T16:39:31.517
[WGS84 - EPSG:4326],Ailanthus altissima,2555F1FE-645E-F011-9112-08F1EAD81ED0,99259677,R00460,IT,POINT (8.65196808283308 45.8954073222327),FALSE,2019,22,Invasive Alien Species in Europe,https://easin.jrc.ec.europa.eu/ias/speciesreport/details/5da9dbe721dc7b184f5b80e3,2025-07-11T16:39:31.517
[WGS84 - EPSG:4326],Ailanthus altissima,2655F1FE-645E-F011-9112-08F1EAD81ED0,99259685,R00460,IT,POINT (8.79191427268017 45.8088946793036),FALSE,2019,22,Invasive Alien Species in Europe,https://easin.jrc.ec.europa.eu/ias/speciesreport/details/5dbd5f3837d867c837cbbf16,2025-07-11T16:39:31.517
[WGS84 - EPSG:4326],Ailanthus altissima,2955F1FE-645E-F011-9112-08F1EAD81ED0,99259693,R00460,IT,POINT (8.71379779270137 45.8464361560775),FALSE,2019,22,Invasive Alien Species in Europe,https://easin.jrc.ec.europa.eu/ias/speciesreport/details/5d9ed1f021dc7b184f5b80a2,2025-07-11T16:39:31.517
[WGS84 - EPSG:4326],Dreissena rostriformis,B654F1FE-645E-F011-9112-08F1EAD81ED0,99259701,R05291,BG,POINT (22.8588795661926 43.9441673143779),FALSE,2019,22,Invasive Alien Species in Europe,https://easin.jrc.ec.europa.eu/ias/speciesreport/details/5debc6ce1d2b6741a2e01f47,2025-07-11T16:39:31.517
[WGS84 - EPSG:4326],Ailanthus altissima,BD54F1FE-645E-F011-9112-08F1EAD81ED0,99259709,R00460,IT,POINT (8.7124767 45.8422277),FALSE,2019,22,Invasive Alien Species in Europe,https://easin.jrc.ec.europa.eu/ias/speciesreport/details/5da8014221dc7b184f5b80d3,2025-07-11T16:39:31.517
[WGS84 - EPSG:4326],Ailanthus altissima,A554F1FE-645E-F011-9112-08F1EAD81ED0,99259717,R00460,SI,POINT (14.4935493648814 46.0650226534353),FALSE,2019,22,Invasive Alien Species in Europe,https://easin.jrc.ec.europa.eu/ias/speciesreport/details/5d8a44cdaff686f19b23fdc5,2025-07-11T16:39:31.517
[WGS84 - EPSG:4326],Ailanthus altissima,7D54F1FE-645E-F011-9112-08F1EAD81ED0,99259725,R00460,IT,POINT (8.81262304708013 45.838938157941),FALSE,2019,22,Invasive Alien Species in Europe,https://easin.jrc.ec.europa.eu/ias/speciesreport/details/5d9d7ea821dc7b184f5b808a,2025-07-11T16:39:31.517
[WGS84 - EPSG:4326],Sinanodonta woodiana,8B54F1FE-645E-F011-9112-08F1EAD81ED0,99259733,R14111,RS,POINT (20.316304 45.1842363),FALSE,2019,22,Invasive Alien Species in Europe,https://easin.jrc.ec.europa.eu/ias/speciesreport/details/5d21f037589d2309ab122d76,2025-07-11T16:39:31.517
[WGS84 - EPSG:4326],Faxonius limosus,9354F1FE-645E-F011-9112-08F1EAD81ED0,99259741,R10443,RS,POINT (20.0846124 45.0420256),FALSE,2019,22,Invasive Alien Species in Europe,https://easin.jrc.ec.europa.eu/ias/speciesreport/details/5cf7eb3420ec8f09b1d123bc,2025-07-11T16:39:31.517
[WGS84 - EPSG:4326],Ailanthus altissima,9954F1FE-645E-F011-9112-08F1EAD81ED0,99259749,R00460,IT,POINT (8.6069576348126 45.798104669045),FALSE,2019,22,Invasive Alien Species in Europe,https://easin.jrc.ec.europa.eu/ias/speciesreport/details/5d9aed3521dc7b184f5b8067,2025-07-11T16:39:31.517
[WGS84 - EPSG:4326],Ailanthus altissima,9B54F1FE-645E-F011-9112-08F1EAD81ED0,99259757,R00460,IT,POINT (8.61548397269654 45.8537618704213),FALSE,2019,22,Invasive Alien Species in Europe,https://easin.jrc.ec.europa.eu/ias/speciesreport/details/5db2a70721dc7b184f5b80f9,2025-07-11T16:39:31.517
[WGS84 - EPSG:4326],Corbicula fluminea,3C54F1FE-645E-F011-9112-08F1EAD81ED0,99259765,R04013,BG,POINT (25.6118988990784 43.6144461266121),FALSE,2019,22,Invasive Alien Species in Europe,https://easin.jrc.ec.europa.eu/ias/speciesreport/details/5d6ad1c0f753e44034c34826,2025-07-11T16:39:31.517
[WGS84 - EPSG:4326],Myocastor coypus,4654F1FE-645E-F011-9112-08F1EAD81ED0,99259773,R09720,CZ,POINT (14.4186866283417 50.0566083844879),FALSE,2019,22,Invasive Alien Species in Europe,https://easin.jrc.ec.europa.eu/ias/speciesreport/details/5c72f39e945cea09ab19c083,2025-07-11T16:39:31.517
[WGS84 - EPSG:4326],Ailanthus altissima,4954F1FE-645E-F011-9112-08F1EAD81ED0,99259781,R00460,IT,POINT (8.60748859376999 45.7985976825241),FALSE,2019,22,Invasive Alien Species in Europe,https://easin.jrc.ec.europa.eu/ias/speciesreport/details/5d9aec9d21dc7b184f5b8065,2025-07-11T16:39:31.517
[WGS84 - EPSG:4326],Ailanthus altissima,5854F1FE-645E-F011-9112-08F1EAD81ED0,99259789,R00460,SI,POINT (14.4938789193146 46.0650203499249),FALSE,2019,22,Invasive Alien Species in Europe,https://easin.jrc.ec.europa.eu/ias/speciesreport/details/5d8a463baff686f19b23fdc6,2025-07-11T16:39:31.517
[WGS84 - EPSG:4326],Ailanthus altissima,5D54F1FE-645E-F011-9112-08F1EAD81ED0,99259797,R00460,IT,POINT (8.72693857389219 45.842761695367),FALSE,2019,22,Invasive Alien Species in Europe,https://easin.jrc.ec.europa.eu/ias/speciesreport/details/5d9d871521dc7b184f5b8092,2025-07-11T16:39:31.517
[WGS84 - EPSG:4326],Corbicula fluminea,7754F1FE-645E-F011-9112-08F1EAD81ED0,99259805,R04013,BG,POINT (25.8335137367249 43.2013437393933),FALSE,2019,22,Invasive Alien Species in Europe,https://easin.jrc.ec.europa.eu/ias/speciesreport/details/5d6ace53f753e44034c34823,2025-07-11T16:39:31.517
[WGS84 - EPSG:4326],Ailanthus altissima,4E53F1FE-645E-F011-9112-08F1EAD81ED0,99259813,R00460,IT,POINT (8.60140128185103 45.7925664087708),FALSE,2019,22,Invasive Alien Species in Europe,https://easin.jrc.ec.europa.eu/ias/speciesreport/details/5da9afe621dc7b184f5b80d9,2025-07-11T16:39:31.517
[WGS84 - EPSG:4326],Ailanthus altissima,4C53F1FE-645E-F011-9112-08F1EAD81ED0,99259821,R00460,IT,POINT (8.61181224066367 45.8783117545502),FALSE,2019,22,Invasive Alien Species in Europe,https://easin.jrc.ec.europa.eu/ias/speciesreport/details/5db2a2e721dc7b184f5b80f6,2025-07-11T16:39:31.517
[WGS84 - EPSG:4326],Ailanthus altissima,5553F1FE-645E-F011-9112-08F1EAD81ED0,99259829,R00460,IT,POINT (8.83467716007293 45.7969760516621),FALSE,2019,22,Invasive Alien Species in Europe,https://easin.jrc.ec.europa.eu/ias/speciesreport/details/5dcbb76c14ca6438c35e794e,2025-07-11T16:39:31.517
[WGS84 - EPSG:4326],Ailanthus altissima,5953F1FE-645E-F011-9112-08F1EAD81ED0,99259837,R00460,IT,POINT (8.8250071680072 45.8230975967066),FALSE,2019,22,Invasive Alien Species in Europe,https://easin.jrc.ec.europa.eu/ias/speciesreport/details/5dbd423837d867c837cbbf0d,2025-07-11T16:39:31.517
[WGS84 - EPSG:4326],Ailanthus altissima,4753F1FE-645E-F011-9112-08F1EAD81ED0,99259845,R00460,IT,POINT (8.7137909 45.8459421),FALSE,2019,22,Invasive Alien Species in Europe,https://easin.jrc.ec.europa.eu/ias/speciesreport/details/5d9ec5ea21dc7b184f5b8097,2025-07-11T16:39:31.517
[WGS84 - EPSG:4326],Ailanthus altissima,3C53F1FE-645E-F011-9112-08F1EAD81ED0,99259853,R00460,RO,POINT (26.1099289 44.4062),FALSE,2019,22,Invasive Alien Species in Europe,https://easin.jrc.ec.europa.eu/ias/speciesreport/details/5d9e01f121dc7b184f5b8094,2025-07-11T16:39:31.517
[WGS84 - EPSG:4326],Corbicula fluminea,1C53F1FE-645E-F011-9112-08F1EAD81ED0,99259861,R04013,BG,POINT (25.7305976872158 43.1530059437344),FALSE,2019,22,Invasive Alien Species in Europe,https://easin.jrc.ec.europa.eu/ias/speciesreport/details/5d6acc3af753e44034c34822,2025-07-11T16:39:31.517
[WGS84 - EPSG:4326],Ailanthus altissima,1053F1FE-645E-F011-9112-08F1EAD81ED0,99259869,R00460,IT,POINT (8.78040747855253 45.8373817682347),FALSE,2019,22,Invasive Alien Species in Europe,https://easin.jrc.ec.europa.eu/ias/speciesreport/details/5d9f533621dc7b184f5b80a5,2025-07-11T16:39:31.517
[WGS84 - EPSG:4326],Corbicula fluminea,1253F1FE-645E-F011-9112-08F1EAD81ED0,99259877,R04013,BG,POINT (25.5572140216827 43.2084680837047),FALSE,2019,22,Invasive Alien Species in Europe,https://easin.jrc.ec.europa.eu/ias/speciesreport/details/5d6acab4f753e44034c34821,2025-07-11T16:39:31.517
[WGS84 - EPSG:4326],Ailanthus altissima,1353F1FE-645E-F011-9112-08F1EAD81ED0,99259885,R00460,IT,POINT (8.71524956373996 45.8452628392113),FALSE,2019,22,Invasive Alien Species in Europe,https://easin.jrc.ec.europa.eu/ias/speciesreport/details/5d9ec77221dc7b184f5b809a,2025-07-11T16:39:31.517
[WGS84 - EPSG:4326],Carassius gibelio,2853F1FE-645E-F011-9112-08F1EAD81ED0,99259893,R02744,BG,POINT (22.9215184558416 43.8132581927781),FALSE,2019,22,Invasive Alien Species in Europe,https://easin.jrc.ec.europa.eu/ias/speciesreport/details/5debb1ab1d2b6741a2e01f41,2025-07-11T16:39:31.517
[WGS84 - EPSG:4326],Ailanthus altissima,3153F1FE-645E-F011-9112-08F1EAD81ED0,99259901,R00460,IT,POINT (8.72208619142181 45.8444292198375),FALSE,2019,22,Invasive Alien Species in Europe,https://easin.jrc.ec.europa.eu/ias/speciesreport/details/5d9adf3d21dc7b184f5b8058,2025-07-11T16:39:31.517
[WGS84 - EPSG:4326],Ailanthus altissima,3253F1FE-645E-F011-9112-08F1EAD81ED0,99259909,R00460,IT,POINT (8.81119569753056 45.8240869393086),FALSE,2019,22,Invasive Alien Species in Europe,https://easin.jrc.ec.europa.eu/ias/speciesreport/details/5dbfe31037d867c837cbbf21,2025-07-11T16:39:31.517
[WGS84 - EPSG:4326],Ailanthus altissima,3753F1FE-645E-F011-9112-08F1EAD81ED0,99259917,R00460,IT,POINT (8.64504927873836 45.8178981654286),FALSE,2019,22,Invasive Alien Species in Europe,https://easin.jrc.ec.europa.eu/ias/speciesreport/details/5da6bdac21dc7b184f5b80ce,2025-07-11T16:39:31.517
[WGS84 - EPSG:4326],Ailanthus altissima,9253F1FE-645E-F011-9112-08F1EAD81ED0,99259925,R00460,IT,POINT (8.81514268200687 45.8430394352439),FALSE,2019,22,Invasive Alien Species in Europe,https://easin.jrc.ec.europa.eu/ias/speciesreport/details/5d9c217421dc7b184f5b8073,2025-07-11T16:39:31.517
[WGS84 - EPSG:4326],Gymnocoronis spilanthoides,A153F1FE-645E-F011-9112-08F1EAD81ED0,99259933,R06930,NL,POINT (5.0109146 52.095306),FALSE,2019,22,Invasive Alien Species in Europe,https://easin.jrc.ec.europa.eu/ias/speciesreport/details/5dc2a00d45d0d0f20cec61a1,2025-07-11T16:39:31.517
[WGS84 - EPSG:4326],Ailanthus altissima,A353F1FE-645E-F011-9112-08F1EAD81ED0,99259941,R00460,IT,POINT (8.81639131765931 45.8191141041552),FALSE,2019,22,Invasive Alien Species in Europe,https://easin.jrc.ec.europa.eu/ias/speciesreport/details/5dbfdec437d867c837cbbf1b,2025-07-11T16:39:31.517
[WGS84 - EPSG:4326],Ailanthus altissima,A853F1FE-645E-F011-9112-08F1EAD81ED0,99259949,R00460,IT,POINT (8.80698708229579 45.8253740602617),FALSE,2019,22,Invasive Alien Species in Europe,https://easin.jrc.ec.europa.eu/ias/speciesreport/details/5dbfeb8b37d867c837cbbf29,2025-07-11T16:39:31.517
[WGS84 - EPSG:4326],Ailanthus altissima,8653F1FE-645E-F011-9112-08F1EAD81ED0,99259957,R00460,IT,POINT (8.6479897555398 45.8244637683679),FALSE,2019,22,Invasive Alien Species in Europe,https://easin.jrc.ec.europa.eu/ias/speciesreport/details/5d9ca9ef21dc7b184f5b8082,2025-07-11T16:39:31.517
[WGS84 - EPSG:4326],Corbicula fluminea,8C53F1FE-645E-F011-9112-08F1EAD81ED0,99259965,R04013,BG,POINT (26.2838083505631 44.008396334828),FALSE,2019,22,Invasive Alien Species in Europe,https://easin.jrc.ec.europa.eu/ias/speciesreport/details/5debe3381d2b6741a2e01f4c,2025-07-11T16:39:31.517
[WGS84 - EPSG:4326],Corbicula fluminea,5E53F1FE-645E-F011-9112-08F1EAD81ED0,99259973,R04013,BG,POINT (22.8391170501709 43.9410927096749),FALSE,2019,22,Invasive Alien Species in Europe,https://easin.jrc.ec.europa.eu/ias/speciesreport/details/5debac4b1d2b6741a2e01f3c,2025-07-11T16:39:31.517
[WGS84 - EPSG:4326],Corbicula fluminea,5F53F1FE-645E-F011-9112-08F1EAD81ED0,99259981,R04013,BG,POINT (25.9184539318085 43.8143009023577),FALSE,2019,22,Invasive Alien Species in Europe,https://easin.jrc.ec.europa.eu/ias/speciesreport/details/5de92beb1d2b6741a2e01f36,2025-07-11T16:39:31.517
[WGS84 - EPSG:4326],Ailanthus altissima,6453F1FE-645E-F011-9112-08F1EAD81ED0,99259989,R00460,IT,POINT (8.7968792113712 45.8380546788732),FALSE,2019,22,Invasive Alien Species in Europe,https://easin.jrc.ec.europa.eu/ias/speciesreport/details/5d9c2c3821dc7b184f5b8079,2025-07-11T16:39:31.517
[WGS84 - EPSG:4326],Ailanthus altissima,6A53F1FE-645E-F011-9112-08F1EAD81ED0,99259997,R00460,IT,POINT (8.60720621307213 45.7983045584338),FALSE,2019,22,Invasive Alien Species in Europe,https://easin.jrc.ec.europa.eu/ias/speciesreport/details/5d9aecee21dc7b184f5b8066,2025-07-11T16:39:31.517
[WGS84 - EPSG:4326],Ailanthus altissima,6B53F1FE-645E-F011-9112-08F1EAD81ED0,99260005,R00460,IT,POINT (8.7135515688205 45.8459865508779),FALSE,2019,22,Invasive Alien Species in Europe,https://easin.jrc.ec.europa.eu/ias/speciesreport/details/5d9ecc2f21dc7b184f5b80a0,2025-07-11T16:39:31.517
[WGS84 - EPSG:4326],Arundo donax,7353F1FE-645E-F011-9112-08F1EAD81ED0,99260013,R01515,PT,POINT (-9.07860159873962 38.9900030349883),FALSE,2019,22,Invasive Alien Species in Europe,https://easin.jrc.ec.europa.eu/ias/speciesreport/details/5ddbcae0cfba5d150d897890,2025-07-11T16:39:31.517
[WGS84 - EPSG:4326],Ailanthus altissima,7A53F1FE-645E-F011-9112-08F1EAD81ED0,99260021,R00460,IT,POINT (8.81440531462418 45.8387618241385),FALSE,2019,22,Invasive Alien Species in Europe,https://easin.jrc.ec.europa.eu/ias/speciesreport/details/5d9d804a21dc7b184f5b808d,2025-07-11T16:39:31.517
[WGS84 - EPSG:4326],Ailanthus altissima,F953F1FE-645E-F011-9112-08F1EAD81ED0,99260029,R00460,IT,POINT (8.7335727 45.8422304),FALSE,2019,22,Invasive Alien Species in Europe,https://easin.jrc.ec.europa.eu/ias/speciesreport/details/5da4126221dc7b184f5b80b9,2025-07-11T16:39:31.517
[WGS84 - EPSG:4326],Ailanthus altissima,FE53F1FE-645E-F011-9112-08F1EAD81ED0,99260037,R00460,IT,POINT (8.80521557571431 45.8373946919812),FALSE,2019,22,Invasive Alien Species in Europe,https://easin.jrc.ec.europa.eu/ias/speciesreport/details/5dab2b5a21dc7b184f5b80ea,2025-07-11T16:39:31.517
[WGS84 - EPSG:4326],Myocastor coypus,F153F1FE-645E-F011-9112-08F1EAD81ED0,99260045,R09720,CZ,POINT (14.9403762817383 50.356906683617),FALSE,2019,22,Invasive Alien Species in Europe,https://easin.jrc.ec.europa.eu/ias/speciesreport/details/5c72f318945cea09ab19c082,2025-07-11T16:39:31.517
[WGS84 - EPSG:4326],Lepomis gibbosus,F353F1FE-645E-F011-9112-08F1EAD81ED0,99260053,R08376,BG,POINT (22.7670729160309 44.0704669108567),FALSE,2019,22,Invasive Alien Species in Europe,https://easin.jrc.ec.europa.eu/ias/speciesreport/details/5d597a98e06738509c214a7c,2025-07-11T16:39:31.517
[WGS84 - EPSG:4326],Ailanthus altissima,F553F1FE-645E-F011-9112-08F1EAD81ED0,99260061,R00460,IT,POINT (8.66128653277426 45.8406084437389),FALSE,2019,22,Invasive Alien Species in Europe,https://easin.jrc.ec.europa.eu/ias/speciesreport/details/5d9aeb4621dc7b184f5b8063,2025-07-11T16:39:31.517
[WGS84 - EPSG:4326],Ailanthus altissima,1854F1FE-645E-F011-9112-08F1EAD81ED0,99260069,R00460,IT,POINT (8.84561753051294 45.6425793332969),FALSE,2019,22,Invasive Alien Species in Europe,https://easin.jrc.ec.europa.eu/ias/speciesreport/details/5da5ecd321dc7b184f5b80c9,2025-07-11T16:39:31.517
[WGS84 - EPSG:4326],Corbicula fluminea,1D54F1FE-645E-F011-9112-08F1EAD81ED0,99260077,R04013,BG,POINT (23.2512599229813 43.8188180679693),FALSE,2019,22,Invasive Alien Species in Europe,https://easin.jrc.ec.europa.eu/ias/speciesreport/details/5debd4301d2b6741a2e01f4a,2025-07-11T16:39:31.517
[WGS84 - EPSG:4326],Ailanthus altissima,2254F1FE-645E-F011-9112-08F1EAD81ED0,99260085,R00460,SI,POINT (14.4964643723224 46.0610297188838),FALSE,2019,22,Invasive Alien Species in Europe,https://easin.jrc.ec.europa.eu/ias/speciesreport/details/5d8a778faff686f19b23fdc8,2025-07-11T16:39:31.517
[WGS84 - EPSG:4326],Ailanthus altissima,2354F1FE-645E-F011-9112-08F1EAD81ED0,99260093,R00460,IT,POINT (8.65100782410612 45.8967115788485),FALSE,2019,22,Invasive Alien Species in Europe,https://easin.jrc.ec.europa.eu/ias/speciesreport/details/5da9dd5c21dc7b184f5b80e5,2025-07-11T16:39:31.517
[WGS84 - EPSG:4326],Faxonius limosus,C353F1FE-645E-F011-9112-08F1EAD81ED0,99260101,R10443,BG,POINT (22.8391116857529 43.9411274736821),FALSE,2019,22,Invasive Alien Species in Europe,https://easin.jrc.ec.europa.eu/ias/speciesreport/details/5debac921d2b6741a2e01f3d,2025-07-11T16:39:31.517
[WGS84 - EPSG:4326],Faxonius limosus,C753F1FE-645E-F011-9112-08F1EAD81ED0,99260109,R10443,HR,POINT (18.8590987 45.8552547),FALSE,2019,22,Invasive Alien Species in Europe,https://easin.jrc.ec.europa.eu/ias/speciesreport/details/5d2359c6589d2309ab122d7d,2025-07-11T16:39:31.517
[WGS84 - EPSG:4326],Impatiens glandulifera,B953F1FE-645E-F011-9112-08F1EAD81ED0,99260117,R07719,UK,POINT (-2.19751010174729 52.9636769835296),FALSE,2019,22,Invasive Alien Species in Europe,https://easin.jrc.ec.europa.eu/ias/speciesreport/details/5d9e17c121dc7b184f5b8096,2025-07-11T16:39:31.517
[WGS84 - EPSG:4326],Faxonius limosus,CB53F1FE-645E-F011-9112-08F1EAD81ED0,99260125,R10443,HU,POINT (18.8597883 47.8102657),FALSE,2019,22,Invasive Alien Species in Europe,https://easin.jrc.ec.europa.eu/ias/speciesreport/details/5d1b4c4707d8df0aa659db8e,2025-07-11T16:39:31.517
[WGS84 - EPSG:4326],Ailanthus altissima,AB53F1FE-645E-F011-9112-08F1EAD81ED0,99260133,R00460,IT,POINT (8.722257604 45.845041263),FALSE,2019,22,Invasive Alien Species in Europe,https://easin.jrc.ec.europa.eu/ias/speciesreport/details/5d9ae06621dc7b184f5b805a,2025-07-11T16:39:31.517
[WGS84 - EPSG:4326],Faxonius limosus,B053F1FE-645E-F011-9112-08F1EAD81ED0,99260141,R10443,RO,POINT (21.3305722 44.8139841),FALSE,2019,22,Invasive Alien Species in Europe,https://easin.jrc.ec.europa.eu/ias/speciesreport/details/5d224d3a589d2309ab122d7b,2025-07-11T16:39:31.517
[WGS84 - EPSG:4326],Sinanodonta woodiana,D353F1FE-645E-F011-9112-08F1EAD81ED0,99260149,R14111,RS,POINT (20.6494403 44.8559243),FALSE,2019,22,Invasive Alien Species in Europe,https://easin.jrc.ec.europa.eu/ias/speciesreport/details/5d209910589d2309ab122d74,2025-07-11T16:39:31.517
[WGS84 - EPSG:4326],Ailanthus altissima,D453F1FE-645E-F011-9112-08F1EAD81ED0,99260157,R00460,SI,POINT (14.4846817651398 46.0707881709128),FALSE,2019,22,Invasive Alien Species in Europe,https://easin.jrc.ec.europa.eu/ias/speciesreport/details/5d89b43faff686f19b23fdc0,2025-07-11T16:39:31.517
[WGS84 - EPSG:4326],Ailanthus altissima,D153F1FE-645E-F011-9112-08F1EAD81ED0,99260165,R00460,IT,POINT (8.66110841122951 45.8404793997903),FALSE,2019,22,Invasive Alien Species in Europe,https://easin.jrc.ec.europa.eu/ias/speciesreport/details/5d9ed42421dc7b184f5b80a3,2025-07-11T16:39:31.517
[WGS84 - EPSG:4326],Ailanthus altissima,DA53F1FE-645E-F011-9112-08F1EAD81ED0,99260173,R00460,SI,POINT (14.4952833439025 46.0625182433185),FALSE,2019,22,Invasive Alien Species in Europe,https://easin.jrc.ec.europa.eu/ias/speciesreport/details/5d8a46efaff686f19b23fdc7,2025-07-11T16:39:31.517
[WGS84 - EPSG:4326],Ailanthus altissima,E353F1FE-645E-F011-9112-08F1EAD81ED0,99260181,R00460,IT,POINT (8.845656446 45.642497098),FALSE,2019,22,Invasive Alien Species in Europe,https://easin.jrc.ec.europa.eu/ias/speciesreport/details/5da5ec6921dc7b184f5b80c8,2025-07-11T16:39:31.517
[WGS84 - EPSG:4326],Sinanodonta woodiana,5755F1FE-645E-F011-9112-08F1EAD81ED0,99260429,R14111,RO,POINT (21.3305722 44.8139841),FALSE,2019,22,Invasive Alien Species in Europe,https://easin.jrc.ec.europa.eu/ias/speciesreport/details/5d224c3a589d2309ab122d7a,2025-07-11T16:39:31.517
[WGS84 - EPSG:4326],Ailanthus altissima,6555F1FE-645E-F011-9112-08F1EAD81ED0,99260437,R00460,IT,POINT (8.71852269180757 45.8447266151006),FALSE,2019,22,Invasive Alien Species in Europe,https://easin.jrc.ec.europa.eu/ias/speciesreport/details/5d9ae44e21dc7b184f5b8061,2025-07-11T16:39:31.517
[WGS84 - EPSG:4326],Ailanthus altissima,6F55F1FE-645E-F011-9112-08F1EAD81ED0,99260445,R00460,IT,POINT (8.60548747494237 45.7968219177387),FALSE,2019,22,Invasive Alien Species in Europe,https://easin.jrc.ec.europa.eu/ias/speciesreport/details/5d9aefeb21dc7b184f5b806e,2025-07-11T16:39:31.517
[WGS84 - EPSG:4326],Faxonius limosus,7055F1FE-645E-F011-9112-08F1EAD81ED0,99260453,R10443,BG,POINT (22.8588844599881 43.9441698723441),FALSE,2019,22,Invasive Alien Species in Europe,https://easin.jrc.ec.europa.eu/ias/speciesreport/details/5debc6e61d2b6741a2e01f48,2025-07-11T16:39:31.517
[WGS84 - EPSG:4326],Ailanthus altissima,7555F1FE-645E-F011-9112-08F1EAD81ED0,99260461,R00460,IT,POINT (8.82153634109841 45.8279512325496),FALSE,2019,22,Invasive Alien Species in Europe,https://easin.jrc.ec.europa.eu/ias/speciesreport/details/5da01cd821dc7b184f5b80a9,2025-07-11T16:39:31.517
[WGS84 - EPSG:4326],Ailanthus altissima,4855F1FE-645E-F011-9112-08F1EAD81ED0,99260469,R00460,IT,POINT (8.53245736512191 45.8841816270279),FALSE,2019,22,Invasive Alien Species in Europe,https://easin.jrc.ec.europa.eu/ias/speciesreport/details/5dc278c637d867c837cbbf2c,2025-07-11T16:39:31.517
[WGS84 - EPSG:4326],Ailanthus altissima,7955F1FE-645E-F011-9112-08F1EAD81ED0,99260477,R00460,IT,POINT (8.6061032248445 45.7974527000972),FALSE,2019,22,Invasive Alien Species in Europe,https://easin.jrc.ec.europa.eu/ias/speciesreport/details/5d9aee7021dc7b184f5b806a,2025-07-11T16:39:31.517
[WGS84 - EPSG:4326],Ailanthus altissima,8855F1FE-645E-F011-9112-08F1EAD81ED0,99260485,R00460,IT,POINT (8.81183239386737 45.8240186485035),FALSE,2019,22,Invasive Alien Species in Europe,https://easin.jrc.ec.europa.eu/ias/speciesreport/details/5dbfe39337d867c837cbbf22,2025-07-11T16:39:31.517
[WGS84 - EPSG:4326],Corbicula fluminea,8C55F1FE-645E-F011-9112-08F1EAD81ED0,99260493,R04013,BG,POINT (25.7244980335236 43.4690622753764),FALSE,2019,22,Invasive Alien Species in Europe,https://easin.jrc.ec.europa.eu/ias/speciesreport/details/5d6ad2def753e44034c34827,2025-07-11T16:39:31.517
[WGS84 - EPSG:4326],Pseudorasbora parva,9C55F1FE-645E-F011-9112-08F1EAD81ED0,99260501,R12451,BG,POINT (26.8292710838432 44.0993114875932),FALSE,2019,22,Invasive Alien Species in Europe,https://easin.jrc.ec.europa.eu/ias/speciesreport/details/5d41c17c969578791a73d92e,2025-07-11T16:39:31.517
[WGS84 - EPSG:4326],Ailanthus altissima,9D55F1FE-645E-F011-9112-08F1EAD81ED0,99260509,R00460,IT,POINT (8.81048987549755 45.824526756662),FALSE,2019,22,Invasive Alien Species in Europe,https://easin.jrc.ec.europa.eu/ias/speciesreport/details/5dbfe16737d867c837cbbf1e,2025-07-11T16:39:31.517
[WGS84 - EPSG:4326],Myriophyllum heterophyllum,9E55F1FE-645E-F011-9112-08F1EAD81ED0,99260517,R09747,NL,POINT (5.0098281 52.0952229),FALSE,2019,22,Invasive Alien Species in Europe,https://easin.jrc.ec.europa.eu/ias/speciesreport/details/5dc2a01045d0d0f20cec61a2,2025-07-11T16:39:31.517
[WGS84 - EPSG:4326],Ailanthus altissima,D751F1FE-645E-F011-9112-08F1EAD81ED0,99260565,R00460,IT,POINT (8.76511884572913 45.8395818617294),FALSE,2019,22,Invasive Alien Species in Europe,https://easin.jrc.ec.europa.eu/ias/speciesreport/details/5da88f8d21dc7b184f5b80d5,2025-07-11T16:39:31.517
[WGS84 - EPSG:4326],Sinanodonta woodiana,B251F1FE-645E-F011-9112-08F1EAD81ED0,99260573,R14111,BG,POINT (25.9519363 43.8532004),FALSE,2019,22,Invasive Alien Species in Europe,https://easin.jrc.ec.europa.eu/ias/speciesreport/details/5d972d6a21dc7b184f5b8053,2025-07-11T16:39:31.517
[WGS84 - EPSG:4326],Ailanthus altissima,C151F1FE-645E-F011-9112-08F1EAD81ED0,99260581,R00460,IT,POINT (8.79122657426438 45.8085561295926),FALSE,2019,22,Invasive Alien Species in Europe,https://easin.jrc.ec.europa.eu/ias/speciesreport/details/5dbd5e8e37d867c837cbbf15,2025-07-11T16:39:31.517
[WGS84 - EPSG:4326],Ailanthus altissima,9051F1FE-645E-F011-9112-08F1EAD81ED0,99260589,R00460,IT,POINT (13.7703350922412 45.6474294605259),FALSE,2019,22,Invasive Alien Species in Europe,https://easin.jrc.ec.europa.eu/ias/speciesreport/details/5daf24a721dc7b184f5b80ee,2025-07-11T16:39:31.517
[WGS84 - EPSG:4326],Ailanthus altissima,9E51F1FE-645E-F011-9112-08F1EAD81ED0,99260597,R00460,IT,POINT (8.71510452920554 45.8448207140781),FALSE,2019,22,Invasive Alien Species in Europe,https://easin.jrc.ec.europa.eu/ias/speciesreport/details/5d9ecaf221dc7b184f5b809f,2025-07-11T16:39:31.517
[WGS84 - EPSG:4326],Sinanodonta woodiana,A051F1FE-645E-F011-9112-08F1EAD81ED0,99260605,R14111,BG,POINT (22.9259723424912 43.820118576717),FALSE,2019,22,Invasive Alien Species in Europe,https://easin.jrc.ec.europa.eu/ias/speciesreport/details/5debb4f01d2b6741a2e01f42,2025-07-11T16:39:31.517
[WGS84 - EPSG:4326],Ailanthus altissima,A551F1FE-645E-F011-9112-08F1EAD81ED0,99260613,R00460,IT,POINT (8.8163756 45.8372973),FALSE,2019,22,Invasive Alien Species in Europe,https://easin.jrc.ec.europa.eu/ias/speciesreport/details/5d9d7aea21dc7b184f5b8084,2025-07-11T16:39:31.517
[WGS84 - EPSG:4326],Dreissena polymorpha,AB51F1FE-645E-F011-9112-08F1EAD81ED0,99260621,R05292,RS,POINT (20.316304 45.1842363),FALSE,2019,22,Invasive Alien Species in Europe,https://easin.jrc.ec.europa.eu/ias/speciesreport/details/5d21f261589d2309ab122d77,2025-07-11T16:39:31.517
[WGS84 - EPSG:4326],Ailanthus altissima,4D51F1FE-645E-F011-9112-08F1EAD81ED0,99260629,R00460,IT,POINT (8.805199995638 45.8374294834077),FALSE,2019,22,Invasive Alien Species in Europe,https://easin.jrc.ec.europa.eu/ias/speciesreport/details/5dab2c7621dc7b184f5b80eb,2025-07-11T16:39:31.517
[WGS84 - EPSG:4326],Ailanthus altissima,5151F1FE-645E-F011-9112-08F1EAD81ED0,99260637,R00460,IT,POINT (8.8233442 45.8284074),FALSE,2019,22,Invasive Alien Species in Europe,https://easin.jrc.ec.europa.eu/ias/speciesreport/details/5d9873af21dc7b184f5b8054,2025-07-11T16:39:31.517
[WGS84 - EPSG:4326],Ailanthus altissima,5251F1FE-645E-F011-9112-08F1EAD81ED0,99260645,R00460,IT,POINT (9.236977 45.5510772),FALSE,2019,22,Invasive Alien Species in Europe,https://easin.jrc.ec.europa.eu/ias/speciesreport/details/5dd5060ccfba5d150d897885,2025-07-11T16:39:31.517
[WGS84 - EPSG:4326],Ailanthus altissima,5351F1FE-645E-F011-9112-08F1EAD81ED0,99260653,R00460,IT,POINT (8.488118858 45.20326024),FALSE,2019,22,Invasive Alien Species in Europe,https://easin.jrc.ec.europa.eu/ias/speciesreport/details/5d90a72b08717f095486f58c,2025-07-11T16:39:31.517
[WGS84 - EPSG:4326],Ailanthus altissima,6651F1FE-645E-F011-9112-08F1EAD81ED0,99260661,R00460,IT,POINT (8.65027498409848 45.8937572992662),FALSE,2019,22,Invasive Alien Species in Europe,https://easin.jrc.ec.europa.eu/ias/speciesreport/details/5da9d7b321dc7b184f5b80dc,2025-07-11T16:39:31.517
[WGS84 - EPSG:4326],Ailanthus altissima,6251F1FE-645E-F011-9112-08F1EAD81ED0,99260669,R00460,IT,POINT (8.81967155199926 45.826993904105),FALSE,2019,22,Invasive Alien Species in Europe,https://easin.jrc.ec.europa.eu/ias/speciesreport/details/5da020d921dc7b184f5b80b1,2025-07-11T16:39:31.517
[WGS84 - EPSG:4326],Ailanthus altissima,5651F1FE-645E-F011-9112-08F1EAD81ED0,99260677,R00460,IT,POINT (8.72163860606351 45.8438523510582),FALSE,2019,22,Invasive Alien Species in Europe,https://easin.jrc.ec.europa.eu/ias/speciesreport/details/5d9ae3e121dc7b184f5b8060,2025-07-11T16:39:31.517
[WGS84 - EPSG:4326],Procambarus clarkii,5D51F1FE-645E-F011-9112-08F1EAD81ED0,99260685,R12250,IT,POINT (8.6023143 45.7837726),FALSE,2019,22,Invasive Alien Species in Europe,https://easin.jrc.ec.europa.eu/ias/speciesreport/details/5d4fdda0969578791a73d932,2025-07-11T16:39:31.517
[WGS84 - EPSG:4326],Sinanodonta woodiana,7751F1FE-645E-F011-9112-08F1EAD81ED0,99260693,R14111,BG,POINT (23.6341238021851 43.7893206542927),FALSE,2019,22,Invasive Alien Species in Europe,https://easin.jrc.ec.europa.eu/ias/speciesreport/details/5d5981ffe06738509c214a7e,2025-07-11T16:39:31.517
[WGS84 - EPSG:4326],Faxonius limosus,7D51F1FE-645E-F011-9112-08F1EAD81ED0,99260701,R10443,RS,POINT (20.0858869 45.0473242),FALSE,2019,22,Invasive Alien Species in Europe,https://easin.jrc.ec.europa.eu/ias/speciesreport/details/5cf9479720ec8f09b1d123c1,2025-07-11T16:39:31.517
[WGS84 - EPSG:4326],Ailanthus altissima,4851F1FE-645E-F011-9112-08F1EAD81ED0,99260709,R00460,IT,POINT (8.60585533217684 45.7971666580876),FALSE,2019,22,Invasive Alien Species in Europe,https://easin.jrc.ec.europa.eu/ias/speciesreport/details/5d9b597421dc7b184f5b8072,2025-07-11T16:39:31.517
[WGS84 - EPSG:4326],Ailanthus altissima,8B51F1FE-645E-F011-9112-08F1EAD81ED0,99260717,R00460,IT,POINT (8.8270847 45.8314227),FALSE,2019,22,Invasive Alien Species in Europe,https://easin.jrc.ec.europa.eu/ias/speciesreport/details/5db416f421dc7b184f5b8101,2025-07-11T16:39:31.517
[WGS84 - EPSG:4326],Ailanthus altissima,FD50F1FE-645E-F011-9112-08F1EAD81ED0,99260725,R00460,RO,POINT (26.1079928 44.4056693),FALSE,2019,22,Invasive Alien Species in Europe,https://easin.jrc.ec.europa.eu/ias/speciesreport/details/5d94a1ce08717f095486f591,2025-07-11T16:39:31.517
[WGS84 - EPSG:4326],Ailanthus altissima,0151F1FE-645E-F011-9112-08F1EAD81ED0,99260733,R00460,IT,POINT (8.81639155287993 45.8374768922379),FALSE,2019,22,Invasive Alien Species in Europe,https://easin.jrc.ec.europa.eu/ias/speciesreport/details/5d9d7b5721dc7b184f5b8085,2025-07-11T16:39:31.517
[WGS84 - EPSG:4326],Sinanodonta woodiana,0251F1FE-645E-F011-9112-08F1EAD81ED0,99260741,R14111,BG,POINT (25.730522274971 43.1531132919561),FALSE,2019,22,Invasive Alien Species in Europe,https://easin.jrc.ec.europa.eu/ias/speciesreport/details/5d6aa290f753e44034c3481a,2025-07-11T16:39:31.517
[WGS84 - EPSG:4326],Sinanodonta woodiana,1551F1FE-645E-F011-9112-08F1EAD81ED0,99260749,R14111,RS,POINT (20.3605629 44.7711771),FALSE,2019,22,Invasive Alien Species in Europe,https://easin.jrc.ec.europa.eu/ias/speciesreport/details/5d25ea2d589d2309ab122d80,2025-07-11T16:39:31.517
[WGS84 - EPSG:4326],Ailanthus altissima,1B51F1FE-645E-F011-9112-08F1EAD81ED0,99260757,R00460,IT,POINT (8.80981523241283 45.8248199759752),FALSE,2019,22,Invasive Alien Species in Europe,https://easin.jrc.ec.europa.eu/ias/speciesreport/details/5dbfe05037d867c837cbbf1c,2025-07-11T16:39:31.517
[WGS84 - EPSG:4326],Corbicula fluminea,1F51F1FE-645E-F011-9112-08F1EAD81ED0,99260765,R04013,BG,POINT (25.5699169635773 43.6386763281404),FALSE,2019,22,Invasive Alien Species in Europe,https://easin.jrc.ec.europa.eu/ias/speciesreport/details/5d5a9b49e06738509c214a81,2025-07-11T16:39:31.517
[WGS84 - EPSG:4326],Myriophyllum heterophyllum,2151F1FE-645E-F011-9112-08F1EAD81ED0,99260773,R09747,BE,POINT (4.4917412 51.3292865),FALSE,2019,22,Invasive Alien Species in Europe,https://easin.jrc.ec.europa.eu/ias/speciesreport/details/5dc2efa445d0d0f20cec61a5,2025-07-11T16:39:31.517
[WGS84 - EPSG:4326],Sinanodonta woodiana,2451F1FE-645E-F011-9112-08F1EAD81ED0,99260781,R14111,BG,POINT (22.8588795661926 43.9441673143779),FALSE,2019,22,Invasive Alien Species in Europe,https://easin.jrc.ec.europa.eu/ias/speciesreport/details/5debc69d1d2b6741a2e01f45,2025-07-11T16:39:31.517
[WGS84 - EPSG:4326],Ailanthus altissima,2A51F1FE-645E-F011-9112-08F1EAD81ED0,99260789,R00460,IT,POINT (13.7703301567863 45.6477010625034),FALSE,2019,22,Invasive Alien Species in Europe,https://easin.jrc.ec.europa.eu/ias/speciesreport/details/5daf244b21dc7b184f5b80ed,2025-07-11T16:39:31.517
[WGS84 - EPSG:4326],Ailanthus altissima,3051F1FE-645E-F011-9112-08F1EAD81ED0,99260797,R00460,IT,POINT (8.84639932404171 45.6436579889496),FALSE,2019,22,Invasive Alien Species in Europe,https://easin.jrc.ec.europa.eu/ias/speciesreport/details/5da5ea9821dc7b184f5b80c5,2025-07-11T16:39:31.517
[WGS84 - EPSG:4326],Sinanodonta woodiana,3751F1FE-645E-F011-9112-08F1EAD81ED0,99260805,R14111,BG,POINT (25.7369813454898 43.2063061088348),FALSE,2019,22,Invasive Alien Species in Europe,https://easin.jrc.ec.europa.eu/ias/speciesreport/details/5d6aa688f753e44034c3481c,2025-07-11T16:39:31.517
[WGS84 - EPSG:4326],Ailanthus altissima,C150F1FE-645E-F011-9112-08F1EAD81ED0,99260813,R00460,SI,POINT (14.4939818142662 46.0651261086115),FALSE,2019,22,Invasive Alien Species in Europe,https://easin.jrc.ec.europa.eu/ias/speciesreport/details/5d8a785daff686f19b23fdc9,2025-07-11T16:39:31.517
[WGS84 - EPSG:4326],Dreissena polymorpha,AC50F1FE-645E-F011-9112-08F1EAD81ED0,99260821,R05292,HR,POINT (19.3830729 45.2341069),FALSE,2019,22,Invasive Alien Species in Europe,https://easin.jrc.ec.europa.eu/ias/speciesreport/details/5d2371c5589d2309ab122d7e,2025-07-11T16:39:31.517
[WGS84 - EPSG:4326],Ailanthus altissima,B150F1FE-645E-F011-9112-08F1EAD81ED0,99260829,R00460,IT,POINT (8.72216759633898 45.8446883417462),FALSE,2019,22,Invasive Alien Species in Europe,https://easin.jrc.ec.europa.eu/ias/speciesreport/details/5d9adf9721dc7b184f5b8059,2025-07-11T16:39:31.517
[WGS84 - EPSG:4326],Ailanthus altissima,E350F1FE-645E-F011-9112-08F1EAD81ED0,99260837,R00460,IT,POINT (8.81281376460753 45.8389085095772),FALSE,2019,22,Invasive Alien Species in Europe,https://easin.jrc.ec.europa.eu/ias/speciesreport/details/5d9d7f6f21dc7b184f5b808c,2025-07-11T16:39:31.517
[WGS84 - EPSG:4326],Ailanthus altissima,D650F1FE-645E-F011-9112-08F1EAD81ED0,99260845,R00460,IT,POINT (8.62995767941588 45.8731234870684),FALSE,2019,22,Invasive Alien Species in Europe,https://easin.jrc.ec.europa.eu/ias/speciesreport/details/5db7f24d21dc7b184f5b8106,2025-07-11T16:39:31.517
[WGS84 - EPSG:4326],Corbicula fluminea,DB50F1FE-645E-F011-9112-08F1EAD81ED0,99260853,R04013,BG,POINT (24.4471764564514 43.7283749445995),FALSE,2019,22,Invasive Alien Species in Europe,https://easin.jrc.ec.europa.eu/ias/speciesreport/details/5d5a98e4e06738509c214a80,2025-07-11T16:39:31.517
[WGS84 - EPSG:4326],Hypophthalmichthys molitrix,CF50F1FE-645E-F011-9112-08F1EAD81ED0,99260861,R07651,BG,POINT (22.8588795661926 43.9441673143779),FALSE,2019,22,Invasive Alien Species in Europe,https://easin.jrc.ec.europa.eu/ias/speciesreport/details/5debc6b51d2b6741a2e01f46,2025-07-11T16:39:31.517
[WGS84 - EPSG:4326],Faxonius limosus,FB52F1FE-645E-F011-9112-08F1EAD81ED0,99260869,R10443,BG,POINT (22.839577412451 43.9408045788658),FALSE,2019,22,Invasive Alien Species in Europe,https://easin.jrc.ec.europa.eu/ias/speciesreport/details/5d581246e06738509c214a74,2025-07-11T16:39:31.517
[WGS84 - EPSG:4326],Pontederia crassipes,DE52F1FE-645E-F011-9112-08F1EAD81ED0,99260877,R05440,PT,POINT (-8.81140806122858 38.9851526406076),FALSE,2019,22,Invasive Alien Species in Europe,https://easin.jrc.ec.europa.eu/ias/speciesreport/details/5d9de56221dc7b184f5b8093,2025-07-11T16:39:31.517
[WGS84 - EPSG:4326],Ailanthus altissima,DF52F1FE-645E-F011-9112-08F1EAD81ED0,99260885,R00460,IT,POINT (8.80485633062562 45.8260722111177),FALSE,2019,22,Invasive Alien Species in Europe,https://easin.jrc.ec.europa.eu/ias/speciesreport/details/5da5662421dc7b184f5b80bc,2025-07-11T16:39:31.517
[WGS84 - EPSG:4326],Vespa velutina nigrithorax,E952F1FE-645E-F011-9112-08F1EAD81ED0,99260893,R15970,ES,POINT (-2.25636005401611 43.2960113840153),FALSE,2019,22,Invasive Alien Species in Europe,https://easin.jrc.ec.europa.eu/ias/speciesreport/details/5ddd0302cfba5d150d897891,2025-07-11T16:39:31.517
[WGS84 - EPSG:4326],Ailanthus altissima,EA52F1FE-645E-F011-9112-08F1EAD81ED0,99260901,R00460,IT,POINT (8.81651944930745 45.8375327899349),FALSE,2019,22,Invasive Alien Species in Europe,https://easin.jrc.ec.europa.eu/ias/speciesreport/details/5d9d7c9521dc7b184f5b8087,2025-07-11T16:39:31.517
[WGS84 - EPSG:4326],Ailanthus altissima,F052F1FE-645E-F011-9112-08F1EAD81ED0,99260909,R00460,DE,POINT (9.254419 50.102223),FALSE,2019,22,Invasive Alien Species in Europe,https://easin.jrc.ec.europa.eu/ias/speciesreport/details/5da9af4321dc7b184f5b80d8,2025-07-11T16:39:31.517
[WGS84 - EPSG:4326],Faxonius virilis,F152F1FE-645E-F011-9112-08F1EAD81ED0,99260917,R10445,NL,POINT (5.6647466 51.9947264),FALSE,2019,22,Invasive Alien Species in Europe,https://easin.jrc.ec.europa.eu/ias/speciesreport/details/5f22ec79a63246b559786cfa,2025-07-11T16:39:31.517
[WGS84 - EPSG:4326],Ailanthus altissima,D252F1FE-645E-F011-9112-08F1EAD81ED0,99260925,R00460,IT,POINT (8.72221470038442 45.843900276414),FALSE,2019,22,Invasive Alien Species in Europe,https://easin.jrc.ec.europa.eu/ias/speciesreport/details/5d9ae22021dc7b184f5b805d,2025-07-11T16:39:31.517
[WGS84 - EPSG:4326],Impatiens glandulifera,E152F1FE-645E-F011-9112-08F1EAD81ED0,99260933,R07719,UK,POINT (-2.19550970010664 52.9507482983665),FALSE,2019,22,Invasive Alien Species in Europe,https://easin.jrc.ec.europa.eu/ias/speciesreport/details/5d9e179a21dc7b184f5b8095,2025-07-11T16:39:31.517
[WGS84 - EPSG:4326],Ailanthus altissima,7552F1FE-645E-F011-9112-08F1EAD81ED0,99260941,R00460,IT,POINT (8.60553346102562 45.7968965466338),FALSE,2019,22,Invasive Alien Species in Europe,https://easin.jrc.ec.europa.eu/ias/speciesreport/details/5d9af05e21dc7b184f5b806f,2025-07-11T16:39:31.517
[WGS84 - EPSG:4326],Ailanthus altissima,7952F1FE-645E-F011-9112-08F1EAD81ED0,99260949,R00460,IT,POINT (8.82294075027559 45.8277865336361),FALSE,2019,22,Invasive Alien Species in Europe,https://easin.jrc.ec.europa.eu/ias/speciesreport/details/5d98bb7e21dc7b184f5b8055,2025-07-11T16:39:31.517
[WGS84 - EPSG:4326],Ailanthus altissima,8352F1FE-645E-F011-9112-08F1EAD81ED0,99260957,R00460,IT,POINT (8.71582251389471 45.8448632658719),FALSE,2019,22,Invasive Alien Species in Europe,https://easin.jrc.ec.europa.eu/ias/speciesreport/details/5d9ec88121dc7b184f5b809c,2025-07-11T16:39:31.517
[WGS84 - EPSG:4326],Alopochen aegyptiaca,8852F1FE-645E-F011-9112-08F1EAD81ED0,99260965,R00644,DE,POINT (8.80685091018677 53.0799251073097),FALSE,2019,22,Invasive Alien Species in Europe,https://easin.jrc.ec.europa.eu/ias/speciesreport/details/5d1b16f307d8df0aa659db8d,2025-07-11T16:39:31.517
[WGS84 - EPSG:4326],Ailanthus altissima,8952F1FE-645E-F011-9112-08F1EAD81ED0,99260973,R00460,IT,POINT (8.6021846970211 45.7933044733271),FALSE,2019,22,Invasive Alien Species in Europe,https://easin.jrc.ec.europa.eu/ias/speciesreport/details/5da9b08221dc7b184f5b80da,2025-07-11T16:39:31.517
[WGS84 - EPSG:4326],Ailanthus altissima,8C52F1FE-645E-F011-9112-08F1EAD81ED0,99260981,R00460,IT,POINT (8.81345185875987 45.8430878485094),FALSE,2019,22,Invasive Alien Species in Europe,https://easin.jrc.ec.europa.eu/ias/speciesreport/details/5d9c231021dc7b184f5b8076,2025-07-11T16:39:31.517
[WGS84 - EPSG:4326],Ailanthus altissima,8552F1FE-645E-F011-9112-08F1EAD81ED0,99260989,R00460,IT,POINT (8.7221273 45.8401173),FALSE,2019,22,Invasive Alien Species in Europe,https://easin.jrc.ec.europa.eu/ias/speciesreport/details/5d9add8421dc7b184f5b8056,2025-07-11T16:39:31.517
[WGS84 - EPSG:4326],Dreissena rostriformis,8652F1FE-645E-F011-9112-08F1EAD81ED0,99260997,R05291,BG,POINT (23.1820696592331 43.3852770276089),FALSE,2019,22,Invasive Alien Species in Europe,https://easin.jrc.ec.europa.eu/ias/speciesreport/details/5dece25f1d2b6741a2e01f4d,2025-07-11T16:39:31.517
[WGS84 - EPSG:4326],Trachemys scripta,9452F1FE-645E-F011-9112-08F1EAD81ED0,99261005,R18154,IT,POINT (8.62699727537323 45.8069110519697),FALSE,2019,22,Invasive Alien Species in Europe,https://easin.jrc.ec.europa.eu/ias/speciesreport/details/5d53c815e06738509c214a72,2025-07-11T16:39:31.517
[WGS84 - EPSG:4326],Ailanthus altissima,9A52F1FE-645E-F011-9112-08F1EAD81ED0,99261013,R00460,IT,POINT (8.72591329957974 45.8426440945096),FALSE,2019,22,Invasive Alien Species in Europe,https://easin.jrc.ec.europa.eu/ias/speciesreport/details/5d9d859b21dc7b184f5b8090,2025-07-11T16:39:31.517
[WGS84 - EPSG:4326],Ailanthus altissima,9F52F1FE-645E-F011-9112-08F1EAD81ED0,99261021,R00460,IT,POINT (8.65184454298736 45.8958004167264),FALSE,2019,22,Invasive Alien Species in Europe,https://easin.jrc.ec.europa.eu/ias/speciesreport/details/5da9dcaf21dc7b184f5b80e4,2025-07-11T16:39:31.517
[WGS84 - EPSG:4326],Ailanthus altissima,A152F1FE-645E-F011-9112-08F1EAD81ED0,99261029,R00460,IT,POINT (8.83158430643122 45.7927321642404),FALSE,2019,22,Invasive Alien Species in Europe,https://easin.jrc.ec.europa.eu/ias/speciesreport/details/5dcbbce414ca6438c35e7951,2025-07-11T16:39:31.517
[WGS84 - EPSG:4326],Ailanthus altissima,AE52F1FE-645E-F011-9112-08F1EAD81ED0,99261037,R00460,IT,POINT (8.7137149939515 45.8464520649058),FALSE,2019,22,Invasive Alien Species in Europe,https://easin.jrc.ec.europa.eu/ias/speciesreport/details/5d9ecc9a21dc7b184f5b80a1,2025-07-11T16:39:31.517
[WGS84 - EPSG:4326],Ailanthus altissima,B352F1FE-645E-F011-9112-08F1EAD81ED0,99261045,R00460,IT,POINT (8.65153937483805 45.8976889012284),FALSE,2019,22,Invasive Alien Species in Europe,https://easin.jrc.ec.europa.eu/ias/speciesreport/details/5da9e2e121dc7b184f5b80e7,2025-07-11T16:39:31.517
[WGS84 - EPSG:4326],Sinanodonta woodiana,B452F1FE-645E-F011-9112-08F1EAD81ED0,99261053,R14111,BG,POINT (25.8335244655609 43.201445409873),FALSE,2019,22,Invasive Alien Species in Europe,https://easin.jrc.ec.europa.eu/ias/speciesreport/details/5d6aa4e8f753e44034c3481b,2025-07-11T16:39:31.517
[WGS84 - EPSG:4326],Ailanthus altissima,BA52F1FE-645E-F011-9112-08F1EAD81ED0,99261061,R00460,IT,POINT (8.7222334442204 45.8442533808117),FALSE,2019,22,Invasive Alien Species in Europe,https://easin.jrc.ec.europa.eu/ias/speciesreport/details/5d9ae11921dc7b184f5b805b,2025-07-11T16:39:31.517
[WGS84 - EPSG:4326],Ailanthus altissima,BC52F1FE-645E-F011-9112-08F1EAD81ED0,99261069,R00460,IT,POINT (8.60558264148118 45.796981775778),FALSE,2019,22,Invasive Alien Species in Europe,https://easin.jrc.ec.europa.eu/ias/speciesreport/details/5d9aef2d21dc7b184f5b806c,2025-07-11T16:39:31.517
[WGS84 - EPSG:4326],Ailanthus altissima,0B52F1FE-645E-F011-9112-08F1EAD81ED0,99261077,R00460,IT,POINT (9.4235601 45.6643594),FALSE,2019,22,Invasive Alien Species in Europe,https://easin.jrc.ec.europa.eu/ias/speciesreport/details/5dd4e7e214ca6438c35e7958,2025-07-11T16:39:31.517
[WGS84 - EPSG:4326],Sciurus carolinensis,1A52F1FE-645E-F011-9112-08F1EAD81ED0,99261085,R13698,IT,POINT (9.2750588 45.5945122),FALSE,2019,22,Invasive Alien Species in Europe,https://easin.jrc.ec.europa.eu/ias/speciesreport/details/5dc91aee45d0d0f20cec61a8,2025-07-11T16:39:31.517
[WGS84 - EPSG:4326],Ailanthus altissima,1252F1FE-645E-F011-9112-08F1EAD81ED0,99261093,R00460,IT,POINT (8.79668206171044 45.837160979407),FALSE,2019,22,Invasive Alien Species in Europe,https://easin.jrc.ec.europa.eu/ias/speciesreport/details/5d9c2d4321dc7b184f5b807b,2025-07-11T16:39:31.517
[WGS84 - EPSG:4326],Ailanthus altissima,2152F1FE-645E-F011-9112-08F1EAD81ED0,99261101,R00460,IT,POINT (8.81364314093166 45.8431759557563),FALSE,2019,22,Invasive Alien Species in Europe,https://easin.jrc.ec.europa.eu/ias/speciesreport/details/5d9c229221dc7b184f5b8075,2025-07-11T16:39:31.517
[WGS84 - EPSG:4326],Ailanthus altissima,2452F1FE-645E-F011-9112-08F1EAD81ED0,99261109,R00460,IT,POINT (8.71380668667942 45.8460542662939),FALSE,2019,22,Invasive Alien Species in Europe,https://easin.jrc.ec.europa.eu/ias/speciesreport/details/5d9ec65021dc7b184f5b8098,2025-07-11T16:39:31.517
[WGS84 - EPSG:4326],Ailanthus altissima,2552F1FE-645E-F011-9112-08F1EAD81ED0,99261117,R00460,SI,POINT (14.4847457 46.0708868),FALSE,2019,22,Invasive Alien Species in Europe,https://easin.jrc.ec.europa.eu/ias/speciesreport/details/5d89b3f4aff686f19b23fdbf,2025-07-11T16:39:31.517
[WGS84 - EPSG:4326],Ailanthus altissima,E651F1FE-645E-F011-9112-08F1EAD81ED0,99261125,R00460,IT,POINT (8.81998309783779 45.8305024848734),FALSE,2019,22,Invasive Alien Species in Europe,https://easin.jrc.ec.europa.eu/ias/speciesreport/details/5da024e421dc7b184f5b80b4,2025-07-11T16:39:31.517
[WGS84 - EPSG:4326],Ailanthus altissima,E951F1FE-645E-F011-9112-08F1EAD81ED0,99261133,R00460,IT,POINT (8.76588445092995 45.8395563261249),FALSE,2019,22,Invasive Alien Species in Europe,https://easin.jrc.ec.europa.eu/ias/speciesreport/details/5da956e121dc7b184f5b80d7,2025-07-11T16:39:31.517
[WGS84 - EPSG:4326],Ailanthus altissima,F451F1FE-645E-F011-9112-08F1EAD81ED0,99261141,R00460,IT,POINT (8.64468539316107 45.8189191157989),FALSE,2019,22,Invasive Alien Species in Europe,https://easin.jrc.ec.europa.eu/ias/speciesreport/details/5d9c348221dc7b184f5b807d,2025-07-11T16:39:31.517
[WGS84 - EPSG:4326],Ailanthus altissima,F651F1FE-645E-F011-9112-08F1EAD81ED0,99261149,R00460,IT,POINT (8.80696757950428 45.8253476638625),FALSE,2019,22,Invasive Alien Species in Europe,https://easin.jrc.ec.europa.eu/ias/speciesreport/details/5dbfeb1f37d867c837cbbf28,2025-07-11T16:39:31.517
[WGS84 - EPSG:4326],Sinanodonta woodiana,F951F1FE-645E-F011-9112-08F1EAD81ED0,99261157,R14111,BG,POINT (25.162414350425 43.6945083560718),FALSE,2019,22,Invasive Alien Species in Europe,https://easin.jrc.ec.europa.eu/ias/speciesreport/details/5debe30a1d2b6741a2e01f4b,2025-07-11T16:39:31.517
[WGS84 - EPSG:4326],Ailanthus altissima,FE51F1FE-645E-F011-9112-08F1EAD81ED0,99261165,R00460,IT,POINT (8.64571735088085 45.8943718027263),FALSE,2019,22,Invasive Alien Species in Europe,https://easin.jrc.ec.europa.eu/ias/speciesreport/details/5db29f1721dc7b184f5b80f3,2025-07-11T16:39:31.517
[WGS84 - EPSG:4326],Ailanthus altissima,0052F1FE-645E-F011-9112-08F1EAD81ED0,99261173,R00460,IT,POINT (8.72220119441056 45.8438580305048),FALSE,2019,22,Invasive Alien Species in Europe,https://easin.jrc.ec.europa.eu/ias/speciesreport/details/5d9ae26c21dc7b184f5b805e,2025-07-11T16:39:31.517
[WGS84 - EPSG:4326],Ailanthus altissima,0152F1FE-645E-F011-9112-08F1EAD81ED0,99261181,R00460,IT,POINT (8.83357020862852 45.79866658563),FALSE,2019,22,Invasive Alien Species in Europe,https://easin.jrc.ec.europa.eu/ias/speciesreport/details/5dcbb5b014ca6438c35e794b,2025-07-11T16:39:31.517
[WGS84 - EPSG:4326],Ailanthus altissima,7052F1FE-645E-F011-9112-08F1EAD81ED0,99261189,R00460,IT,POINT (8.611571604 45.878308604),FALSE,2019,22,Invasive Alien Species in Europe,https://easin.jrc.ec.europa.eu/ias/speciesreport/details/5db2a19821dc7b184f5b80f4,2025-07-11T16:39:31.517
[WGS84 - EPSG:4326],Ailanthus altissima,6C52F1FE-645E-F011-9112-08F1EAD81ED0,99261197,R00460,IT,POINT (8.83069165677481 45.8202584665075),FALSE,2019,22,Invasive Alien Species in Europe,https://easin.jrc.ec.europa.eu/ias/speciesreport/details/5d923cff08717f095486f58f,2025-07-11T16:39:31.517
[WGS84 - EPSG:4326],Ailanthus altissima,5C52F1FE-645E-F011-9112-08F1EAD81ED0,99261205,R00460,IT,POINT (8.82478851522482 45.822924514223),FALSE,2019,22,Invasive Alien Species in Europe,https://easin.jrc.ec.europa.eu/ias/speciesreport/details/5dbd42ed37d867c837cbbf0e,2025-07-11T16:39:31.517
[WGS84 - EPSG:4326],Ameiurus melas,6552F1FE-645E-F011-9112-08F1EAD81ED0,99261213,R00826,BG,POINT (26.8291389942169 44.0997828067137),FALSE,2019,22,Invasive Alien Species in Europe,https://easin.jrc.ec.europa.eu/ias/speciesreport/details/5d596fe9e06738509c214a7a,2025-07-11T16:39:31.517
[WGS84 - EPSG:4326],Ailanthus altissima,3952F1FE-645E-F011-9112-08F1EAD81ED0,99261221,R00460,IT,POINT (13.7705850707812 45.647194404089),FALSE,2019,22,Invasive Alien Species in Europe,https://easin.jrc.ec.europa.eu/ias/speciesreport/details/5daf255f21dc7b184f5b80ef,2025-07-11T16:39:31.517
[WGS84 - EPSG:4326],Ailanthus altissima,3D52F1FE-645E-F011-9112-08F1EAD81ED0,99261229,R00460,IT,POINT (8.81204754560051 45.823995241594),FALSE,2019,22,Invasive Alien Species in Europe,https://easin.jrc.ec.europa.eu/ias/speciesreport/details/5dbfe41137d867c837cbbf23,2025-07-11T16:39:31.517
[WGS84 - EPSG:4326],Ailanthus altissima,4152F1FE-645E-F011-9112-08F1EAD81ED0,99261237,R00460,IT,POINT (8.82388105532266 45.8225058932358),FALSE,2019,22,Invasive Alien Species in Europe,https://easin.jrc.ec.europa.eu/ias/speciesreport/details/5dbd434a37d867c837cbbf0f,2025-07-11T16:39:31.517
[WGS84 - EPSG:4326],Ailanthus altissima,4752F1FE-645E-F011-9112-08F1EAD81ED0,99261245,R00460,IT,POINT (8.81887867008656 45.8265758187399),FALSE,2019,22,Invasive Alien Species in Europe,https://easin.jrc.ec.europa.eu/ias/speciesreport/details/5da0248721dc7b184f5b80b3,2025-07-11T16:39:31.517
[WGS84 - EPSG:4326],Ailanthus altissima,4952F1FE-645E-F011-9112-08F1EAD81ED0,99261253,R00460,IT,POINT (8.83375289032897 45.8007253892284),FALSE,2019,22,Invasive Alien Species in Europe,https://easin.jrc.ec.europa.eu/ias/speciesreport/details/5dcbb3e814ca6438c35e7948,2025-07-11T16:39:31.517
[WGS84 - EPSG:4326],Impatiens glandulifera,4B52F1FE-645E-F011-9112-08F1EAD81ED0,99261261,R07719,BE,POINT (4.3011474609375 50.8851943005382),FALSE,2019,22,Invasive Alien Species in Europe,https://easin.jrc.ec.europa.eu/ias/speciesreport/details/5d5a7fe4e06738509c214a7f,2025-07-11T16:39:31.517
[WGS84 - EPSG:4326],Faxonius limosus,4250F1FE-645E-F011-9112-08F1EAD81ED0,99261269,R10443,BG,POINT (22.5706862 44.1040537),FALSE,2019,22,Invasive Alien Species in Europe,https://easin.jrc.ec.europa.eu/ias/speciesreport/details/5d224d50589d2309ab122d7c,2025-07-11T16:39:31.517
[WGS84 - EPSG:4326],Ailanthus altissima,4350F1FE-645E-F011-9112-08F1EAD81ED0,99261277,R00460,IT,POINT (8.80549983410568 45.8252889974203),FALSE,2019,22,Invasive Alien Species in Europe,https://easin.jrc.ec.europa.eu/ias/speciesreport/details/5dbfe9be37d867c837cbbf26,2025-07-11T16:39:31.517
[WGS84 - EPSG:4326],Faxonius limosus,4E50F1FE-645E-F011-9112-08F1EAD81ED0,99261285,R10443,RS,POINT (20.2622119033549 45.1384186575546),FALSE,2019,22,Invasive Alien Species in Europe,https://easin.jrc.ec.europa.eu/ias/speciesreport/details/5cf7ed6a20ec8f09b1d123bd,2025-07-11T16:39:31.517
[WGS84 - EPSG:4326],Ailanthus altissima,4F50F1FE-645E-F011-9112-08F1EAD81ED0,99261293,R00460,IT,POINT (8.65035014120414 45.8937536583951),FALSE,2019,22,Invasive Alien Species in Europe,https://easin.jrc.ec.europa.eu/ias/speciesreport/details/5da9dac421dc7b184f5b80e1,2025-07-11T16:39:31.517
[WGS84 - EPSG:4326],Corbicula fluminea,5250F1FE-645E-F011-9112-08F1EAD81ED0,99261301,R04013,BG,POINT (26.0596776008606 43.9113968263578),FALSE,2019,22,Invasive Alien Species in Europe,https://easin.jrc.ec.europa.eu/ias/speciesreport/details/5d5a9e88e06738509c214a83,2025-07-11T16:39:31.517
[WGS84 - EPSG:4326],Pectinatella magnifica,5E50F1FE-645E-F011-9112-08F1EAD81ED0,99261309,R10962,BG,POINT (22.8588849306107 43.944163451909),FALSE,2019,22,Invasive Alien Species in Europe,https://easin.jrc.ec.europa.eu/ias/speciesreport/details/5debc6801d2b6741a2e01f44,2025-07-11T16:39:31.517
[WGS84 - EPSG:4326],Acacia saligna,3250F1FE-645E-F011-9112-08F1EAD81ED0,99261317,R00053,IT,POINT (16.6558417 38.8458311),FALSE,2019,22,Invasive Alien Species in Europe,https://easin.jrc.ec.europa.eu/ias/speciesreport/details/5db31a6121dc7b184f5b8100,2025-07-11T16:39:31.517
[WGS84 - EPSG:4326],Ailanthus altissima,3650F1FE-645E-F011-9112-08F1EAD81ED0,99261325,R00460,IT,POINT (8.82070828477225 45.8296978063943),FALSE,2019,22,Invasive Alien Species in Europe,https://easin.jrc.ec.europa.eu/ias/speciesreport/details/5da0269f21dc7b184f5b80b8,2025-07-11T16:39:31.517
[WGS84 - EPSG:4326],Corbicula fluminea,3B50F1FE-645E-F011-9112-08F1EAD81ED0,99261333,R04013,BG,POINT (25.7369649410248 43.2063332138259),FALSE,2019,22,Invasive Alien Species in Europe,https://easin.jrc.ec.europa.eu/ias/speciesreport/details/5d6acfc2f753e44034c34824,2025-07-11T16:39:31.517
[WGS84 - EPSG:4326],Sinanodonta woodiana,1A50F1FE-645E-F011-9112-08F1EAD81ED0,99261341,R14111,BG,POINT (25.5698595062859 43.6386542430293),FALSE,2019,22,Invasive Alien Species in Europe,https://easin.jrc.ec.europa.eu/ias/speciesreport/details/5d5a9c45e06738509c214a82,2025-07-11T16:39:31.517
[WGS84 - EPSG:4326],Alopochen aegyptiaca,2750F1FE-645E-F011-9112-08F1EAD81ED0,99261349,R00644,BE,POINT (4.3800687789917 50.8391046438173),FALSE,2019,22,Invasive Alien Species in Europe,https://easin.jrc.ec.europa.eu/ias/speciesreport/details/5d53c47ce06738509c214a6f,2025-07-11T16:39:31.517
[WGS84 - EPSG:4326],Ailanthus altissima,2850F1FE-645E-F011-9112-08F1EAD81ED0,99261357,R00460,DE,POINT (9.254419 50.102223),FALSE,2019,22,Invasive Alien Species in Europe,https://easin.jrc.ec.europa.eu/ias/speciesreport/details/5d9d7d4121dc7b184f5b8088,2025-07-11T16:39:31.517
[WGS84 - EPSG:4326],Ailanthus altissima,1150F1FE-645E-F011-9112-08F1EAD81ED0,99261365,R00460,IT,POINT (8.6503793714701 45.8935694105002),FALSE,2019,22,Invasive Alien Species in Europe,https://easin.jrc.ec.europa.eu/ias/speciesreport/details/5da9d80e21dc7b184f5b80dd,2025-07-11T16:39:31.517
[WGS84 - EPSG:4326],Ailanthus altissima,1850F1FE-645E-F011-9112-08F1EAD81ED0,99261373,R00460,IT,POINT (8.82071637652055 45.8272734139608),FALSE,2019,22,Invasive Alien Species in Europe,https://easin.jrc.ec.europa.eu/ias/speciesreport/details/5da01dad21dc7b184f5b80ab,2025-07-11T16:39:31.517
[WGS84 - EPSG:4326],Ailanthus altissima,1D50F1FE-645E-F011-9112-08F1EAD81ED0,99261381,R00460,IT,POINT (8.81996298596269 45.8271061423595),FALSE,2019,22,Invasive Alien Species in Europe,https://easin.jrc.ec.europa.eu/ias/speciesreport/details/5da01fbc21dc7b184f5b80ae,2025-07-11T16:39:31.517
[WGS84 - EPSG:4326],Carassius gibelio,7350F1FE-645E-F011-9112-08F1EAD81ED0,99261389,R02744,BG,POINT (25.9184807538986 43.8143047732543),FALSE,2019,22,Invasive Alien Species in Europe,https://easin.jrc.ec.europa.eu/ias/speciesreport/details/5de931771d2b6741a2e01f38,2025-07-11T16:39:31.517
[WGS84 - EPSG:4326],Ailanthus altissima,6350F1FE-645E-F011-9112-08F1EAD81ED0,99261397,R00460,IT,POINT (8.83340829009502 45.8005004468004),FALSE,2019,22,Invasive Alien Species in Europe,https://easin.jrc.ec.europa.eu/ias/speciesreport/details/5dcbb31245d0d0f20cec61aa,2025-07-11T16:39:31.517
[WGS84 - EPSG:4326],Ailanthus altissima,6E50F1FE-645E-F011-9112-08F1EAD81ED0,99261405,R00460,IT,POINT (8.82395686380895 45.8223044692566),FALSE,2019,22,Invasive Alien Species in Europe,https://easin.jrc.ec.europa.eu/ias/speciesreport/details/5dbd4a9137d867c837cbbf10,2025-07-11T16:39:31.517
[WGS84 - EPSG:4326],Cenchrus setaceus,A850F1FE-645E-F011-9112-08F1EAD81ED0,99261413,R03000,IT,POINT (13.3534971172272 38.1099468412386),FALSE,2019,22,Invasive Alien Species in Europe,https://easin.jrc.ec.europa.eu/ias/speciesreport/details/5dcd2d7614ca6438c35e7957,2025-07-11T16:39:31.517
[WGS84 - EPSG:4326],Ailanthus altissima,FD4FF1FE-645E-F011-9112-08F1EAD81ED0,99261421,R00460,IT,POINT (8.64454326158652 45.8190615298233),FALSE,2019,22,Invasive Alien Species in Europe,https://easin.jrc.ec.europa.eu/ias/speciesreport/details/5d9c355021dc7b184f5b807f,2025-07-11T16:39:31.517
[WGS84 - EPSG:4326],Ailanthus altissima,0650F1FE-645E-F011-9112-08F1EAD81ED0,99261429,R00460,IT,POINT (8.81079092421308 45.8244225855228),FALSE,2019,22,Invasive Alien Species in Europe,https://easin.jrc.ec.europa.eu/ias/speciesreport/details/5dbfe1f737d867c837cbbf1f,2025-07-11T16:39:31.517
[WGS84 - EPSG:4326],Lepomis gibbosus,0850F1FE-645E-F011-9112-08F1EAD81ED0,99261437,R08376,BG,POINT (22.8903687000275 43.8275998223257),FALSE,2019,22,Invasive Alien Species in Europe,https://easin.jrc.ec.europa.eu/ias/speciesreport/details/5d59762ee06738509c214a7b,2025-07-11T16:39:31.517
[WGS84 - EPSG:4326],Ailanthus altissima,C94FF1FE-645E-F011-9112-08F1EAD81ED0,99261445,R00460,IT,POINT (8.72210100804846 45.8443190890919),FALSE,2019,22,Invasive Alien Species in Europe,https://easin.jrc.ec.europa.eu/ias/speciesreport/details/5d9ae18d21dc7b184f5b805c,2025-07-11T16:39:31.517
[WGS84 - EPSG:4326],Ailanthus altissima,D94FF1FE-645E-F011-9112-08F1EAD81ED0,99261453,R00460,IT,POINT (8.82051431998643 45.8298280241733),FALSE,2019,22,Invasive Alien Species in Europe,https://easin.jrc.ec.europa.eu/ias/speciesreport/details/5da0264221dc7b184f5b80b7,2025-07-11T16:39:31.517
[WGS84 - EPSG:4326],Ailanthus altissima,E24FF1FE-645E-F011-9112-08F1EAD81ED0,99261461,R00460,IT,POINT (8.76588445092995 45.8395563261249),FALSE,2019,22,Invasive Alien Species in Europe,https://easin.jrc.ec.europa.eu/ias/speciesreport/details/5da8906321dc7b184f5b80d6,2025-07-11T16:39:31.517
[WGS84 - EPSG:4326],Eriocheir sinensis,E34FF1FE-645E-F011-9112-08F1EAD81ED0,99261469,R05836,FR,POINT (7.59436617452593 47.5872248001587),FALSE,2019,22,Invasive Alien Species in Europe,https://easin.jrc.ec.europa.eu/ias/speciesreport/details/5e7ccffcd9f07fc1abfaad76,2025-07-11T16:39:31.517
[WGS84 - EPSG:4326],Ailanthus altissima,EC4FF1FE-645E-F011-9112-08F1EAD81ED0,99261477,R00460,IT,POINT (8.83059574744079 45.8200680840362),FALSE,2019,22,Invasive Alien Species in Europe,https://easin.jrc.ec.europa.eu/ias/speciesreport/details/5d923ca108717f095486f58e,2025-07-11T16:39:31.517
[WGS84 - EPSG:4326],Ailanthus altissima,ED4FF1FE-645E-F011-9112-08F1EAD81ED0,99261485,R00460,IT,POINT (8.81340618756702 45.8429656235776),FALSE,2019,22,Invasive Alien Species in Europe,https://easin.jrc.ec.europa.eu/ias/speciesreport/details/5d9c25d721dc7b184f5b8077,2025-07-11T16:39:31.517
[WGS84 - EPSG:4326],Ailanthus altissima,B24FF1FE-645E-F011-9112-08F1EAD81ED0,99261493,R00460,IT,POINT (8.80698113233662 45.8252993048865),FALSE,2019,22,Invasive Alien Species in Europe,https://easin.jrc.ec.europa.eu/ias/speciesreport/details/5dbfec8c37d867c837cbbf2b,2025-07-11T16:39:31.517
[WGS84 - EPSG:4326],Ailanthus altissima,BF4FF1FE-645E-F011-9112-08F1EAD81ED0,99261501,R00460,IT,POINT (8.66145155513711 45.840788395911),FALSE,2019,22,Invasive Alien Species in Europe,https://easin.jrc.ec.europa.eu/ias/speciesreport/details/5d9ae89421dc7b184f5b8062,2025-07-11T16:39:31.517
[WGS84 - EPSG:4326],Ailanthus altissima,C44FF1FE-645E-F011-9112-08F1EAD81ED0,99261509,R00460,IT,POINT (8.79220071344027 45.8091906222141),FALSE,2019,22,Invasive Alien Species in Europe,https://easin.jrc.ec.europa.eu/ias/speciesreport/details/5dbd5f9737d867c837cbbf17,2025-07-11T16:39:31.517
[WGS84 - EPSG:4326],Ailanthus altissima,B74FF1FE-645E-F011-9112-08F1EAD81ED0,99261517,R00460,IT,POINT (8.80479052329728 45.8259974009),FALSE,2019,22,Invasive Alien Species in Europe,https://easin.jrc.ec.europa.eu/ias/speciesreport/details/5da566d721dc7b184f5b80be,2025-07-11T16:39:31.517
[WGS84 - EPSG:4326],Ailanthus altissima,B84FF1FE-645E-F011-9112-08F1EAD81ED0,99261525,R00460,IT,POINT (8.81245410998417 45.8238810362582),FALSE,2019,22,Invasive Alien Species in Europe,https://easin.jrc.ec.europa.eu/ias/speciesreport/details/5dbfe4f737d867c837cbbf25,2025-07-11T16:39:31.517
[WGS84 - EPSG:4326],Pontederia crassipes,854FF1FE-645E-F011-9112-08F1EAD81ED0,99261533,R05440,IT,POINT (9.71578143505664 40.7077084036034),FALSE,2019,22,Invasive Alien Species in Europe,https://easin.jrc.ec.europa.eu/ias/speciesreport/details/5c5b641a945cea09ab19c081,2025-07-11T16:39:31.517
[WGS84 - EPSG:4326],Pseudorasbora parva,904FF1FE-645E-F011-9112-08F1EAD81ED0,99261541,R12451,BG,POINT (22.8391116857529 43.9411120230147),FALSE,2019,22,Invasive Alien Species in Europe,https://easin.jrc.ec.europa.eu/ias/speciesreport/details/5debaca21d2b6741a2e01f3e,2025-07-11T16:39:31.517
[WGS84 - EPSG:4326],Ailanthus altissima,9E4FF1FE-645E-F011-9112-08F1EAD81ED0,99261549,R00460,IT,POINT (8.644500277 45.819010657),FALSE,2019,22,Invasive Alien Species in Europe,https://easin.jrc.ec.europa.eu/ias/speciesreport/details/5d9ca92121dc7b184f5b8080,2025-07-11T16:39:31.517
[WGS84 - EPSG:4326],Ailanthus altissima,994FF1FE-645E-F011-9112-08F1EAD81ED0,99261557,R00460,IT,POINT (8.8221505752373 45.8285270040633),FALSE,2019,22,Invasive Alien Species in Europe,https://easin.jrc.ec.europa.eu/ias/speciesreport/details/5da01bcc21dc7b184f5b80a7,2025-07-11T16:39:31.517
[WGS84 - EPSG:4326],Ailanthus altissima,E04EF1FE-645E-F011-9112-08F1EAD81ED0,99261629,R00460,IT,POINT (8.60769318863648 45.7986412793715),FALSE,2019,22,Invasive Alien Species in Europe,https://easin.jrc.ec.europa.eu/ias/speciesreport/details/5d9aec0221dc7b184f5b8064,2025-07-11T16:39:31.517
[WGS84 - EPSG:4326],Ailanthus altissima,D74EF1FE-645E-F011-9112-08F1EAD81ED0,99261637,R00460,IT,POINT (8.81024416915533 45.8246403466672),FALSE,2019,22,Invasive Alien Species in Europe,https://easin.jrc.ec.europa.eu/ias/speciesreport/details/5dbfe0fa37d867c837cbbf1d,2025-07-11T16:39:31.517
[WGS84 - EPSG:4326],Ailanthus altissima,E74EF1FE-645E-F011-9112-08F1EAD81ED0,99261645,R00460,IT,POINT (8.83439022328506 45.7973276993952),FALSE,2019,22,Invasive Alien Species in Europe,https://easin.jrc.ec.europa.eu/ias/speciesreport/details/5dcbb62614ca6438c35e794c,2025-07-11T16:39:31.517
[WGS84 - EPSG:4326],Ailanthus altissima,CD4EF1FE-645E-F011-9112-08F1EAD81ED0,99261653,R00460,IT,POINT (8.81540830941754 45.7822827539841),FALSE,2019,22,Invasive Alien Species in Europe,https://easin.jrc.ec.europa.eu/ias/speciesreport/details/5dcbc57514ca6438c35e7954,2025-07-11T16:39:31.517
[WGS84 - EPSG:4326],Faxonius limosus,F64EF1FE-645E-F011-9112-08F1EAD81ED0,99261661,R10443,BG,POINT (22.8586435317993 43.9442600135578),FALSE,2019,22,Invasive Alien Species in Europe,https://easin.jrc.ec.europa.eu/ias/speciesreport/details/5d59621de06738509c214a79,2025-07-11T16:39:31.517
[WGS84 - EPSG:4326],Dreissena polymorpha,F94EF1FE-645E-F011-9112-08F1EAD81ED0,99261669,R05292,RS,POINT (20.310138 45.2012219),FALSE,2019,22,Invasive Alien Species in Europe,https://easin.jrc.ec.europa.eu/ias/speciesreport/details/5d2202da589d2309ab122d79,2025-07-11T16:39:31.517
[WGS84 - EPSG:4326],Ailanthus altissima,054FF1FE-645E-F011-9112-08F1EAD81ED0,99261677,R00460,FR,POINT (6.14137397 46.21390742),FALSE,2019,22,Invasive Alien Species in Europe,https://easin.jrc.ec.europa.eu/ias/speciesreport/details/5dc2b09245d0d0f20cec61a3,2025-07-11T16:39:31.517
[WGS84 - EPSG:4326],Ailanthus altissima,094FF1FE-645E-F011-9112-08F1EAD81ED0,99261685,R00460,IT,POINT (8.8105745 45.8361262),FALSE,2019,22,Invasive Alien Species in Europe,https://easin.jrc.ec.europa.eu/ias/speciesreport/details/5dab2a0321dc7b184f5b80e8,2025-07-11T16:39:31.517
[WGS84 - EPSG:4326],Ailanthus altissima,FD4EF1FE-645E-F011-9112-08F1EAD81ED0,99261693,R00460,FR,POINT (6.141249136 46.213765515),FALSE,2019,22,Invasive Alien Species in Europe,https://easin.jrc.ec.europa.eu/ias/speciesreport/details/5dc51ac345d0d0f20cec61a6,2025-07-11T16:39:31.517
[WGS84 - EPSG:4326],Pseudorasbora parva,0D4FF1FE-645E-F011-9112-08F1EAD81ED0,99261701,R12451,BG,POINT (22.8904288598278 43.8276806654603),FALSE,2019,22,Invasive Alien Species in Europe,https://easin.jrc.ec.europa.eu/ias/speciesreport/details/5d581cd2e06738509c214a75,2025-07-11T16:39:31.517
[WGS84 - EPSG:4326],Ailanthus altissima,0F4FF1FE-645E-F011-9112-08F1EAD81ED0,99261709,R00460,IT,POINT (8.82049333762233 45.8272333365111),FALSE,2019,22,Invasive Alien Species in Europe,https://easin.jrc.ec.europa.eu/ias/speciesreport/details/5da01e7321dc7b184f5b80ac,2025-07-11T16:39:31.517
[WGS84 - EPSG:4326],Ailanthus altissima,154FF1FE-645E-F011-9112-08F1EAD81ED0,99261717,R00460,IT,POINT (8.60538453893331 45.7968641773191),FALSE,2019,22,Invasive Alien Species in Europe,https://easin.jrc.ec.europa.eu/ias/speciesreport/details/5d9aef7321dc7b184f5b806d,2025-07-11T16:39:31.517
[WGS84 - EPSG:4326],Ailanthus altissima,1C4FF1FE-645E-F011-9112-08F1EAD81ED0,99261725,R00460,IT,POINT (8.81501244959443 45.8381998144886),FALSE,2019,22,Invasive Alien Species in Europe,https://easin.jrc.ec.europa.eu/ias/speciesreport/details/5d9d7e4e21dc7b184f5b8089,2025-07-11T16:39:31.517
[WGS84 - EPSG:4326],Ailanthus altissima,1D4FF1FE-645E-F011-9112-08F1EAD81ED0,99261733,R00460,IT,POINT (8.60687003204138 45.798110394791),FALSE,2019,22,Invasive Alien Species in Europe,https://easin.jrc.ec.europa.eu/ias/speciesreport/details/5d9aedb721dc7b184f5b8068,2025-07-11T16:39:31.517
[WGS84 - EPSG:4326],Ailanthus altissima,244FF1FE-645E-F011-9112-08F1EAD81ED0,99261741,R00460,SI,POINT (14.4927363160343 46.0666469234154),FALSE,2019,22,Invasive Alien Species in Europe,https://easin.jrc.ec.europa.eu/ias/speciesreport/details/5d8a7932aff686f19b23fdcb,2025-07-11T16:39:31.517
[WGS84 - EPSG:4326],Ailanthus altissima,254FF1FE-645E-F011-9112-08F1EAD81ED0,99261749,R00460,IT,POINT (8.82019074716694 45.8272103936493),FALSE,2019,22,Invasive Alien Species in Europe,https://easin.jrc.ec.europa.eu/ias/speciesreport/details/5da01f4f21dc7b184f5b80ad,2025-07-11T16:39:31.517
[WGS84 - EPSG:4326],Ailanthus altissima,264FF1FE-645E-F011-9112-08F1EAD81ED0,99261757,R00460,IT,POINT (8.83363666280696 45.7996617566301),FALSE,2019,22,Invasive Alien Species in Europe,https://easin.jrc.ec.europa.eu/ias/speciesreport/details/5dcbb4b014ca6438c35e7949,2025-07-11T16:39:31.517
[WGS84 - EPSG:4326],Ailanthus altissima,274FF1FE-645E-F011-9112-08F1EAD81ED0,99261765,R00460,IT,POINT (8.65082491872185 45.8972091340984),FALSE,2019,22,Invasive Alien Species in Europe,https://easin.jrc.ec.europa.eu/ias/speciesreport/details/5da9de0521dc7b184f5b80e6,2025-07-11T16:39:31.517
[WGS84 - EPSG:4326],Ailanthus altissima,294FF1FE-645E-F011-9112-08F1EAD81ED0,99261773,R00460,IT,POINT (8.64763606622907 45.8240851775967),FALSE,2019,22,Invasive Alien Species in Europe,https://easin.jrc.ec.europa.eu/ias/speciesreport/details/5d9caafb21dc7b184f5b8083,2025-07-11T16:39:31.517
[WGS84 - EPSG:4326],Ailanthus altissima,2B4FF1FE-645E-F011-9112-08F1EAD81ED0,99261781,R00460,IT,POINT (8.81137758791424 45.824199113655),FALSE,2019,22,Invasive Alien Species in Europe,https://easin.jrc.ec.europa.eu/ias/speciesreport/details/5dbfe27d37d867c837cbbf20,2025-07-11T16:39:31.517
[WGS84 - EPSG:4326],Trachemys scripta,7E4FF1FE-645E-F011-9112-08F1EAD81ED0,99261789,R18154,ES,POINT (-1.17325852894282 38.0251769491964),FALSE,2019,22,Invasive Alien Species in Europe,https://easin.jrc.ec.europa.eu/ias/speciesreport/details/5d8dd84808717f095486f588,2025-07-11T16:39:31.517
[WGS84 - EPSG:4326],Ailanthus altissima,7B4FF1FE-645E-F011-9112-08F1EAD81ED0,99261797,R00460,IT,POINT (8.6021846970211 45.7933044733271),FALSE,2019,22,Invasive Alien Species in Europe,https://easin.jrc.ec.europa.eu/ias/speciesreport/details/5da9b13721dc7b184f5b80db,2025-07-11T16:39:31.517
[WGS84 - EPSG:4326],Vespa velutina nigrithorax,714FF1FE-645E-F011-9112-08F1EAD81ED0,99261805,R15970,ES,POINT (-3.5747635 43.4528536),FALSE,2019,22,Invasive Alien Species in Europe,https://easin.jrc.ec.europa.eu/ias/speciesreport/details/5d591558e06738509c214a78,2025-07-11T16:39:31.517
[WGS84 - EPSG:4326],Myocastor coypus,734FF1FE-645E-F011-9112-08F1EAD81ED0,99261813,R09720,DE,POINT (9.82847254500484 52.987273329517),FALSE,2019,22,Invasive Alien Species in Europe,https://easin.jrc.ec.europa.eu/ias/speciesreport/details/5d3af9908b390f4443d26ab7,2025-07-11T16:39:31.517
[WGS84 - EPSG:4326],Corbicula fluminea,754FF1FE-645E-F011-9112-08F1EAD81ED0,99261821,R04013,BG,POINT (27.0453357696533 44.1415813609931),FALSE,2019,22,Invasive Alien Species in Europe,https://easin.jrc.ec.europa.eu/ias/speciesreport/details/5d5980afe06738509c214a7d,2025-07-11T16:39:31.517
[WGS84 - EPSG:4326],Pseudorasbora parva,6C4FF1FE-645E-F011-9112-08F1EAD81ED0,99261829,R12451,BG,POINT (25.724508811636 43.4689274377272),FALSE,2019,22,Invasive Alien Species in Europe,https://easin.jrc.ec.europa.eu/ias/speciesreport/details/5d6a9fb1f753e44034c34819,2025-07-11T16:39:31.517
[WGS84 - EPSG:4326],Ailanthus altissima,574FF1FE-645E-F011-9112-08F1EAD81ED0,99261837,R00460,IT,POINT (8.819562391 45.820117445),FALSE,2019,22,Invasive Alien Species in Europe,https://easin.jrc.ec.europa.eu/ias/speciesreport/details/5dbd4c9137d867c837cbbf11,2025-07-11T16:39:31.517
[WGS84 - EPSG:4326],Ailanthus altissima,494FF1FE-645E-F011-9112-08F1EAD81ED0,99261845,R00460,IT,POINT (8.819162247 45.826735563),FALSE,2019,22,Invasive Alien Species in Europe,https://easin.jrc.ec.europa.eu/ias/speciesreport/details/5da0214721dc7b184f5b80b2,2025-07-11T16:39:31.517
[WGS84 - EPSG:4326],Pontederia crassipes,4E4FF1FE-645E-F011-9112-08F1EAD81ED0,99261853,R05440,PT,POINT (-27.2185094 38.6563892),FALSE,2019,22,Invasive Alien Species in Europe,https://easin.jrc.ec.europa.eu/ias/speciesreport/details/5db5e69a21dc7b184f5b8103,2025-07-11T16:39:31.517
[WGS84 - EPSG:4326],Ailanthus altissima,4F4FF1FE-645E-F011-9112-08F1EAD81ED0,99261861,R00460,IT,POINT (8.6162141944727 45.8538990268857),FALSE,2019,22,Invasive Alien Species in Europe,https://easin.jrc.ec.europa.eu/ias/speciesreport/details/5db2a52f21dc7b184f5b80f7,2025-07-11T16:39:31.517
[WGS84 - EPSG:4326],Sinanodonta woodiana,3A4FF1FE-645E-F011-9112-08F1EAD81ED0,99261869,R14111,BG,POINT (23.2512652873993 43.8188141973653),FALSE,2019,22,Invasive Alien Species in Europe,https://easin.jrc.ec.europa.eu/ias/speciesreport/details/5debd4101d2b6741a2e01f49,2025-07-11T16:39:31.517
[WGS84 - EPSG:4326],Ailanthus altissima,3B4FF1FE-645E-F011-9112-08F1EAD81ED0,99261877,R00460,IT,POINT (8.83449864112043 45.7972149512552),FALSE,2019,22,Invasive Alien Species in Europe,https://easin.jrc.ec.europa.eu/ias/speciesreport/details/5dcbbae014ca6438c35e794f,2025-07-11T16:39:31.517
[WGS84 - EPSG:4326],Faxonius limosus,404FF1FE-645E-F011-9112-08F1EAD81ED0,99261885,R10443,RS,POINT (20.592246 44.8088744),FALSE,2019,22,Invasive Alien Species in Europe,https://easin.jrc.ec.europa.eu/ias/speciesreport/details/5d20c7d2589d2309ab122d75,2025-07-11T16:39:31.517
[WGS84 - EPSG:4326],Ailanthus altissima,1656F1FE-645E-F011-9112-08F1EAD81ED0,103122210,R00460,IT,POINT (8.83031495555929 45.7906000582575),FALSE,2019,22,Invasive Alien Species in Europe,https://easin.jrc.ec.europa.eu/ias/speciesreport/details/5dcbbf6b14ca6438c35e7953,2025-07-11T16:39:31.517
[WGS84 - EPSG:4326],Elodea nuttallii,1A56F1FE-645E-F011-9112-08F1EAD81ED0,103122218,R05501,RS,POINT (20.3108882904053 45.187204090072),FALSE,2019,22,Invasive Alien Species in Europe,https://easin.jrc.ec.europa.eu/ias/speciesreport/details/5d21fdee589d2309ab122d78,2025-07-11T16:39:31.517
[WGS84 - EPSG:4326],Alopochen aegyptiaca,1F56F1FE-645E-F011-9112-08F1EAD81ED0,103122226,R00644,UK,POINT (0.019558 50.9969414),FALSE,2019,22,Invasive Alien Species in Europe,https://easin.jrc.ec.europa.eu/ias/speciesreport/details/5d0ddf8d07d8df0aa659db8b,2025-07-11T16:39:31.517
[WGS84 - EPSG:4326],Ailanthus altissima,2056F1FE-645E-F011-9112-08F1EAD81ED0,103122234,R00460,IT,POINT (8.6295544 45.8736637),FALSE,2019,22,Invasive Alien Species in Europe,https://easin.jrc.ec.europa.eu/ias/speciesreport/details/5db7ef8921dc7b184f5b8104,2025-07-11T16:39:31.517
[WGS84 - EPSG:4326],Ailanthus altissima,2856F1FE-645E-F011-9112-08F1EAD81ED0,103122242,R00460,IT,POINT (8.79257152334341 45.80936006673),FALSE,2019,22,Invasive Alien Species in Europe,https://easin.jrc.ec.europa.eu/ias/speciesreport/details/5dbd603d37d867c837cbbf18,2025-07-11T16:39:31.517
[WGS84 - EPSG:4326],Ailanthus altissima,2956F1FE-645E-F011-9112-08F1EAD81ED0,103122250,R00460,SI,POINT (14.4925948257256 46.066696558075),FALSE,2019,22,Invasive Alien Species in Europe,https://easin.jrc.ec.europa.eu/ias/speciesreport/details/5d8a7994aff686f19b23fdcc,2025-07-11T16:39:31.517
[WGS84 - EPSG:4326],Sinanodonta woodiana,3456F1FE-645E-F011-9112-08F1EAD81ED0,103122258,R14111,BG,POINT (25.6119525432587 43.6144072883223),FALSE,2019,22,Invasive Alien Species in Europe,https://easin.jrc.ec.europa.eu/ias/speciesreport/details/5d6aa86cf753e44034c3481d,2025-07-11T16:39:31.517
[WGS84 - EPSG:4326],Ailanthus altissima,3556F1FE-645E-F011-9112-08F1EAD81ED0,103122266,R00460,IT,POINT (8.80488164962752 45.8258695037453),FALSE,2019,22,Invasive Alien Species in Europe,https://easin.jrc.ec.europa.eu/ias/speciesreport/details/5da5673c21dc7b184f5b80bf,2025-07-11T16:39:31.517
[WGS84 - EPSG:4326],Ailanthus altissima,F655F1FE-645E-F011-9112-08F1EAD81ED0,103122274,R00460,IT,POINT (8.72188286843957 45.8437866847719),FALSE,2019,22,Invasive Alien Species in Europe,https://easin.jrc.ec.europa.eu/ias/speciesreport/details/5d9ae2f421dc7b184f5b805f,2025-07-11T16:39:31.517
[WGS84 - EPSG:4326],Ailanthus altissima,0656F1FE-645E-F011-9112-08F1EAD81ED0,103122282,R00460,IT,POINT (8.80700903227319 45.8255173085665),FALSE,2019,22,Invasive Alien Species in Europe,https://easin.jrc.ec.europa.eu/ias/speciesreport/details/5dbfebff37d867c837cbbf2a,2025-07-11T16:39:31.517
[WGS84 - EPSG:4326],Ludwigia grandiflora,F455F1FE-645E-F011-9112-08F1EAD81ED0,103122290,R17663,ES,POINT (2.98578500758595 42.0827872726397),FALSE,2019,22,Invasive Alien Species in Europe,https://easin.jrc.ec.europa.eu/ias/speciesreport/details/5d7a1a4fa30f1cbad9f987fe,2025-07-11T16:39:31.517
[WGS84 - EPSG:4326],Ailanthus altissima,A055F1FE-645E-F011-9112-08F1EAD81ED0,103122298,R00460,IT,POINT (8.72217935056572 45.8440490206544),FALSE,2019,22,Invasive Alien Species in Europe,https://easin.jrc.ec.europa.eu/ias/speciesreport/details/5d9ade8221dc7b184f5b8057,2025-07-11T16:39:31.517
[WGS84 - EPSG:4326],Ailanthus altissima,A255F1FE-645E-F011-9112-08F1EAD81ED0,103122306,R00460,IT,POINT (8.62993202508311 45.8730829723312),FALSE,2019,22,Invasive Alien Species in Europe,https://easin.jrc.ec.europa.eu/ias/speciesreport/details/5db7effe21dc7b184f5b8105,2025-07-11T16:39:31.517
[WGS84 - EPSG:4326],Ailanthus altissima,A355F1FE-645E-F011-9112-08F1EAD81ED0,103122314,R00460,IT,POINT (8.81214494745788 45.8239284796941),FALSE,2019,22,Invasive Alien Species in Europe,https://easin.jrc.ec.europa.eu/ias/speciesreport/details/5dbfe48537d867c837cbbf24,2025-07-11T16:39:31.517
[WGS84 - EPSG:4326],Ailanthus altissima,A455F1FE-645E-F011-9112-08F1EAD81ED0,103122322,R00460,IT,POINT (8.79060782787125 45.8081750049472),FALSE,2019,22,Invasive Alien Species in Europe,https://easin.jrc.ec.europa.eu/ias/speciesreport/details/5dbd5dfc37d867c837cbbf14,2025-07-11T16:39:31.517
[WGS84 - EPSG:4326],Hydrocotyle ranunculoides,A855F1FE-645E-F011-9112-08F1EAD81ED0,103122330,R07537,UK,POINT (-0.483694486320019 51.493543012766),FALSE,2019,22,Invasive Alien Species in Europe,https://easin.jrc.ec.europa.eu/ias/speciesreport/details/61ef1503318606238df7da4d,2025-07-11T16:39:31.517
[WGS84 - EPSG:4326],Ailanthus altissima,AE55F1FE-645E-F011-9112-08F1EAD81ED0,103122338,R00460,IT,POINT (8.8050509717319 45.8256080492476),FALSE,2019,22,Invasive Alien Species in Europe,https://easin.jrc.ec.europa.eu/ias/speciesreport/details/5da56f1f21dc7b184f5b80c0,2025-07-11T16:39:31.517
[WGS84 - EPSG:4326],Heracleum mantegazzianum,B655F1FE-645E-F011-9112-08F1EAD81ED0,103122346,R07248,IE,POINT (-6.1379402 53.1878963),FALSE,2019,22,Invasive Alien Species in Europe,https://easin.jrc.ec.europa.eu/ias/speciesreport/details/5d67b56cf753e44034c34817,2025-07-11T16:39:31.517
[WGS84 - EPSG:4326],Acacia saligna,B955F1FE-645E-F011-9112-08F1EAD81ED0,103122354,R00053,IT,POINT (16.6434715 38.8354643),FALSE,2019,22,Invasive Alien Species in Europe,https://easin.jrc.ec.europa.eu/ias/speciesreport/details/5db3183e21dc7b184f5b80fb,2025-07-11T16:39:31.517
[WGS84 - EPSG:4326],Ailanthus altissima,C355F1FE-645E-F011-9112-08F1EAD81ED0,103122362,R00460,IT,POINT (8.65063689564104 45.8935310994169),FALSE,2019,22,Invasive Alien Species in Europe,https://easin.jrc.ec.europa.eu/ias/speciesreport/details/5da9d8eb21dc7b184f5b80df,2025-07-11T16:39:31.517
[WGS84 - EPSG:4326],Asclepias syriaca,C455F1FE-645E-F011-9112-08F1EAD81ED0,103122370,R01529,IT,POINT (8.6287003 45.8069615),FALSE,2019,22,Invasive Alien Species in Europe,https://easin.jrc.ec.europa.eu/ias/speciesreport/details/5d93378808717f095486f590,2025-07-11T16:39:31.517
[WGS84 - EPSG:4326],Ailanthus altissima,CD55F1FE-645E-F011-9112-08F1EAD81ED0,103122378,R00460,IT,POINT (8.69947525101962 45.8391747900063),FALSE,2019,22,Invasive Alien Species in Europe,https://easin.jrc.ec.europa.eu/ias/speciesreport/details/5da5e86c21dc7b184f5b80c1,2025-07-11T16:39:31.517
[WGS84 - EPSG:4326],Ailanthus altissima,CF55F1FE-645E-F011-9112-08F1EAD81ED0,103122386,R00460,IT,POINT (8.64475880018492 45.8180372252656),FALSE,2019,22,Invasive Alien Species in Europe,https://easin.jrc.ec.europa.eu/ias/speciesreport/details/5da6bcc921dc7b184f5b80cd,2025-07-11T16:39:31.517
[WGS84 - EPSG:4326],Pseudorasbora parva,D255F1FE-645E-F011-9112-08F1EAD81ED0,103122394,R12451,BG,POINT (26.5169405937195 44.0265892549186),FALSE,2019,22,Invasive Alien Species in Europe,https://easin.jrc.ec.europa.eu/ias/speciesreport/details/5d41b5dbe083441e2e07c98a,2025-07-11T16:39:31.517
[WGS84 - EPSG:4326],Faxonius limosus,D655F1FE-645E-F011-9112-08F1EAD81ED0,103122402,R10443,BG,POINT (22.9215177937203 43.8132587060636),FALSE,2019,22,Invasive Alien Species in Europe,https://easin.jrc.ec.europa.eu/ias/speciesreport/details/5debb18b1d2b6741a2e01f40,2025-07-11T16:39:31.517
[WGS84 - EPSG:4326],Ailanthus altissima,D855F1FE-645E-F011-9112-08F1EAD81ED0,103122410,R00460,IT,POINT (8.64610817982841 45.8943157616309),FALSE,2019,22,Invasive Alien Species in Europe,https://easin.jrc.ec.europa.eu/ias/speciesreport/details/5db29e9221dc7b184f5b80f2,2025-07-11T16:39:31.517
[WGS84 - EPSG:4326],Ailanthus altissima,DF55F1FE-645E-F011-9112-08F1EAD81ED0,103122418,R00460,IT,POINT (8.84639213802073 45.6433749018811),FALSE,2019,22,Invasive Alien Species in Europe,https://easin.jrc.ec.europa.eu/ias/speciesreport/details/5da5eb0b21dc7b184f5b80c6,2025-07-11T16:39:31.517
[WGS84 - EPSG:4326],Ailanthus altissima,E555F1FE-645E-F011-9112-08F1EAD81ED0,103122426,R00460,IT,POINT (8.71697473832876 45.8448535730152),FALSE,2019,22,Invasive Alien Species in Europe,https://easin.jrc.ec.europa.eu/ias/speciesreport/details/5d9ec9e121dc7b184f5b809e,2025-07-11T16:39:31.517
[WGS84 - EPSG:4326],Ailanthus altissima,8756F1FE-645E-F011-9112-08F1EAD81ED0,103122434,R00460,IT,POINT (8.81267459400267 45.8389748387447),FALSE,2019,22,Invasive Alien Species in Europe,https://easin.jrc.ec.europa.eu/ias/speciesreport/details/5d9d7f0821dc7b184f5b808b,2025-07-11T16:39:31.517
[WGS84 - EPSG:4326],Ailanthus altissima,8D56F1FE-645E-F011-9112-08F1EAD81ED0,103122442,R00460,IT,POINT (8.6445655566443 45.8188998519128),FALSE,2019,22,Invasive Alien Species in Europe,https://easin.jrc.ec.europa.eu/ias/speciesreport/details/5d9c34d621dc7b184f5b807e,2025-07-11T16:39:31.517
[WGS84 - EPSG:4326],Ailanthus altissima,9056F1FE-645E-F011-9112-08F1EAD81ED0,103122450,R00460,IT,POINT (8.84641816087455 45.6439347832868),FALSE,2019,22,Invasive Alien Species in Europe,https://easin.jrc.ec.europa.eu/ias/speciesreport/details/5da5ea1921dc7b184f5b80c4,2025-07-11T16:39:31.517
[WGS84 - EPSG:4326],Ailanthus altissima,9956F1FE-645E-F011-9112-08F1EAD81ED0,103122458,R00460,IT,POINT (8.79664446475508 45.8371620200255),FALSE,2019,22,Invasive Alien Species in Europe,https://easin.jrc.ec.europa.eu/ias/speciesreport/details/5d9c342a21dc7b184f5b807c,2025-07-11T16:39:31.517
[WGS84 - EPSG:4326],Ailanthus altissima,9F56F1FE-645E-F011-9112-08F1EAD81ED0,103122466,R00460,IT,POINT (8.82013517414135 45.8304473664828),FALSE,2019,22,Invasive Alien Species in Europe,https://easin.jrc.ec.europa.eu/ias/speciesreport/details/5da0254621dc7b184f5b80b5,2025-07-11T16:39:31.517
[WGS84 - EPSG:4326],Ailanthus altissima,A956F1FE-645E-F011-9112-08F1EAD81ED0,103122474,R00460,IT,POINT (8.83362250111575 45.7987453842587),FALSE,2019,22,Invasive Alien Species in Europe,https://easin.jrc.ec.europa.eu/ias/speciesreport/details/5dcbb50e14ca6438c35e794a,2025-07-11T16:39:31.517
[WGS84 - EPSG:4326],Sinanodonta woodiana,B356F1FE-645E-F011-9112-08F1EAD81ED0,103122482,R14111,BG,POINT (25.9184753894806 43.8142931605637),FALSE,2019,22,Invasive Alien Species in Europe,https://easin.jrc.ec.europa.eu/ias/speciesreport/details/5de92f661d2b6741a2e01f37,2025-07-11T16:39:31.517
[WGS84 - EPSG:4326],Ailanthus altissima,B756F1FE-645E-F011-9112-08F1EAD81ED0,103122490,R00460,IT,POINT (8.81440531462418 45.8387618241385),FALSE,2019,22,Invasive Alien Species in Europe,https://easin.jrc.ec.europa.eu/ias/speciesreport/details/5d9d80ab21dc7b184f5b808e,2025-07-11T16:39:31.517
[WGS84 - EPSG:4326],Ailanthus altissima,C256F1FE-645E-F011-9112-08F1EAD81ED0,103122498,R00460,IT,POINT (8.81979129169175 45.8269839968122),FALSE,2019,22,Invasive Alien Species in Europe,https://easin.jrc.ec.europa.eu/ias/speciesreport/details/5da0206d21dc7b184f5b80b0,2025-07-11T16:39:31.517
[WGS84 - EPSG:4326],Ailanthus altissima,4256F1FE-645E-F011-9112-08F1EAD81ED0,103122506,R00460,IT,POINT (8.80476961761717 45.8261008725614),FALSE,2019,22,Invasive Alien Species in Europe,https://easin.jrc.ec.europa.eu/ias/speciesreport/details/5da5668621dc7b184f5b80bd,2025-07-11T16:39:31.517
[WGS84 - EPSG:4326],Ailanthus altissima,4A56F1FE-645E-F011-9112-08F1EAD81ED0,103122514,R00460,IT,POINT (8.8322997353815 45.7939316808239),FALSE,2019,22,Invasive Alien Species in Europe,https://easin.jrc.ec.europa.eu/ias/speciesreport/details/5dcbbbad14ca6438c35e7950,2025-07-11T16:39:31.517
[WGS84 - EPSG:4326],Alopochen aegyptiaca,5456F1FE-645E-F011-9112-08F1EAD81ED0,103122522,R00644,UK,POINT (0.171725917607706 51.2940756138892),FALSE,2019,22,Invasive Alien Species in Europe,https://easin.jrc.ec.europa.eu/ias/speciesreport/details/5cbc783bc252d80ab4c629a9,2025-07-11T16:39:31.517
[WGS84 - EPSG:4326],Ailanthus altissima,5856F1FE-645E-F011-9112-08F1EAD81ED0,103122530,R00460,IT,POINT (8.82046480755107 45.8301379349482),FALSE,2019,22,Invasive Alien Species in Europe,https://easin.jrc.ec.europa.eu/ias/speciesreport/details/5da025c321dc7b184f5b80b6,2025-07-11T16:39:31.517
[WGS84 - EPSG:4326],Acacia saligna,5956F1FE-645E-F011-9112-08F1EAD81ED0,103122538,R00053,BA,POINT (15.5234396550804 45.0733520250695),FALSE,2019,22,Invasive Alien Species in Europe,https://easin.jrc.ec.europa.eu/ias/speciesreport/details/5ddfafe3db1656b882f90be7,2025-07-11T16:39:31.517
[WGS84 - EPSG:4326],Faxonius limosus,6356F1FE-645E-F011-9112-08F1EAD81ED0,103122546,R10443,RS,POINT (20.592246 44.8088744),FALSE,2019,22,Invasive Alien Species in Europe,https://easin.jrc.ec.europa.eu/ias/speciesreport/details/5d209778589d2309ab122d73,2025-07-11T16:39:31.517
[WGS84 - EPSG:4326],Ailanthus altissima,6D56F1FE-645E-F011-9112-08F1EAD81ED0,103122554,R00460,IT,POINT (8.8355055 45.8211968),FALSE,2019,22,Invasive Alien Species in Europe,https://easin.jrc.ec.europa.eu/ias/speciesreport/details/5dbfda1b37d867c837cbbf1a,2025-07-11T16:39:31.517
[WGS84 - EPSG:4326],Cenchrus setaceus,7256F1FE-645E-F011-9112-08F1EAD81ED0,103122562,R03000,ES,POINT (-4.47057401492202 36.7134797903412),FALSE,2019,22,Invasive Alien Species in Europe,https://easin.jrc.ec.europa.eu/ias/speciesreport/details/5ebb38e8354c549685821647,2025-07-11T16:39:31.517
[WGS84 - EPSG:4326],Ailanthus altissima,7856F1FE-645E-F011-9112-08F1EAD81ED0,103122570,R00460,IT,POINT (8.71534397837155 45.845205179043),FALSE,2019,22,Invasive Alien Species in Europe,https://easin.jrc.ec.europa.eu/ias/speciesreport/details/5d9ec7e821dc7b184f5b809b,2025-07-11T16:39:31.517
[WGS84 - EPSG:4326],Ailanthus altissima,7956F1FE-645E-F011-9112-08F1EAD81ED0,103122578,R00460,IT,POINT (8.71436852653207 45.845715063802),FALSE,2019,22,Invasive Alien Species in Europe,https://easin.jrc.ec.europa.eu/ias/speciesreport/details/5d9ec70421dc7b184f5b8099,2025-07-11T16:39:31.517
[WGS84 - EPSG:4326],Impatiens glandulifera,5857F1FE-645E-F011-9112-08F1EAD81ED0,103122586,R07719,IT,POINT (8.74618028593685 45.9746861410935),FALSE,2019,22,Invasive Alien Species in Europe,https://easin.jrc.ec.europa.eu/ias/speciesreport/details/5d5ea84fe06738509c214a86,2025-07-11T16:39:31.517
[WGS84 - EPSG:4326],Ailanthus altissima,5A57F1FE-645E-F011-9112-08F1EAD81ED0,103122594,R00460,IT,POINT (8.8058958870525 45.8251369075723),FALSE,2019,22,Invasive Alien Species in Europe,https://easin.jrc.ec.europa.eu/ias/speciesreport/details/5dbfea7d37d867c837cbbf27,2025-07-11T16:39:31.517
[WGS84 - EPSG:4326],Pectinatella magnifica,5E57F1FE-645E-F011-9112-08F1EAD81ED0,103122602,R10962,BG,POINT (22.9022991657257 43.8235903318504),FALSE,2019,22,Invasive Alien Species in Europe,https://easin.jrc.ec.europa.eu/ias/speciesreport/details/5dee0f741d2b6741a2e01f4f,2025-07-11T16:39:31.517
[WGS84 - EPSG:4326],Ailanthus altissima,6857F1FE-645E-F011-9112-08F1EAD81ED0,103122610,R00460,IT,POINT (8.6058761271316 45.797198541296),FALSE,2019,22,Invasive Alien Species in Europe,https://easin.jrc.ec.europa.eu/ias/speciesreport/details/5d9aeeca21dc7b184f5b806b,2025-07-11T16:39:31.517
[WGS84 - EPSG:4326],Ailanthus altissima,6A57F1FE-645E-F011-9112-08F1EAD81ED0,103122618,R00460,IT,POINT (8.81101610186548 45.8363051618163),FALSE,2019,22,Invasive Alien Species in Europe,https://easin.jrc.ec.europa.eu/ias/speciesreport/details/5dab2afd21dc7b184f5b80e9,2025-07-11T16:39:31.517
[WGS84 - EPSG:4326],Ailanthus altissima,7157F1FE-645E-F011-9112-08F1EAD81ED0,103122626,R00460,SI,POINT (14.4863037916331 46.0466836444143),FALSE,2019,22,Invasive Alien Species in Europe,https://easin.jrc.ec.europa.eu/ias/speciesreport/details/5d89b55daff686f19b23fdc1,2025-07-11T16:39:31.517
[WGS84 - EPSG:4326],Faxonius limosus,2A57F1FE-645E-F011-9112-08F1EAD81ED0,103122634,R10443,BG,POINT (22.8254324197769 43.9203929291055),FALSE,2019,22,Invasive Alien Species in Europe,https://easin.jrc.ec.europa.eu/ias/speciesreport/details/5d5821ece06738509c214a76,2025-07-11T16:39:31.517
[WGS84 - EPSG:4326],Ailanthus altissima,2657F1FE-645E-F011-9112-08F1EAD81ED0,103122642,R00460,IT,POINT (8.82096299707917 45.827413617977),FALSE,2019,22,Invasive Alien Species in Europe,https://easin.jrc.ec.europa.eu/ias/speciesreport/details/5da01d4821dc7b184f5b80aa,2025-07-11T16:39:31.517
[WGS84 - EPSG:4326],Ailanthus altissima,1F57F1FE-645E-F011-9112-08F1EAD81ED0,103122650,R00460,IT,POINT (8.61629754531678 45.8538757809181),FALSE,2019,22,Invasive Alien Species in Europe,https://easin.jrc.ec.europa.eu/ias/speciesreport/details/5db2a5c921dc7b184f5b80f8,2025-07-11T16:39:31.517
[WGS84 - EPSG:4326],Ailanthus altissima,0F57F1FE-645E-F011-9112-08F1EAD81ED0,103122658,R00460,IT,POINT (8.82200837464424 45.8283677538702),FALSE,2019,22,Invasive Alien Species in Europe,https://easin.jrc.ec.europa.eu/ias/speciesreport/details/5da01c3a21dc7b184f5b80a8,2025-07-11T16:39:31.517
[WGS84 - EPSG:4326],Sinanodonta woodiana,1257F1FE-645E-F011-9112-08F1EAD81ED0,103122666,R14111,BG,POINT (25.7244812993486 43.4690287996049),FALSE,2019,22,Invasive Alien Species in Europe,https://easin.jrc.ec.europa.eu/ias/speciesreport/details/5d6aaad8f753e44034c3481f,2025-07-11T16:39:31.517
[WGS84 - EPSG:4326],Ailanthus altissima,3557F1FE-645E-F011-9112-08F1EAD81ED0,103122674,R00460,IT,POINT (8.81629228591919 45.8406248740333),FALSE,2019,22,Invasive Alien Species in Europe,https://easin.jrc.ec.europa.eu/ias/speciesreport/details/5d9d851221dc7b184f5b808f,2025-07-11T16:39:31.517
[WGS84 - EPSG:4326],Ailanthus altissima,3657F1FE-645E-F011-9112-08F1EAD81ED0,103122682,R00460,IT,POINT (9.3253084 45.5796728),FALSE,2019,22,Invasive Alien Species in Europe,https://easin.jrc.ec.europa.eu/ias/speciesreport/details/5dd4f1c6cfba5d150d897884,2025-07-11T16:39:31.517
[WGS84 - EPSG:4326],Ailanthus altissima,3757F1FE-645E-F011-9112-08F1EAD81ED0,103122690,R00460,IT,POINT (8.81986805585523 45.8270956713559),FALSE,2019,22,Invasive Alien Species in Europe,https://easin.jrc.ec.europa.eu/ias/speciesreport/details/5da0200c21dc7b184f5b80af,2025-07-11T16:39:31.517
[WGS84 - EPSG:4326],Heracleum mantegazzianum,3857F1FE-645E-F011-9112-08F1EAD81ED0,103122698,R07248,BE,POINT (5.69460868835449 50.8498489732418),FALSE,2019,22,Invasive Alien Species in Europe,https://easin.jrc.ec.europa.eu/ias/speciesreport/details/5d53c7ece06738509c214a70,2025-07-11T16:39:31.517
[WGS84 - EPSG:4326],Corbicula fluminea,3957F1FE-645E-F011-9112-08F1EAD81ED0,103122706,R04013,BG,POINT (25.5913531780243 43.6128848075984),FALSE,2019,22,Invasive Alien Species in Europe,https://easin.jrc.ec.europa.eu/ias/speciesreport/details/5d6ad0bef753e44034c34825,2025-07-11T16:39:31.517
[WGS84 - EPSG:4326],Acacia saligna,3B57F1FE-645E-F011-9112-08F1EAD81ED0,103122714,R00053,IT,POINT (16.6554733 38.8449315),FALSE,2019,22,Invasive Alien Species in Europe,https://easin.jrc.ec.europa.eu/ias/speciesreport/details/5db3196821dc7b184f5b80fd,2025-07-11T16:39:31.517
[WGS84 - EPSG:4326],Ludwigia grandiflora,3F57F1FE-645E-F011-9112-08F1EAD81ED0,103122722,R17663,ES,POINT (2.98556327841652 42.0827607302276),FALSE,2019,22,Invasive Alien Species in Europe,https://easin.jrc.ec.europa.eu/ias/speciesreport/details/5e118a45f33ad825e8d713b4,2025-07-11T16:39:31.517
[WGS84 - EPSG:4326],Corbicula fluminea,4457F1FE-645E-F011-9112-08F1EAD81ED0,103122730,R04013,BG,POINT (25.5520105361938 43.0757846244754),FALSE,2019,22,Invasive Alien Species in Europe,https://easin.jrc.ec.europa.eu/ias/speciesreport/details/5d6ac534f753e44034c34820,2025-07-11T16:39:31.517
[WGS84 - EPSG:4326],Sinanodonta woodiana,F456F1FE-645E-F011-9112-08F1EAD81ED0,103122738,R14111,BG,POINT (25.5913960933685 43.6128382004377),FALSE,2019,22,Invasive Alien Species in Europe,https://easin.jrc.ec.europa.eu/ias/speciesreport/details/5d6aaa13f753e44034c3481e,2025-07-11T16:39:31.517
[WGS84 - EPSG:4326],Sinanodonta woodiana,F856F1FE-645E-F011-9112-08F1EAD81ED0,103122746,R14111,HR,POINT (19.3830622 45.2341154),FALSE,2019,22,Invasive Alien Species in Europe,https://easin.jrc.ec.europa.eu/ias/speciesreport/details/5d2446fb589d2309ab122d7f,2025-07-11T16:39:31.517
[WGS84 - EPSG:4326],Pseudorasbora parva,FD56F1FE-645E-F011-9112-08F1EAD81ED0,103122754,R12451,BG,POINT (22.9259777069092 43.8201108356773),FALSE,2019,22,Invasive Alien Species in Europe,https://easin.jrc.ec.europa.eu/ias/speciesreport/details/5debb50e1d2b6741a2e01f43,2025-07-11T16:39:31.517
[WGS84 - EPSG:4326],Ailanthus altissima,0557F1FE-645E-F011-9112-08F1EAD81ED0,103122762,R00460,RO,POINT (26.1091551 44.404679),FALSE,2019,22,Invasive Alien Species in Europe,https://easin.jrc.ec.europa.eu/ias/speciesreport/details/5d94a21e08717f095486f592,2025-07-11T16:39:31.517
[WGS84 - EPSG:4326],Ailanthus altissima,0657F1FE-645E-F011-9112-08F1EAD81ED0,103122770,R00460,IT,POINT (8.65052208769357 45.8935310598409),FALSE,2019,22,Invasive Alien Species in Europe,https://easin.jrc.ec.europa.eu/ias/speciesreport/details/5da9d87b21dc7b184f5b80de,2025-07-11T16:39:31.517
[WGS84 - EPSG:4326],Ailanthus altissima,0857F1FE-645E-F011-9112-08F1EAD81ED0,103122778,R00460,IT,POINT (8.61993205323195 45.8558112342093),FALSE,2019,22,Invasive Alien Species in Europe,https://easin.jrc.ec.europa.eu/ias/speciesreport/details/5db2a8d621dc7b184f5b80fa,2025-07-11T16:39:31.517
[WGS84 - EPSG:4326],Ailanthus altissima,D656F1FE-645E-F011-9112-08F1EAD81ED0,103122786,R00460,CY,POINT (33.0348264 34.6720808),FALSE,2019,22,Invasive Alien Species in Europe,https://easin.jrc.ec.europa.eu/ias/speciesreport/details/5f22ec76a63246b559786cf9,2025-07-11T16:39:31.517
[WGS84 - EPSG:4326],Ailanthus altissima,DB56F1FE-645E-F011-9112-08F1EAD81ED0,103122794,R00460,IT,POINT (10.8798059 45.6465742),FALSE,2019,22,Invasive Alien Species in Europe,https://easin.jrc.ec.europa.eu/ias/speciesreport/details/5da72c2d21dc7b184f5b80d1,2025-07-11T16:39:31.517
[WGS84 - EPSG:4326],Myriophyllum aquaticum,DD56F1FE-645E-F011-9112-08F1EAD81ED0,108051486,R18934,UK,POINT (1.23723826027469 51.3630404705583),FALSE,2020,22,Invasive Alien Species in Europe,https://easin.jrc.ec.europa.eu/ias/speciesreport/details/5f5120a4a63246b559786d1a,2025-07-11T16:39:31.517
[WGS84 - EPSG:4326],Ailanthus altissima,C956F1FE-645E-F011-9112-08F1EAD81ED0,108051494,R00460,FR,POINT (-0.0670769 47.2628978),FALSE,2020,22,Invasive Alien Species in Europe,https://easin.jrc.ec.europa.eu/ias/speciesreport/details/5f09dea8b85bd8186b6d13fc,2025-07-11T16:39:31.517
[WGS84 - EPSG:4326],Alburnus alburnus,CD56F1FE-645E-F011-9112-08F1EAD81ED0,108051502,R00481,ES,POINT (-3.54781662637834 40.8945294576735),FALSE,2020,22,Invasive Alien Species in Europe,https://easin.jrc.ec.europa.eu/ias/speciesreport/details/6037f93a4e1d4726d9780359,2025-07-11T16:39:31.517
[WGS84 - EPSG:4326],Ailanthus altissima,CE56F1FE-645E-F011-9112-08F1EAD81ED0,108051510,R00460,FR,POINT (-1.3722801 45.9845357),FALSE,2020,22,Invasive Alien Species in Europe,https://easin.jrc.ec.europa.eu/ias/speciesreport/details/5efa4264b85bd8186b6d13e8,2025-07-11T16:39:31.517
[WGS84 - EPSG:4326],Impatiens glandulifera,0757F1FE-645E-F011-9112-08F1EAD81ED0,108051518,R07719,BE,POINT (5.3570873 49.7378823),FALSE,2020,22,Invasive Alien Species in Europe,https://easin.jrc.ec.europa.eu/ias/speciesreport/details/5f2e5d32a63246b559786d05,2025-07-11T16:39:31.517
[WGS84 - EPSG:4326],Ailanthus altissima,0357F1FE-645E-F011-9112-08F1EAD81ED0,108051526,R00460,IT,POINT (8.8680246 45.7749706),FALSE,2020,22,Invasive Alien Species in Europe,https://easin.jrc.ec.europa.eu/ias/speciesreport/details/5f318a69a63246b559786d0f,2025-07-11T16:39:31.517
[WGS84 - EPSG:4326],Vespa velutina nigrithorax,F556F1FE-645E-F011-9112-08F1EAD81ED0,108051534,R15970,ES,POINT (-6.00999355316162 43.3682611616937),FALSE,2020,22,Invasive Alien Species in Europe,https://easin.jrc.ec.europa.eu/ias/speciesreport/details/5f0c621db85bd8186b6d13fd,2025-07-11T16:39:31.517
[WGS84 - EPSG:4326],Myocastor coypus,EC56F1FE-645E-F011-9112-08F1EAD81ED0,108051542,R09720,FR,POINT (-1.3903437 46.0129797),FALSE,2020,22,Invasive Alien Species in Europe,https://easin.jrc.ec.europa.eu/ias/speciesreport/details/5ef8cc79b85bd8186b6d13e0,2025-07-11T16:39:31.517
[WGS84 - EPSG:4326],Ailanthus altissima,3E57F1FE-645E-F011-9112-08F1EAD81ED0,108051550,R00460,IT,POINT (12.4920321 41.8942422),FALSE,2020,22,Invasive Alien Species in Europe,https://easin.jrc.ec.europa.eu/ias/speciesreport/details/5f2fb803a63246b559786d08,2025-07-11T16:39:31.517
[WGS84 - EPSG:4326],Ailanthus altissima,0C57F1FE-645E-F011-9112-08F1EAD81ED0,108051558,R00460,IT,POINT (12.50250634 41.8758364),FALSE,2020,22,Invasive Alien Species in Europe,https://easin.jrc.ec.europa.eu/ias/speciesreport/details/5f2fe6aaa63246b559786d0d,2025-07-11T16:39:31.517
[WGS84 - EPSG:4326],Elodea nuttallii,1557F1FE-645E-F011-9112-08F1EAD81ED0,108051566,R05501,BE,POINT (5.3625645 49.7153248),FALSE,2020,22,Invasive Alien Species in Europe,https://easin.jrc.ec.europa.eu/ias/speciesreport/details/5f2bde4ba63246b559786cff,2025-07-11T16:39:31.517
[WGS84 - EPSG:4326],Vespa velutina nigrithorax,2057F1FE-645E-F011-9112-08F1EAD81ED0,108051574,R15970,ES,POINT (-5.8257211 43.1600385),FALSE,2020,22,Invasive Alien Species in Europe,https://easin.jrc.ec.europa.eu/ias/speciesreport/details/5f6898b36e813246b0280252,2025-07-11T16:39:31.517
[WGS84 - EPSG:4326],Procyon lotor,5957F1FE-645E-F011-9112-08F1EAD81ED0,108051582,R12260,BE,POINT (5.4665316 49.6877875),FALSE,2020,22,Invasive Alien Species in Europe,https://easin.jrc.ec.europa.eu/ias/speciesreport/details/5f22f871a63246b559786cfb,2025-07-11T16:39:31.517
[WGS84 - EPSG:4326],Ailanthus altissima,6F56F1FE-645E-F011-9112-08F1EAD81ED0,108051590,R00460,IT,POINT (13.7548036 43.2403758),FALSE,2020,22,Invasive Alien Species in Europe,https://easin.jrc.ec.europa.eu/ias/speciesreport/details/5eedd80ab85bd8186b6d13d9,2025-07-11T16:39:31.517
[WGS84 - EPSG:4326],Procambarus clarkii,4E56F1FE-645E-F011-9112-08F1EAD81ED0,108051598,R12250,ES,POINT (-6.20807158204116 40.8833002648788),FALSE,2020,22,Invasive Alien Species in Europe,https://easin.jrc.ec.europa.eu/ias/speciesreport/details/5eed05b1b85bd8186b6d13d8,2025-07-11T16:39:31.517
[WGS84 - EPSG:4326],Heracleum mantegazzianum,5156F1FE-645E-F011-9112-08F1EAD81ED0,108051606,R07248,DE,POINT (8.3163491 50.7831615),FALSE,2020,22,Invasive Alien Species in Europe,https://easin.jrc.ec.europa.eu/ias/speciesreport/details/5f08290cb85bd8186b6d13fb,2025-07-11T16:39:31.517
[WGS84 - EPSG:4326],Ailanthus altissima,3956F1FE-645E-F011-9112-08F1EAD81ED0,108051614,R00460,FR,POINT (1.8326117 48.6412432),FALSE,2020,22,Invasive Alien Species in Europe,https://easin.jrc.ec.europa.eu/ias/speciesreport/details/5f26f0e4a63246b559786cfd,2025-07-11T16:39:31.517
[WGS84 - EPSG:4326],Ailanthus altissima,3E56F1FE-645E-F011-9112-08F1EAD81ED0,108051622,R00460,IT,POINT (8.8371587 45.8078065),FALSE,2020,22,Invasive Alien Species in Europe,https://easin.jrc.ec.europa.eu/ias/speciesreport/details/5ee76af3b85bd8186b6d13cc,2025-07-11T16:39:31.517
[WGS84 - EPSG:4326],Vespa velutina nigrithorax,9D56F1FE-645E-F011-9112-08F1EAD81ED0,108051630,R15970,ES,POINT (-5.8258363886307 43.1600629029483),FALSE,2020,22,Invasive Alien Species in Europe,https://easin.jrc.ec.europa.eu/ias/speciesreport/details/5f7de0907d900fa6ae0d9774,2025-07-11T16:39:31.517
[WGS84 - EPSG:4326],Ailanthus altissima,8056F1FE-645E-F011-9112-08F1EAD81ED0,108051638,R00460,FR,POINT (2.2804593 48.8786975),FALSE,2020,22,Invasive Alien Species in Europe,https://easin.jrc.ec.europa.eu/ias/speciesreport/details/5f140a30b85bd8186b6d13ff,2025-07-11T16:39:31.517
[WGS84 - EPSG:4326],Dreissena rostriformis,8256F1FE-645E-F011-9112-08F1EAD81ED0,108051646,R05291,BG,POINT (23.1898319721222 43.388504980194),FALSE,2020,22,Invasive Alien Species in Europe,https://easin.jrc.ec.europa.eu/ias/speciesreport/details/63020811fdeaaa18ae203b56,2025-07-11T16:39:31.517
[WGS84 - EPSG:4326],Callinectes sapidus,E355F1FE-645E-F011-9112-08F1EAD81ED0,108051654,R02554,ES,POINT (-4.49857220199192 36.6158200476073),FALSE,2020,22,Invasive Alien Species in Europe,https://easin.jrc.ec.europa.eu/ias/speciesreport/details/619f5dea7faf3095cb53ebd5,2025-07-11T16:39:31.517
[WGS84 - EPSG:4326],Vespa velutina nigrithorax,DC55F1FE-645E-F011-9112-08F1EAD81ED0,108051662,R15970,ES,POINT (-5.8962387 43.550931),FALSE,2020,22,Invasive Alien Species in Europe,https://easin.jrc.ec.europa.eu/ias/speciesreport/details/5f5f52546e813246b028024e,2025-07-11T16:39:31.517
[WGS84 - EPSG:4326],Ailanthus altissima,DD55F1FE-645E-F011-9112-08F1EAD81ED0,108051670,R00460,ES,POINT (-4.01141940610614 37.2210131722631),FALSE,2020,22,Invasive Alien Species in Europe,https://easin.jrc.ec.europa.eu/ias/speciesreport/details/5ee50556b85bd8186b6d13ca,2025-07-11T16:39:31.517
[WGS84 - EPSG:4326],Elodea nuttallii,C655F1FE-645E-F011-9112-08F1EAD81ED0,108051678,R05501,BE,POINT (5.1864931 49.4867783),FALSE,2020,22,Invasive Alien Species in Europe,https://easin.jrc.ec.europa.eu/ias/speciesreport/details/5f25970ea63246b559786cfc,2025-07-11T16:39:31.517
[WGS84 - EPSG:4326],Acacia saligna,BF55F1FE-645E-F011-9112-08F1EAD81ED0,108051686,R00053,MT,POINT (14.4962403 35.8857739),FALSE,2020,22,Invasive Alien Species in Europe,https://easin.jrc.ec.europa.eu/ias/speciesreport/details/5e2ad92ef33ad825e8d713b5,2025-07-11T16:39:31.517
[WGS84 - EPSG:4326],Elodea nuttallii,A155F1FE-645E-F011-9112-08F1EAD81ED0,108051694,R05501,IT,POINT (8.6141206 45.8157275),FALSE,2020,22,Invasive Alien Species in Europe,https://easin.jrc.ec.europa.eu/ias/speciesreport/details/5ef79e7fb85bd8186b6d13de,2025-07-11T16:39:31.517
[WGS84 - EPSG:4326],Alopochen aegyptiaca,A755F1FE-645E-F011-9112-08F1EAD81ED0,108051702,R00644,FR,POINT (-1.27440121870677 45.9277793824049),FALSE,2020,22,Invasive Alien Species in Europe,https://easin.jrc.ec.europa.eu/ias/speciesreport/details/5ef8d2e2b85bd8186b6d13e2,2025-07-11T16:39:31.517
[WGS84 - EPSG:4326],Ailanthus altissima,584FF1FE-645E-F011-9112-08F1EAD81ED0,110282033,R00460,FR,POINT (-1.3889575 46.0102213),FALSE,2020,22,Invasive Alien Species in Europe,https://easin.jrc.ec.europa.eu/ias/speciesreport/details/5ef88fdfb85bd8186b6d13df,2025-07-11T16:39:31.517
[WGS84 - EPSG:4326],Ailanthus altissima,164FF1FE-645E-F011-9112-08F1EAD81ED0,110282041,R00460,IT,POINT (12.49755522 41.87844017),FALSE,2020,22,Invasive Alien Species in Europe,https://easin.jrc.ec.europa.eu/ias/speciesreport/details/5f2fd922a63246b559786d0b,2025-07-11T16:39:31.517
[WGS84 - EPSG:4326],Ailanthus altissima,124FF1FE-645E-F011-9112-08F1EAD81ED0,110282049,R00460,FR,POINT (-1.38672351837158 45.967949558019),FALSE,2020,22,Invasive Alien Species in Europe,https://easin.jrc.ec.europa.eu/ias/speciesreport/details/5eeab280b85bd8186b6d13d1,2025-07-11T16:39:31.517
[WGS84 - EPSG:4326],Fraxinus pennsylvanica,FC4EF1FE-645E-F011-9112-08F1EAD81ED0,110282057,R06407,RS,POINT (19.984608643883 44.73216610156),FALSE,2020,22,Invasive Alien Species in Europe,https://easin.jrc.ec.europa.eu/ias/speciesreport/details/5fb7a3de89fb3bac91b14fe1,2025-07-11T16:39:31.517
[WGS84 - EPSG:4326],Echinocystis lobata,D44EF1FE-645E-F011-9112-08F1EAD81ED0,110282065,R05386,RS,POINT (19.9897492681067 44.7282084118362),FALSE,2020,22,Invasive Alien Species in Europe,https://easin.jrc.ec.europa.eu/ias/speciesreport/details/5fb7a5e489fb3bac91b14fe3,2025-07-11T16:39:31.517
[WGS84 - EPSG:4326],Phytolacca americana,E24EF1FE-645E-F011-9112-08F1EAD81ED0,110282073,R11485,RS,POINT (19.9866051357031 44.734787987307),FALSE,2020,22,Invasive Alien Species in Europe,https://easin.jrc.ec.europa.eu/ias/speciesreport/details/5fb791a689fb3bac91b14fdf,2025-07-11T16:39:31.517
[WGS84 - EPSG:4326],Elodea nuttallii,E94FF1FE-645E-F011-9112-08F1EAD81ED0,110282185,R05501,BE,POINT (5.4367246 49.6988916),FALSE,2020,22,Invasive Alien Species in Europe,https://easin.jrc.ec.europa.eu/ias/speciesreport/details/5f22ec6aa63246b559786cf5,2025-07-11T16:39:31.517
[WGS84 - EPSG:4326],Ailanthus altissima,7450F1FE-645E-F011-9112-08F1EAD81ED0,110282193,R00460,FR,POINT (0.993669 47.4101721),FALSE,2020,22,Invasive Alien Species in Europe,https://easin.jrc.ec.europa.eu/ias/speciesreport/details/5f05acb0b85bd8186b6d13f8,2025-07-11T16:39:31.517
[WGS84 - EPSG:4326],Vespa velutina nigrithorax,7650F1FE-645E-F011-9112-08F1EAD81ED0,110282201,R15970,ES,POINT (-5.9285988 43.319584),FALSE,2020,22,Invasive Alien Species in Europe,https://easin.jrc.ec.europa.eu/ias/speciesreport/details/5f060551b85bd8186b6d13f9,2025-07-11T16:39:31.517
[WGS84 - EPSG:4326],Ailanthus altissima,3652F1FE-645E-F011-9112-08F1EAD81ED0,110282209,R00460,FR,POINT (5.57805 43.2914874),FALSE,2020,22,Invasive Alien Species in Europe,https://easin.jrc.ec.europa.eu/ias/speciesreport/details/5f413bc4a63246b559786d11,2025-07-11T16:39:31.517
[WGS84 - EPSG:4326],Heracleum mantegazzianum,2752F1FE-645E-F011-9112-08F1EAD81ED0,110282217,R07248,FI,POINT (24.4628548 60.2742619),FALSE,2020,22,Invasive Alien Species in Europe,https://easin.jrc.ec.europa.eu/ias/speciesreport/details/5f2e4ff9a63246b559786d03,2025-07-11T16:39:31.517
[WGS84 - EPSG:4326],Elodea nuttallii,6A52F1FE-645E-F011-9112-08F1EAD81ED0,110282225,R05501,IT,POINT (8.6141089 45.8157299),FALSE,2020,22,Invasive Alien Species in Europe,https://easin.jrc.ec.europa.eu/ias/speciesreport/details/5ef47cf7b85bd8186b6d13dd,2025-07-11T16:39:31.517
[WGS84 - EPSG:4326],Alopochen aegyptiaca,7352F1FE-645E-F011-9112-08F1EAD81ED0,110282233,R00644,BE,POINT (3.7176136 51.0649761),FALSE,2020,22,Invasive Alien Species in Europe,https://easin.jrc.ec.europa.eu/ias/speciesreport/details/5f22ec74a63246b559786cf8,2025-07-11T16:39:31.517
[WGS84 - EPSG:4326],Ailanthus altissima,1B52F1FE-645E-F011-9112-08F1EAD81ED0,110282241,R00460,ES,POINT (-3.0881501 40.9482878),FALSE,2020,22,Invasive Alien Species in Europe,https://easin.jrc.ec.europa.eu/ias/speciesreport/details/5fa6b60d7d900fa6ae0d977e,2025-07-11T16:39:31.517
[WGS84 - EPSG:4326],Ailanthus altissima,1852F1FE-645E-F011-9112-08F1EAD81ED0,110282249,R00460,FR,POINT (1.90732698 47.9251899),FALSE,2020,22,Invasive Alien Species in Europe,https://easin.jrc.ec.europa.eu/ias/speciesreport/details/5f0064dfb85bd8186b6d13ed,2025-07-11T16:39:31.517
[WGS84 - EPSG:4326],Ludwigia peploides,0352F1FE-645E-F011-9112-08F1EAD81ED0,110282257,R08830,ES,POINT (-6.52237152506132 39.9794159189182),FALSE,2020,22,Invasive Alien Species in Europe,https://easin.jrc.ec.europa.eu/ias/speciesreport/details/5e675a8bd9f07fc1abfaad6e,2025-07-11T16:39:31.517
[WGS84 - EPSG:4326],Asclepias syriaca,8152F1FE-645E-F011-9112-08F1EAD81ED0,110282265,R01529,BE,POINT (5.5812853 49.6719479),FALSE,2020,22,Invasive Alien Species in Europe,https://easin.jrc.ec.europa.eu/ias/speciesreport/details/5f22ec6da63246b559786cf6,2025-07-11T16:39:31.517
[WGS84 - EPSG:4326],Vespa velutina nigrithorax,D852F1FE-645E-F011-9112-08F1EAD81ED0,110282273,R15970,ES,POINT (-5.8282072 43.1593874),FALSE,2020,22,Invasive Alien Species in Europe,https://easin.jrc.ec.europa.eu/ias/speciesreport/details/5f5f94b66e813246b0280250,2025-07-11T16:39:31.517
[WGS84 - EPSG:4326],Ailanthus altissima,FC52F1FE-645E-F011-9112-08F1EAD81ED0,110282281,R00460,FR,POINT (2.2363517 48.884532),FALSE,2020,22,Invasive Alien Species in Europe,https://easin.jrc.ec.europa.eu/ias/speciesreport/details/5f004199b85bd8186b6d13ec,2025-07-11T16:39:31.517
[WGS84 - EPSG:4326],Vespa velutina nigrithorax,0B53F1FE-645E-F011-9112-08F1EAD81ED0,110282289,R15970,ES,POINT (-5.8270288 43.1546357),FALSE,2020,22,Invasive Alien Species in Europe,https://easin.jrc.ec.europa.eu/ias/speciesreport/details/5f804dbf7d900fa6ae0d9775,2025-07-11T16:39:31.517
[WGS84 - EPSG:4326],Asclepias syriaca,D850F1FE-645E-F011-9112-08F1EAD81ED0,110282297,R01529,AT,POINT (16.4834304257615 48.1778850275802),FALSE,2020,22,Invasive Alien Species in Europe,https://easin.jrc.ec.europa.eu/ias/speciesreport/details/5ec6a404354c549685821648,2025-07-11T16:39:31.517
[WGS84 - EPSG:4326],Ailanthus altissima,B050F1FE-645E-F011-9112-08F1EAD81ED0,110282305,R00460,ES,POINT (-3.1737198 40.6428475),FALSE,2020,22,Invasive Alien Species in Europe,https://easin.jrc.ec.europa.eu/ias/speciesreport/details/5fac18d5d49a6043f575cd93,2025-07-11T16:39:31.517
[WGS84 - EPSG:4326],Asclepias syriaca,CC50F1FE-645E-F011-9112-08F1EAD81ED0,110282313,R01529,HR,POINT (16.2261316 45.6517607),FALSE,2020,22,Invasive Alien Species in Europe,https://easin.jrc.ec.europa.eu/ias/speciesreport/details/5f914c6d7d900fa6ae0d977a,2025-07-11T16:39:31.517
[WGS84 - EPSG:4326],Trachemys scripta,BF50F1FE-645E-F011-9112-08F1EAD81ED0,110282321,R18154,EL,POINT (22.9500907972056 40.6035961953632),FALSE,2020,22,Invasive Alien Species in Europe,https://easin.jrc.ec.europa.eu/ias/speciesreport/details/5e4923d8d9f07fc1abfaad6a,2025-07-11T16:39:31.517
[WGS84 - EPSG:4326],Ailanthus altissima,1C51F1FE-645E-F011-9112-08F1EAD81ED0,110282329,R00460,IT,POINT (12.5001666 41.87606424),FALSE,2020,22,Invasive Alien Species in Europe,https://easin.jrc.ec.europa.eu/ias/speciesreport/details/5f2fda47a63246b559786d0c,2025-07-11T16:39:31.517
[WGS84 - EPSG:4326],Ailanthus altissima,1651F1FE-645E-F011-9112-08F1EAD81ED0,110282337,R00460,FR,POINT (1.65960385 47.7896671),FALSE,2020,22,Invasive Alien Species in Europe,https://easin.jrc.ec.europa.eu/ias/speciesreport/details/5f01fc13b85bd8186b6d13f4,2025-07-11T16:39:31.517
[WGS84 - EPSG:4326],Ailanthus altissima,0851F1FE-645E-F011-9112-08F1EAD81ED0,110282345,R00460,FR,POINT (-1.3767514 45.9707769),FALSE,2020,22,Invasive Alien Species in Europe,https://easin.jrc.ec.europa.eu/ias/speciesreport/details/5efa41bfb85bd8186b6d13e7,2025-07-11T16:39:31.517
[WGS84 - EPSG:4326],Heracleum mantegazzianum,FE50F1FE-645E-F011-9112-08F1EAD81ED0,110282353,R07248,DE,POINT (8.28937550613773 50.7402303113993),FALSE,2020,22,Invasive Alien Species in Europe,https://easin.jrc.ec.europa.eu/ias/speciesreport/details/5ede8f678fcb0dd1738728f9,2025-07-11T16:39:31.517
[WGS84 - EPSG:4326],Bidens frondosa,0451F1FE-645E-F011-9112-08F1EAD81ED0,110282361,R18515,RS,POINT (19.985675772707 44.7335354671168),FALSE,2020,22,Invasive Alien Species in Europe,https://easin.jrc.ec.europa.eu/ias/speciesreport/details/5fb7935789fb3bac91b14fe0,2025-07-11T16:39:31.517
[WGS84 - EPSG:4326],Pontederia crassipes,8851F1FE-645E-F011-9112-08F1EAD81ED0,110282369,R05440,IT,POINT (12.2539484575464 41.7519400018858),FALSE,2020,22,Invasive Alien Species in Europe,https://easin.jrc.ec.europa.eu/ias/speciesreport/details/5f55571da63246b559786d1b,2025-07-11T16:39:31.517
[WGS84 - EPSG:4326],Ailanthus altissima,8451F1FE-645E-F011-9112-08F1EAD81ED0,110282377,R00460,IT,POINT (12.4882913 41.8841744),FALSE,2020,22,Invasive Alien Species in Europe,https://easin.jrc.ec.europa.eu/ias/speciesreport/details/5f2fbd47a63246b559786d09,2025-07-11T16:39:31.517
[WGS84 - EPSG:4326],Alopochen aegyptiaca,6951F1FE-645E-F011-9112-08F1EAD81ED0,110282385,R00644,NL,POINT (4.857076 52.3554052),FALSE,2020,22,Invasive Alien Species in Europe,https://easin.jrc.ec.europa.eu/ias/speciesreport/details/5f05890ab85bd8186b6d13f7,2025-07-11T16:39:31.517
[WGS84 - EPSG:4326],Bidens frondosa,6D51F1FE-645E-F011-9112-08F1EAD81ED0,110282393,R18515,RS,POINT (19.989831185371 44.726925044873),FALSE,2020,22,Invasive Alien Species in Europe,https://easin.jrc.ec.europa.eu/ias/speciesreport/details/5fb7a51889fb3bac91b14fe2,2025-07-11T16:39:31.517
[WGS84 - EPSG:4326],Echinocystis lobata,9751F1FE-645E-F011-9112-08F1EAD81ED0,110282401,R05386,RS,POINT (19.9879140297059 44.7352540105187),FALSE,2020,22,Invasive Alien Species in Europe,https://easin.jrc.ec.europa.eu/ias/speciesreport/details/5fb7ab5489fb3bac91b14fe4,2025-07-11T16:39:31.517
[WGS84 - EPSG:4326],Ailanthus altissima,D951F1FE-645E-F011-9112-08F1EAD81ED0,110282409,R00460,FR,POINT (4.6208109 43.65684903),FALSE,2020,22,Invasive Alien Species in Europe,https://easin.jrc.ec.europa.eu/ias/speciesreport/details/5f4628d9a63246b559786d16,2025-07-11T16:39:31.517
[WGS84 - EPSG:4326],Ailanthus altissima,DA51F1FE-645E-F011-9112-08F1EAD81ED0,110282417,R00460,IT,POINT (8.8312369 45.8198698),FALSE,2020,22,Invasive Alien Species in Europe,https://easin.jrc.ec.europa.eu/ias/speciesreport/details/5eecbadeb85bd8186b6d13d7,2025-07-11T16:39:31.517
[WGS84 - EPSG:4326],Heracleum mantegazzianum,CE51F1FE-645E-F011-9112-08F1EAD81ED0,110282425,R07248,DE,POINT (8.2861896 50.7328277),FALSE,2020,22,Invasive Alien Species in Europe,https://easin.jrc.ec.europa.eu/ias/speciesreport/details/5ee8b1b0b85bd8186b6d13ce,2025-07-11T16:39:31.517
[WGS84 - EPSG:4326],Ailanthus altissima,9055F1FE-645E-F011-9112-08F1EAD81ED0,110282449,R00460,IT,POINT (12.4920321 41.8942422),FALSE,2020,22,Invasive Alien Species in Europe,https://easin.jrc.ec.europa.eu/ias/speciesreport/details/5f2fb6a7a63246b559786d07,2025-07-11T16:39:31.517
[WGS84 - EPSG:4326],Ailanthus altissima,9155F1FE-645E-F011-9112-08F1EAD81ED0,110282457,R00460,FR,POINT (1.90886323 47.91697457),FALSE,2020,22,Invasive Alien Species in Europe,https://easin.jrc.ec.europa.eu/ias/speciesreport/details/5f0067d9b85bd8186b6d13ee,2025-07-11T16:39:31.517
[WGS84 - EPSG:4326],Ailanthus altissima,9655F1FE-645E-F011-9112-08F1EAD81ED0,110282465,R00460,IT,POINT (12.49318453 41.87997251),FALSE,2020,22,Invasive Alien Species in Europe,https://easin.jrc.ec.europa.eu/ias/speciesreport/details/5f2fcea2a63246b559786d0a,2025-07-11T16:39:31.517
[WGS84 - EPSG:4326],Impatiens glandulifera,7B55F1FE-645E-F011-9112-08F1EAD81ED0,110282473,R07719,BE,POINT (5.3632853 49.7156713),FALSE,2020,22,Invasive Alien Species in Europe,https://easin.jrc.ec.europa.eu/ias/speciesreport/details/5f2be02ca63246b559786d00,2025-07-11T16:39:31.517
[WGS84 - EPSG:4326],Ailanthus altissima,7D55F1FE-645E-F011-9112-08F1EAD81ED0,110282481,R00460,ES,POINT (-3.05454254150391 40.601506643796),FALSE,2020,22,Invasive Alien Species in Europe,https://easin.jrc.ec.europa.eu/ias/speciesreport/details/5fa03a2f7d900fa6ae0d977d,2025-07-11T16:39:31.517
[WGS84 - EPSG:4326],Ailanthus altissima,6955F1FE-645E-F011-9112-08F1EAD81ED0,110282489,R00460,ES,POINT (-3.62861991219688 37.1859287480392),FALSE,2020,22,Invasive Alien Species in Europe,https://easin.jrc.ec.europa.eu/ias/speciesreport/details/5ee11617b85bd8186b6d13c9,2025-07-11T16:39:31.517
[WGS84 - EPSG:4326],Trachemys scripta,7255F1FE-645E-F011-9112-08F1EAD81ED0,110282497,R18154,IT,POINT (8.6657383 45.8033767),FALSE,2020,22,Invasive Alien Species in Europe,https://easin.jrc.ec.europa.eu/ias/speciesreport/details/5f01fe59b85bd8186b6d13f5,2025-07-11T16:39:31.517
[WGS84 - EPSG:4326],Myocastor coypus,E153F1FE-645E-F011-9112-08F1EAD81ED0,110282697,R09720,FR,POINT (3.3196587 46.3862421),FALSE,2020,22,Invasive Alien Species in Europe,https://easin.jrc.ec.europa.eu/ias/speciesreport/details/5f22ec70a63246b559786cf7,2025-07-11T16:39:31.517
[WGS84 - EPSG:4326],Impatiens glandulifera,EF53F1FE-645E-F011-9112-08F1EAD81ED0,110282705,R07719,UK,POINT (0.414111251775466 50.9088727567941),FALSE,2020,22,Invasive Alien Species in Europe,https://easin.jrc.ec.europa.eu/ias/speciesreport/details/5f79a2507d900fa6ae0d9771,2025-07-11T16:39:31.517
[WGS84 - EPSG:4326],Heracleum mantegazzianum,DC53F1FE-645E-F011-9112-08F1EAD81ED0,110282713,R07248,DE,POINT (8.29380590119399 50.7245824632123),FALSE,2020,22,Invasive Alien Species in Europe,https://easin.jrc.ec.europa.eu/ias/speciesreport/details/5eea1554b85bd8186b6d13d0,2025-07-11T16:39:31.517
[WGS84 - EPSG:4326],Ailanthus altissima,CE53F1FE-645E-F011-9112-08F1EAD81ED0,110282721,R00460,IT,POINT (12.4884682 41.884134),FALSE,2020,22,Invasive Alien Species in Europe,https://easin.jrc.ec.europa.eu/ias/speciesreport/details/5f2ee1c9a63246b559786d06,2025-07-11T16:39:31.517
[WGS84 - EPSG:4326],Dreissena polymorpha,B853F1FE-645E-F011-9112-08F1EAD81ED0,110282729,R05292,BG,POINT (23.1898266077042 43.3884971834142),FALSE,2020,22,Invasive Alien Species in Europe,https://easin.jrc.ec.europa.eu/ias/speciesreport/details/6302098cfdeaaa18ae203b57,2025-07-11T16:39:31.517
[WGS84 - EPSG:4326],Ailanthus altissima,0154F1FE-645E-F011-9112-08F1EAD81ED0,110282737,R00460,FR,POINT (1.83788539 47.87584547),FALSE,2020,22,Invasive Alien Species in Europe,https://easin.jrc.ec.europa.eu/ias/speciesreport/details/5f01a9e1b85bd8186b6d13f3,2025-07-11T16:39:31.517
[WGS84 - EPSG:4326],Ailanthus altissima,6C53F1FE-645E-F011-9112-08F1EAD81ED0,110282745,R00460,FR,POINT (2.2400847 48.88685644),FALSE,2020,22,Invasive Alien Species in Europe,https://easin.jrc.ec.europa.eu/ias/speciesreport/details/5efc3088b85bd8186b6d13ea,2025-07-11T16:39:31.517
[WGS84 - EPSG:4326],Ailanthus altissima,5D53F1FE-645E-F011-9112-08F1EAD81ED0,110282753,R00460,FR,POINT (1.8805046 47.8980195),FALSE,2020,22,Invasive Alien Species in Europe,https://easin.jrc.ec.europa.eu/ias/speciesreport/details/5f01a053b85bd8186b6d13f0,2025-07-11T16:39:31.517
[WGS84 - EPSG:4326],Myriophyllum aquaticum,8B53F1FE-645E-F011-9112-08F1EAD81ED0,110282761,R18934,UK,POINT (1.23723826027469 51.3630404705583),FALSE,2020,22,Invasive Alien Species in Europe,https://easin.jrc.ec.europa.eu/ias/speciesreport/details/5f47a8a0a63246b559786d19,2025-07-11T16:39:31.517
[WGS84 - EPSG:4326],Ailanthus altissima,5A53F1FE-645E-F011-9112-08F1EAD81ED0,110282769,R00460,FR,POINT (1.86622265 47.89180551),FALSE,2020,22,Invasive Alien Species in Europe,https://easin.jrc.ec.europa.eu/ias/speciesreport/details/5f01a3d8b85bd8186b6d13f2,2025-07-11T16:39:31.517
[WGS84 - EPSG:4326],Heracleum mantegazzianum,6154F1FE-645E-F011-9112-08F1EAD81ED0,110282777,R07248,DE,POINT (8.31331587178283 50.7811406590079),FALSE,2020,22,Invasive Alien Species in Europe,https://easin.jrc.ec.europa.eu/ias/speciesreport/details/5efad0a4b85bd8186b6d13e9,2025-07-11T16:39:31.517
[WGS84 - EPSG:4326],Ailanthus altissima,9D54F1FE-645E-F011-9112-08F1EAD81ED0,110282785,R00460,IT,POINT (12.50196451 41.87325133),FALSE,2020,22,Invasive Alien Species in Europe,https://easin.jrc.ec.europa.eu/ias/speciesreport/details/5f2fe7ffa63246b559786d0e,2025-07-11T16:39:31.517
[WGS84 - EPSG:4326],Ailanthus altissima,8F54F1FE-645E-F011-9112-08F1EAD81ED0,110282793,R00460,FR,POINT (0.9938615 47.4169658),FALSE,2020,22,Invasive Alien Species in Europe,https://easin.jrc.ec.europa.eu/ias/speciesreport/details/5f0498c5b85bd8186b6d13f6,2025-07-11T16:39:31.517
[WGS84 - EPSG:4326],Vitis vulpina,A454F1FE-645E-F011-9112-08F1EAD81ED0,110282801,R16106,RS,POINT (19.986049213798 44.7343476603898),FALSE,2020,22,Invasive Alien Species in Europe,https://easin.jrc.ec.europa.eu/ias/speciesreport/details/5fb7aeeb89fb3bac91b14fe6,2025-07-11T16:39:31.517
[WGS84 - EPSG:4326],Ailanthus altissima,2D55F1FE-645E-F011-9112-08F1EAD81ED0,110282809,R00460,IT,POINT (8.8084638 45.8271466),FALSE,2020,22,Invasive Alien Species in Europe,https://easin.jrc.ec.europa.eu/ias/speciesreport/details/5eeb0831b85bd8186b6d13d2,2025-07-11T16:39:31.517
[WGS84 - EPSG:4326],Hydrocotyle ranunculoides,2855F1FE-645E-F011-9112-08F1EAD81ED0,110282817,R07537,IT,POINT (8.57888089573407 39.9264440748089),FALSE,2020,22,Invasive Alien Species in Europe,https://easin.jrc.ec.europa.eu/ias/speciesreport/details/5f57d97aa63246b559786d1d,2025-07-11T16:39:31.517
[WGS84 - EPSG:4326],Symphyotrichum cordifolium,E554F1FE-645E-F011-9112-08F1EAD81ED0,110282825,R14764,RS,POINT (19.987325094576 44.7354104573003),FALSE,2020,22,Invasive Alien Species in Europe,https://easin.jrc.ec.europa.eu/ias/speciesreport/details/5fb7ad2689fb3bac91b14fe5,2025-07-11T16:39:31.517
[WGS84 - EPSG:4326],Procambarus clarkii,F654F1FE-645E-F011-9112-08F1EAD81ED0,110282833,R12250,IT,POINT (11.0052777777778 46.0388888888889),FALSE,2020,22,Invasive Alien Species in Europe,https://easin.jrc.ec.europa.eu/ias/speciesreport/details/667bcab246d6df4bc5882d16,2025-07-11T16:39:31.517
[WGS84 - EPSG:4326],Trachemys scripta,A955F1FE-645E-F011-9112-08F1EAD81ED0,110602390,R18154,IT,POINT (11.7524421215057 45.2973732761382),FALSE,2021,22,Invasive Alien Species in Europe,https://easin.jrc.ec.europa.eu/ias/speciesreport/details/6138bb74fd9dfade5500f222,2025-07-11T16:39:31.517
[WGS84 - EPSG:4326],Ambrosia artemisiifolia,BC55F1FE-645E-F011-9112-08F1EAD81ED0,110602398,R00818,BA,POINT (19.0132309 44.8732097),FALSE,2021,22,Invasive Alien Species in Europe,https://easin.jrc.ec.europa.eu/ias/speciesreport/details/610422dfe81bd49e69a433b0,2025-07-11T16:39:31.517
[WGS84 - EPSG:4326],Myiopsitta monachus,B855F1FE-645E-F011-9112-08F1EAD81ED0,110602406,R09715,ES,POINT (-1.14281469302401 37.9809193750377),FALSE,2021,22,Invasive Alien Species in Europe,https://easin.jrc.ec.europa.eu/ias/speciesreport/details/61596a2381fb1ded16f31ae7,2025-07-11T16:39:31.517
[WGS84 - EPSG:4326],Ailanthus altissima,B555F1FE-645E-F011-9112-08F1EAD81ED0,110602414,R00460,IT,POINT (8.824528 45.8234746),FALSE,2021,22,Invasive Alien Species in Europe,https://easin.jrc.ec.europa.eu/ias/speciesreport/details/611b5fafff41760f537e72b8,2025-07-11T16:39:31.517
[WGS84 - EPSG:4326],Trachemys scripta,AD55F1FE-645E-F011-9112-08F1EAD81ED0,110602422,R18154,ES,POINT (-2.7161979675293 42.8646569415495),FALSE,2021,22,Invasive Alien Species in Europe,https://easin.jrc.ec.europa.eu/ias/speciesreport/details/60cc622d31ea43d3f0a7352e,2025-07-11T16:39:31.517
[WGS84 - EPSG:4326],Ailanthus altissima,C755F1FE-645E-F011-9112-08F1EAD81ED0,110602430,R00460,IT,POINT (8.699235 45.8387382),FALSE,2021,22,Invasive Alien Species in Europe,https://easin.jrc.ec.europa.eu/ias/speciesreport/details/616d1a375049f6584a6582ff,2025-07-11T16:39:31.517
[WGS84 - EPSG:4326],Ailanthus altissima,C855F1FE-645E-F011-9112-08F1EAD81ED0,110602438,R00460,IT,POINT (8.8141019 45.8385776),FALSE,2021,22,Invasive Alien Species in Europe,https://easin.jrc.ec.europa.eu/ias/speciesreport/details/60e86ca6f74823b220771e61,2025-07-11T16:39:31.517
[WGS84 - EPSG:4326],Alburnus alburnus,CA55F1FE-645E-F011-9112-08F1EAD81ED0,110602446,R00481,ES,POINT (0.4874449 40.913753),FALSE,2021,22,Invasive Alien Species in Europe,https://easin.jrc.ec.europa.eu/ias/speciesreport/details/60f6f909ddc52fd20a66bb81,2025-07-11T16:39:31.517
[WGS84 - EPSG:4326],Salix babylonica,CC55F1FE-645E-F011-9112-08F1EAD81ED0,110602454,R18706,ES,POINT (-1.218369 37.9957583),FALSE,2021,22,Invasive Alien Species in Europe,https://easin.jrc.ec.europa.eu/ias/speciesreport/details/615973ff81fb1ded16f31afd,2025-07-11T16:39:31.517
[WGS84 - EPSG:4326],Carassius gibelio,D555F1FE-645E-F011-9112-08F1EAD81ED0,110602462,R02744,BG,POINT (23.229786157608 43.5955211410305),FALSE,2021,22,Invasive Alien Species in Europe,https://easin.jrc.ec.europa.eu/ias/speciesreport/details/63024f41fdeaaa18ae203b67,2025-07-11T16:39:31.517
[WGS84 - EPSG:4326],Ailanthus altissima,DB55F1FE-645E-F011-9112-08F1EAD81ED0,110602470,R00460,ES,POINT (-2.926659 42.6842362),FALSE,2021,22,Invasive Alien Species in Europe,https://easin.jrc.ec.europa.eu/ias/speciesreport/details/612676893e94f14f337c4893,2025-07-11T16:39:31.517
[WGS84 - EPSG:4326],Sciurus carolinensis,FA55F1FE-645E-F011-9112-08F1EAD81ED0,110602478,R13698,IT,POINT (7.68490433692932 45.0481936932308),FALSE,2021,22,Invasive Alien Species in Europe,https://easin.jrc.ec.europa.eu/ias/speciesreport/details/616e4a2e5049f6584a658313,2025-07-11T16:39:31.517
[WGS84 - EPSG:4326],Heracleum mantegazzianum,FB55F1FE-645E-F011-9112-08F1EAD81ED0,110602486,R07248,SE,POINT (13.514 59.405),FALSE,2021,22,Invasive Alien Species in Europe,https://easin.jrc.ec.europa.eu/ias/speciesreport/details/60b7acc331ea43d3f0a73522,2025-07-11T16:39:31.517
[WGS84 - EPSG:4326],Vespa velutina nigrithorax,2456F1FE-645E-F011-9112-08F1EAD81ED0,110602494,R15970,ES,POINT (2.16277241706848 41.3996765541176),FALSE,2021,22,Invasive Alien Species in Europe,https://easin.jrc.ec.europa.eu/ias/speciesreport/details/61581ed281fb1ded16f31ad2,2025-07-11T16:39:31.517
[WGS84 - EPSG:4326],Impatiens glandulifera,1C56F1FE-645E-F011-9112-08F1EAD81ED0,110602502,R07719,IT,POINT (8.8723638 45.7982347),FALSE,2021,22,Invasive Alien Species in Europe,https://easin.jrc.ec.europa.eu/ias/speciesreport/details/60f6ed5addc52fd20a66bb7b,2025-07-11T16:39:31.517
[WGS84 - EPSG:4326],Ambrosia artemisiifolia,1056F1FE-645E-F011-9112-08F1EAD81ED0,110602510,R00818,BA,POINT (18.9236762 44.8478366),FALSE,2021,22,Invasive Alien Species in Europe,https://easin.jrc.ec.europa.eu/ias/speciesreport/details/610422f3e81bd49e69a433b4,2025-07-11T16:39:31.517
[WGS84 - EPSG:4326],Sinanodonta woodiana,8E56F1FE-645E-F011-9112-08F1EAD81ED0,110602518,R14111,BG,POINT (25.8853609 43.1900755),FALSE,2021,22,Invasive Alien Species in Europe,https://easin.jrc.ec.europa.eu/ias/speciesreport/details/62f64bebfdeaaa18ae203b51,2025-07-11T16:39:31.517
[WGS84 - EPSG:4326],Lepomis gibbosus,8556F1FE-645E-F011-9112-08F1EAD81ED0,110602526,R08376,BG,POINT (23.2297003269196 43.5955289111295),FALSE,2021,22,Invasive Alien Species in Europe,https://easin.jrc.ec.europa.eu/ias/speciesreport/details/63024d2cfdeaaa18ae203b65,2025-07-11T16:39:31.517
[WGS84 - EPSG:4326],Vespa velutina nigrithorax,8856F1FE-645E-F011-9112-08F1EAD81ED0,110602534,R15970,FR,POINT (-2.08680331696087 49.1840433486732),FALSE,2021,22,Invasive Alien Species in Europe,https://easin.jrc.ec.europa.eu/ias/speciesreport/details/61cc6e22db4ba0e5b907341b,2025-07-11T16:39:31.517
[WGS84 - EPSG:4326],Cairina moschata,8956F1FE-645E-F011-9112-08F1EAD81ED0,110602542,R02504,ES,POINT (-1.11382083185163 37.9828609889254),FALSE,2021,22,Invasive Alien Species in Europe,https://easin.jrc.ec.europa.eu/ias/speciesreport/details/616d51fe5049f6584a658312,2025-07-11T16:39:31.517
[WGS84 - EPSG:4326],Callinectes sapidus,8A56F1FE-645E-F011-9112-08F1EAD81ED0,110602550,R02554,ES,POINT (0.5173275 40.8078171),FALSE,2021,22,Invasive Alien Species in Europe,https://easin.jrc.ec.europa.eu/ias/speciesreport/details/60c9ac4d31ea43d3f0a7352a,2025-07-11T16:39:31.517
[WGS84 - EPSG:4326],Nicotiana glauca,9156F1FE-645E-F011-9112-08F1EAD81ED0,110602558,R10004,DE,POINT (9.25450086593628 50.1023244958261),FALSE,2021,22,Invasive Alien Species in Europe,https://easin.jrc.ec.europa.eu/ias/speciesreport/details/60ae75a231ea43d3f0a7351b,2025-07-11T16:39:31.517
[WGS84 - EPSG:4326],Ailanthus altissima,9356F1FE-645E-F011-9112-08F1EAD81ED0,110602566,R00460,IT,POINT (8.8052266 45.8255912),FALSE,2021,22,Invasive Alien Species in Europe,https://easin.jrc.ec.europa.eu/ias/speciesreport/details/618394b767c0c276caf2aab0,2025-07-11T16:39:31.517
[WGS84 - EPSG:4326],Ailanthus altissima,9756F1FE-645E-F011-9112-08F1EAD81ED0,110602574,R00460,IT,POINT (8.8241502 45.8222712),FALSE,2021,22,Invasive Alien Species in Europe,https://easin.jrc.ec.europa.eu/ias/speciesreport/details/611b5e12ff41760f537e72b6,2025-07-11T16:39:31.517
[WGS84 - EPSG:4326],Agave americana subsp. americana,A456F1FE-645E-F011-9112-08F1EAD81ED0,110602582,R00382,ES,POINT (-0.956325531005859 38.0874523113555),FALSE,2021,22,Invasive Alien Species in Europe,https://easin.jrc.ec.europa.eu/ias/speciesreport/details/616d42025049f6584a658301,2025-07-11T16:39:31.517
[WGS84 - EPSG:4326],Ricinus communis,A656F1FE-645E-F011-9112-08F1EAD81ED0,110602590,R13044,MT,POINT (14.5225954055786 35.8532222214579),FALSE,2021,22,Invasive Alien Species in Europe,https://easin.jrc.ec.europa.eu/ias/speciesreport/details/61c33c57db4ba0e5b907341a,2025-07-11T16:39:31.517
[WGS84 - EPSG:4326],Ailanthus altissima,AF56F1FE-645E-F011-9112-08F1EAD81ED0,110602598,R00460,IT,POINT (8.7187669 45.8446304),FALSE,2021,22,Invasive Alien Species in Europe,https://easin.jrc.ec.europa.eu/ias/speciesreport/details/61124cf9ff41760f537e72af,2025-07-11T16:39:31.517
[WGS84 - EPSG:4326],Ailanthus altissima,B856F1FE-645E-F011-9112-08F1EAD81ED0,110602606,R00460,IT,POINT (8.8228732 45.8221581),FALSE,2021,22,Invasive Alien Species in Europe,https://easin.jrc.ec.europa.eu/ias/speciesreport/details/61838e3067c0c276caf2aaab,2025-07-11T16:39:31.517
[WGS84 - EPSG:4326],Ailanthus altissima,B556F1FE-645E-F011-9112-08F1EAD81ED0,110602614,R00460,IT,POINT (8.8249461 45.8229425),FALSE,2021,22,Invasive Alien Species in Europe,https://easin.jrc.ec.europa.eu/ias/speciesreport/details/61838a3e67c0c276caf2aaa8,2025-07-11T16:39:31.517
[WGS84 - EPSG:4326],Eucalyptus globulus,B156F1FE-645E-F011-9112-08F1EAD81ED0,110602622,R06002,ES,POINT (-5.6421422 36.8643083),FALSE,2021,22,Invasive Alien Species in Europe,https://easin.jrc.ec.europa.eu/ias/speciesreport/details/6093137bf8509ee1e730ab06,2025-07-11T16:39:31.517
[WGS84 - EPSG:4326],Ailanthus altissima,3B56F1FE-645E-F011-9112-08F1EAD81ED0,110602630,R00460,IT,POINT (8.8318648 45.7933427),FALSE,2021,22,Invasive Alien Species in Europe,https://easin.jrc.ec.europa.eu/ias/speciesreport/details/617a79a267c0c276caf2aa99,2025-07-11T16:39:31.517
[WGS84 - EPSG:4326],Ailanthus altissima,1E56F1FE-645E-F011-9112-08F1EAD81ED0,110602638,R00460,IT,POINT (8.8369034 45.8248038),FALSE,2021,22,Invasive Alien Species in Europe,https://easin.jrc.ec.europa.eu/ias/speciesreport/details/611b6542ff41760f537e72ba,2025-07-11T16:39:31.517
[WGS84 - EPSG:4326],Acacia saligna,4D56F1FE-645E-F011-9112-08F1EAD81ED0,110602646,R00053,ES,POINT (-0.956406879668066 38.0873436738098),FALSE,2021,22,Invasive Alien Species in Europe,https://easin.jrc.ec.europa.eu/ias/speciesreport/details/616d41db5049f6584a658300,2025-07-11T16:39:31.517
[WGS84 - EPSG:4326],Ailanthus altissima,7A56F1FE-645E-F011-9112-08F1EAD81ED0,110602654,R00460,ES,POINT (-3.55123163113603 40.8968906290273),FALSE,2021,22,Invasive Alien Species in Europe,https://easin.jrc.ec.europa.eu/ias/speciesreport/details/6152d32281fb1ded16f31acf,2025-07-11T16:39:31.517
[WGS84 - EPSG:4326],Trachemys scripta,7B56F1FE-645E-F011-9112-08F1EAD81ED0,110602662,R18154,IT,POINT (12.5612069464114 41.8449341763078),FALSE,2021,22,Invasive Alien Species in Europe,https://easin.jrc.ec.europa.eu/ias/speciesreport/details/61391487fd9dfade5500f224,2025-07-11T16:39:31.517
[WGS84 - EPSG:4326],Carassius gibelio,7656F1FE-645E-F011-9112-08F1EAD81ED0,110602670,R02744,BG,POINT (23.1776654720306 43.6030265890553),FALSE,2021,22,Invasive Alien Species in Europe,https://easin.jrc.ec.europa.eu/ias/speciesreport/details/63023776fdeaaa18ae203b60,2025-07-11T16:39:31.517
[WGS84 - EPSG:4326],Ailanthus altissima,5056F1FE-645E-F011-9112-08F1EAD81ED0,110602678,R00460,IT,POINT (8.8057688 45.8253536),FALSE,2021,22,Invasive Alien Species in Europe,https://easin.jrc.ec.europa.eu/ias/speciesreport/details/610d5fb1ff41760f537e72a3,2025-07-11T16:39:31.517
[WGS84 - EPSG:4326],Ailanthus altissima,5356F1FE-645E-F011-9112-08F1EAD81ED0,110602686,R00460,IT,POINT (8.8334947 45.7975717),FALSE,2021,22,Invasive Alien Species in Europe,https://easin.jrc.ec.europa.eu/ias/speciesreport/details/617a789667c0c276caf2aa97,2025-07-11T16:39:31.517
[WGS84 - EPSG:4326],Procambarus clarkii,6057F1FE-645E-F011-9112-08F1EAD81ED0,110602694,R12250,ES,POINT (-1.0010334 38.0550707),FALSE,2021,22,Invasive Alien Species in Europe,https://easin.jrc.ec.europa.eu/ias/speciesreport/details/615971e281fb1ded16f31afa,2025-07-11T16:39:31.517
[WGS84 - EPSG:4326],Ailanthus altissima,6957F1FE-645E-F011-9112-08F1EAD81ED0,110602702,R00460,IT,POINT (8.7997087 45.8354906),FALSE,2021,22,Invasive Alien Species in Europe,https://easin.jrc.ec.europa.eu/ias/speciesreport/details/611e081f6e0eb821adad3001,2025-07-11T16:39:31.517
[WGS84 - EPSG:4326],Ailanthus altissima,6F57F1FE-645E-F011-9112-08F1EAD81ED0,110602710,R00460,IT,POINT (8.8301349 45.7908922),FALSE,2021,22,Invasive Alien Species in Europe,https://easin.jrc.ec.europa.eu/ias/speciesreport/details/617a7b9367c0c276caf2aa9c,2025-07-11T16:39:31.517
[WGS84 - EPSG:4326],Zygophyllum fabago,5D57F1FE-645E-F011-9112-08F1EAD81ED0,110602718,R16347,ES,POINT (-1.2164778 37.994809),FALSE,2021,22,Invasive Alien Species in Europe,https://easin.jrc.ec.europa.eu/ias/speciesreport/details/615960e181fb1ded16f31ad5,2025-07-11T16:39:31.517
[WGS84 - EPSG:4326],Nicotiana glauca,2157F1FE-645E-F011-9112-08F1EAD81ED0,110602726,R10004,ES,POINT (-1.2183708 37.9968932),FALSE,2021,22,Invasive Alien Species in Europe,https://easin.jrc.ec.europa.eu/ias/speciesreport/details/61596ee781fb1ded16f31af0,2025-07-11T16:39:31.517
[WGS84 - EPSG:4326],Myiopsitta monachus,0E57F1FE-645E-F011-9112-08F1EAD81ED0,110602734,R09715,ES,POINT (-1.14331357125963 37.9813801945526),FALSE,2021,22,Invasive Alien Species in Europe,https://easin.jrc.ec.europa.eu/ias/speciesreport/details/61596bf081fb1ded16f31aec,2025-07-11T16:39:31.517
[WGS84 - EPSG:4326],Perca fluviatilis,2457F1FE-645E-F011-9112-08F1EAD81ED0,110602742,R11032,ES,POINT (0.6343023 41.0520135),FALSE,2021,22,Invasive Alien Species in Europe,https://easin.jrc.ec.europa.eu/ias/speciesreport/details/60f40a5afbd08eb6f888c9ad,2025-07-11T16:39:31.517
[WGS84 - EPSG:4326],Ailanthus altissima,2957F1FE-645E-F011-9112-08F1EAD81ED0,110602750,R00460,IT,POINT (8.8203416 45.8302991),FALSE,2021,22,Invasive Alien Species in Europe,https://easin.jrc.ec.europa.eu/ias/speciesreport/details/612dd501fd9dfade5500f212,2025-07-11T16:39:31.517
[WGS84 - EPSG:4326],Ailanthus altissima,1A57F1FE-645E-F011-9112-08F1EAD81ED0,110602758,R00460,IT,POINT (8.6636295 45.8954701),FALSE,2021,22,Invasive Alien Species in Europe,https://easin.jrc.ec.europa.eu/ias/speciesreport/details/6163d7b490b5952a931c21df,2025-07-11T16:39:31.517
[WGS84 - EPSG:4326],Heracleum mantegazzianum,1C57F1FE-645E-F011-9112-08F1EAD81ED0,110602766,R07248,UK,POINT (-2.33097015615666 51.4010628356998),FALSE,2021,22,Invasive Alien Species in Europe,https://easin.jrc.ec.europa.eu/ias/speciesreport/details/6064601349c1b8310fd08e48,2025-07-11T16:39:31.517
[WGS84 - EPSG:4326],Salix babylonica,0A57F1FE-645E-F011-9112-08F1EAD81ED0,110602774,R18706,ES,POINT (-1.2186836 37.9954942),FALSE,2021,22,Invasive Alien Species in Europe,https://easin.jrc.ec.europa.eu/ias/speciesreport/details/6159749181fb1ded16f31aff,2025-07-11T16:39:31.517
[WGS84 - EPSG:4326],Ailanthus altissima,1357F1FE-645E-F011-9112-08F1EAD81ED0,110602782,R00460,DE,POINT (8.2680567 49.368181),FALSE,2021,22,Invasive Alien Species in Europe,https://easin.jrc.ec.europa.eu/ias/speciesreport/details/6171667867c0c276caf2aa8a,2025-07-11T16:39:31.517
[WGS84 - EPSG:4326],Ailanthus altissima,1057F1FE-645E-F011-9112-08F1EAD81ED0,110602790,R00460,IT,POINT (8.8371525 45.8081623),FALSE,2021,22,Invasive Alien Species in Europe,https://easin.jrc.ec.europa.eu/ias/speciesreport/details/613cc2b6fd9dfade5500f22a,2025-07-11T16:39:31.517
[WGS84 - EPSG:4326],Ailanthus altissima,3457F1FE-645E-F011-9112-08F1EAD81ED0,110602798,R00460,IT,POINT (8.8077691 45.8047321),FALSE,2021,22,Invasive Alien Species in Europe,https://easin.jrc.ec.europa.eu/ias/speciesreport/details/618bc1837faf3095cb53ebce,2025-07-11T16:39:31.517
[WGS84 - EPSG:4326],Ailanthus altissima,4257F1FE-645E-F011-9112-08F1EAD81ED0,110602806,R00460,IT,POINT (8.8300214 45.8303417),FALSE,2021,22,Invasive Alien Species in Europe,https://easin.jrc.ec.europa.eu/ias/speciesreport/details/6180fb5067c0c276caf2aaa1,2025-07-11T16:39:31.517
[WGS84 - EPSG:4326],Ailanthus altissima,4357F1FE-645E-F011-9112-08F1EAD81ED0,110602814,R00460,IT,POINT (8.807765 45.8252058),FALSE,2021,22,Invasive Alien Species in Europe,https://easin.jrc.ec.europa.eu/ias/speciesreport/details/610b96cdff41760f537e72a1,2025-07-11T16:39:31.517
[WGS84 - EPSG:4326],Ailanthus altissima,2E57F1FE-645E-F011-9112-08F1EAD81ED0,110602822,R00460,IT,POINT (8.8076899 45.8255154),FALSE,2021,22,Invasive Alien Species in Europe,https://easin.jrc.ec.europa.eu/ias/speciesreport/details/618a27997faf3095cb53ebcb,2025-07-11T16:39:31.517
[WGS84 - EPSG:4326],Carassius gibelio,4757F1FE-645E-F011-9112-08F1EAD81ED0,110602830,R02744,BG,POINT (22.5866997241974 43.7409798726927),FALSE,2021,22,Invasive Alien Species in Europe,https://easin.jrc.ec.europa.eu/ias/speciesreport/details/63024759fdeaaa18ae203b63,2025-07-11T16:39:31.517
[WGS84 - EPSG:4326],Ailanthus altissima,4857F1FE-645E-F011-9112-08F1EAD81ED0,110602838,R00460,IT,POINT (8.8012002 45.8335208),FALSE,2021,22,Invasive Alien Species in Europe,https://easin.jrc.ec.europa.eu/ias/speciesreport/details/612ddd3afd9dfade5500f21b,2025-07-11T16:39:31.517
[WGS84 - EPSG:4326],Sciurus carolinensis,4A57F1FE-645E-F011-9112-08F1EAD81ED0,110602846,R13698,IT,POINT (8.86472225189209 45.5925999065431),FALSE,2021,22,Invasive Alien Species in Europe,https://easin.jrc.ec.europa.eu/ias/speciesreport/details/60afaa7431ea43d3f0a73521,2025-07-11T16:39:31.517
[WGS84 - EPSG:4326],Ailanthus altissima,4C57F1FE-645E-F011-9112-08F1EAD81ED0,110602854,R00460,IT,POINT (8.8241641 45.8224211),FALSE,2021,22,Invasive Alien Species in Europe,https://easin.jrc.ec.europa.eu/ias/speciesreport/details/618389b467c0c276caf2aaa7,2025-07-11T16:39:31.517
[WGS84 - EPSG:4326],Zygophyllum fabago,5057F1FE-645E-F011-9112-08F1EAD81ED0,110602862,R16347,ES,POINT (-1.2156459 37.9953036),FALSE,2021,22,Invasive Alien Species in Europe,https://easin.jrc.ec.europa.eu/ias/speciesreport/details/6159642581fb1ded16f31adb,2025-07-11T16:39:31.517
[WGS84 - EPSG:4326],Salix babylonica,5257F1FE-645E-F011-9112-08F1EAD81ED0,110602870,R18706,ES,POINT (-1.2183375 37.9957639),FALSE,2021,22,Invasive Alien Species in Europe,https://easin.jrc.ec.europa.eu/ias/speciesreport/details/615973eb81fb1ded16f31afb,2025-07-11T16:39:31.517
[WGS84 - EPSG:4326],Ailanthus altissima,F956F1FE-645E-F011-9112-08F1EAD81ED0,110602878,R00460,IT,POINT (8.6614185 45.8407832),FALSE,2021,22,Invasive Alien Species in Europe,https://easin.jrc.ec.europa.eu/ias/speciesreport/details/6112540dff41760f537e72b5,2025-07-11T16:39:31.517
[WGS84 - EPSG:4326],Ailanthus altissima,FA56F1FE-645E-F011-9112-08F1EAD81ED0,110602886,R00460,IT,POINT (8.7141972 45.8460427),FALSE,2021,22,Invasive Alien Species in Europe,https://easin.jrc.ec.europa.eu/ias/speciesreport/details/61124fb9ff41760f537e72b2,2025-07-11T16:39:31.517
[WGS84 - EPSG:4326],Phytolacca americana,FF56F1FE-645E-F011-9112-08F1EAD81ED0,110602894,R11485,BA,POINT (18.9236762 44.8478366),FALSE,2021,22,Invasive Alien Species in Europe,https://easin.jrc.ec.europa.eu/ias/speciesreport/details/610422fde81bd49e69a433b7,2025-07-11T16:39:31.517
[WGS84 - EPSG:4326],Corbicula fluminea,0057F1FE-645E-F011-9112-08F1EAD81ED0,110602902,R04013,BG,POINT (25.8852769 43.190213),FALSE,2021,22,Invasive Alien Species in Europe,https://easin.jrc.ec.europa.eu/ias/speciesreport/details/62f64bf3fdeaaa18ae203b52,2025-07-11T16:39:31.517
[WGS84 - EPSG:4326],Ailanthus altissima,CF56F1FE-645E-F011-9112-08F1EAD81ED0,110602910,R00460,IT,POINT (8.8001479 45.8357077),FALSE,2021,22,Invasive Alien Species in Europe,https://easin.jrc.ec.europa.eu/ias/speciesreport/details/611e07556e0eb821adad3000,2025-07-11T16:39:31.517
[WGS84 - EPSG:4326],Ailanthus altissima,DE56F1FE-645E-F011-9112-08F1EAD81ED0,110602918,R00460,ES,POINT (-2.92521815124928 42.6839317449952),FALSE,2021,22,Invasive Alien Species in Europe,https://easin.jrc.ec.europa.eu/ias/speciesreport/details/612677573e94f14f337c4894,2025-07-11T16:39:31.517
[WGS84 - EPSG:4326],Lepomis gibbosus,D956F1FE-645E-F011-9112-08F1EAD81ED0,110602926,R08376,ES,POINT (0.643046 41.0947522),FALSE,2021,22,Invasive Alien Species in Europe,https://easin.jrc.ec.europa.eu/ias/speciesreport/details/60f1dc4cfbd08eb6f888c9a3,2025-07-11T16:39:31.517
[WGS84 - EPSG:4326],Ailanthus altissima,DA56F1FE-645E-F011-9112-08F1EAD81ED0,110602934,R00460,IT,POINT (8.716908 45.8447708),FALSE,2021,22,Invasive Alien Species in Europe,https://easin.jrc.ec.europa.eu/ias/speciesreport/details/61124f30ff41760f537e72b1,2025-07-11T16:39:31.517
[WGS84 - EPSG:4326],Zygophyllum fabago,C156F1FE-645E-F011-9112-08F1EAD81ED0,110602942,R16347,ES,POINT (-1.1415147686057 37.9797779327197),FALSE,2021,22,Invasive Alien Species in Europe,https://easin.jrc.ec.europa.eu/ias/speciesreport/details/616d47f15049f6584a658308,2025-07-11T16:39:31.517
[WGS84 - EPSG:4326],Ailanthus altissima,F854F1FE-645E-F011-9112-08F1EAD81ED0,111145263,R00460,DE,POINT (8.2641692 49.3678714),FALSE,2021,22,Invasive Alien Species in Europe,https://easin.jrc.ec.europa.eu/ias/speciesreport/details/618bdb8c7faf3095cb53ebd4,2025-07-11T16:39:31.517
[WGS84 - EPSG:4326],Ailanthus altissima,F354F1FE-645E-F011-9112-08F1EAD81ED0,111145271,R00460,ES,POINT (-0.549681186676025 38.6267615257386),FALSE,2021,22,Invasive Alien Species in Europe,https://easin.jrc.ec.europa.eu/ias/speciesreport/details/609fad7831ea43d3f0a734fb,2025-07-11T16:39:31.517
[WGS84 - EPSG:4326],Ailanthus altissima,E854F1FE-645E-F011-9112-08F1EAD81ED0,111145279,R00460,IT,POINT (8.7155682 45.8450154),FALSE,2021,22,Invasive Alien Species in Europe,https://easin.jrc.ec.europa.eu/ias/speciesreport/details/61124c85ff41760f537e72ae,2025-07-11T16:39:31.517
[WGS84 - EPSG:4326],Procambarus clarkii,EB54F1FE-645E-F011-9112-08F1EAD81ED0,111145287,R12250,ES,POINT (-1.0121004 38.0493836),FALSE,2021,22,Invasive Alien Species in Europe,https://easin.jrc.ec.europa.eu/ias/speciesreport/details/615979e781fb1ded16f31b07,2025-07-11T16:39:31.517
[WGS84 - EPSG:4326],Ailanthus altissima,EC54F1FE-645E-F011-9112-08F1EAD81ED0,111145295,R00460,IT,POINT (8.6678711 45.8043378),FALSE,2021,22,Invasive Alien Species in Europe,https://easin.jrc.ec.europa.eu/ias/speciesreport/details/618bc7657faf3095cb53ebcf,2025-07-11T16:39:31.517
[WGS84 - EPSG:4326],Ailanthus altissima,0255F1FE-645E-F011-9112-08F1EAD81ED0,111145303,R00460,IT,POINT (8.808341 45.8276253),FALSE,2021,22,Invasive Alien Species in Europe,https://easin.jrc.ec.europa.eu/ias/speciesreport/details/610b9737ff41760f537e72a2,2025-07-11T16:39:31.517
[WGS84 - EPSG:4326],Arundo donax,0355F1FE-645E-F011-9112-08F1EAD81ED0,111145311,R01515,ES,POINT (-1.2168296 37.9964206),FALSE,2021,22,Invasive Alien Species in Europe,https://easin.jrc.ec.europa.eu/ias/speciesreport/details/6159674d81fb1ded16f31ae2,2025-07-11T16:39:31.517
[WGS84 - EPSG:4326],Ailanthus altissima,FD54F1FE-645E-F011-9112-08F1EAD81ED0,111145319,R00460,IT,POINT (8.8227343 45.8285841),FALSE,2021,22,Invasive Alien Species in Europe,https://easin.jrc.ec.europa.eu/ias/speciesreport/details/612dd2f3fd9dfade5500f20f,2025-07-11T16:39:31.517
[WGS84 - EPSG:4326],Ailanthus altissima,0855F1FE-645E-F011-9112-08F1EAD81ED0,111145327,R00460,ES,POINT (-3.3534184 39.3626711),FALSE,2021,22,Invasive Alien Species in Europe,https://easin.jrc.ec.europa.eu/ias/speciesreport/details/6128a639fd9dfade5500f207,2025-07-11T16:39:31.517
[WGS84 - EPSG:4326],Carassius gibelio,0A55F1FE-645E-F011-9112-08F1EAD81ED0,111145335,R02744,BG,POINT (23.1776654720306 43.6030265890553),FALSE,2021,22,Invasive Alien Species in Europe,https://easin.jrc.ec.europa.eu/ias/speciesreport/details/630236b3fdeaaa18ae203b5f,2025-07-11T16:39:31.517
[WGS84 - EPSG:4326],Ailanthus altissima,DF54F1FE-645E-F011-9112-08F1EAD81ED0,111145343,R00460,DE,POINT (8.2673685 49.3670689),FALSE,2021,22,Invasive Alien Species in Europe,https://easin.jrc.ec.europa.eu/ias/speciesreport/details/6171676e67c0c276caf2aa8b,2025-07-11T16:39:31.517
[WGS84 - EPSG:4326],Ailanthus altissima,E054F1FE-645E-F011-9112-08F1EAD81ED0,111145351,R00460,ES,POINT (-5.984898 37.4037025),FALSE,2021,22,Invasive Alien Species in Europe,https://easin.jrc.ec.europa.eu/ias/speciesreport/details/60a4001531ea43d3f0a73501,2025-07-11T16:39:31.517
[WGS84 - EPSG:4326],Ailanthus altissima,CE54F1FE-645E-F011-9112-08F1EAD81ED0,111145359,R00460,IT,POINT (8.8224361 45.828647),FALSE,2021,22,Invasive Alien Species in Europe,https://easin.jrc.ec.europa.eu/ias/speciesreport/details/612dd0a9fd9dfade5500f20a,2025-07-11T16:39:31.517
[WGS84 - EPSG:4326],Ailanthus altissima,CF54F1FE-645E-F011-9112-08F1EAD81ED0,111145367,R00460,IT,POINT (8.8053713 45.8254585),FALSE,2021,22,Invasive Alien Species in Europe,https://easin.jrc.ec.europa.eu/ias/speciesreport/details/60548863c7323a501ae1344e,2025-07-11T16:39:31.517
[WGS84 - EPSG:4326],Nicotiana glauca,D054F1FE-645E-F011-9112-08F1EAD81ED0,111145375,R10004,ES,POINT (-2.4272431 36.8157326),FALSE,2021,22,Invasive Alien Species in Europe,https://easin.jrc.ec.europa.eu/ias/speciesreport/details/618678717faf3095cb53ebc3,2025-07-11T16:39:31.517
[WGS84 - EPSG:4326],Ailanthus altissima,BC54F1FE-645E-F011-9112-08F1EAD81ED0,111145383,R00460,IT,POINT (8.8010732 45.8333369),FALSE,2021,22,Invasive Alien Species in Europe,https://easin.jrc.ec.europa.eu/ias/speciesreport/details/611e06e66e0eb821adad2fff,2025-07-11T16:39:31.517
[WGS84 - EPSG:4326],Acacia saligna,D454F1FE-645E-F011-9112-08F1EAD81ED0,111145391,R00053,GI,POINT (-5.34703731536865 35.8968898807151),FALSE,2021,22,Invasive Alien Species in Europe,https://easin.jrc.ec.europa.eu/ias/speciesreport/details/60a9277c31ea43d3f0a7350c,2025-07-11T16:39:31.517
[WGS84 - EPSG:4326],Pseudorasbora parva,C754F1FE-645E-F011-9112-08F1EAD81ED0,111145399,R12451,BG,POINT (23.2297646999359 43.5955133709304),FALSE,2021,22,Invasive Alien Species in Europe,https://easin.jrc.ec.europa.eu/ias/speciesreport/details/63024e1afdeaaa18ae203b66,2025-07-11T16:39:31.517
[WGS84 - EPSG:4326],Alburnus alburnus,C854F1FE-645E-F011-9112-08F1EAD81ED0,111145407,R00481,ES,POINT (1.4106081 41.187897),FALSE,2021,22,Invasive Alien Species in Europe,https://easin.jrc.ec.europa.eu/ias/speciesreport/details/60f8a32fddc52fd20a66bb84,2025-07-11T16:39:31.517
[WGS84 - EPSG:4326],Ailanthus altissima,CA54F1FE-645E-F011-9112-08F1EAD81ED0,111145415,R00460,IT,POINT (8.825025 45.8208641),FALSE,2021,22,Invasive Alien Species in Europe,https://easin.jrc.ec.europa.eu/ias/speciesreport/details/610b8a2aff41760f537e7297,2025-07-11T16:39:31.517
[WGS84 - EPSG:4326],Trachemys scripta,2F55F1FE-645E-F011-9112-08F1EAD81ED0,111145423,R18154,GI,POINT (-5.34013841495835 35.8970657953188),FALSE,2021,22,Invasive Alien Species in Europe,https://easin.jrc.ec.europa.eu/ias/speciesreport/details/60a924d931ea43d3f0a7350a,2025-07-11T16:39:31.517
[WGS84 - EPSG:4326],Ailanthus altissima,2055F1FE-645E-F011-9112-08F1EAD81ED0,111145431,R00460,IT,POINT (8.8221722 45.8285003),FALSE,2021,22,Invasive Alien Species in Europe,https://easin.jrc.ec.europa.eu/ias/speciesreport/details/612dd18efd9dfade5500f20c,2025-07-11T16:39:31.517
[WGS84 - EPSG:4326],Ailanthus altissima,1155F1FE-645E-F011-9112-08F1EAD81ED0,111145439,R00460,IT,POINT (8.8223429 45.8286228),FALSE,2021,22,Invasive Alien Species in Europe,https://easin.jrc.ec.europa.eu/ias/speciesreport/details/612dd210fd9dfade5500f20d,2025-07-11T16:39:31.517
[WGS84 - EPSG:4326],Ailanthus altissima,1D55F1FE-645E-F011-9112-08F1EAD81ED0,111145447,R00460,IT,POINT (8.7793776 45.837078),FALSE,2021,22,Invasive Alien Species in Europe,https://easin.jrc.ec.europa.eu/ias/speciesreport/details/61124441ff41760f537e72a9,2025-07-11T16:39:31.517
[WGS84 - EPSG:4326],Lepomis gibbosus,1E55F1FE-645E-F011-9112-08F1EAD81ED0,111145455,R08376,ES,POINT (0.6343524 41.051886),FALSE,2021,22,Invasive Alien Species in Europe,https://easin.jrc.ec.europa.eu/ias/speciesreport/details/60f40a9dfbd08eb6f888c9ae,2025-07-11T16:39:31.517
[WGS84 - EPSG:4326],Ailanthus altissima,3655F1FE-645E-F011-9112-08F1EAD81ED0,111145463,R00460,IT,POINT (8.721887 45.8445476),FALSE,2021,22,Invasive Alien Species in Europe,https://easin.jrc.ec.europa.eu/ias/speciesreport/details/61124acfff41760f537e72ac,2025-07-11T16:39:31.517
[WGS84 - EPSG:4326],Ailanthus altissima,4D55F1FE-645E-F011-9112-08F1EAD81ED0,111145471,R00460,IT,POINT (8.8221489 45.8284979),FALSE,2021,22,Invasive Alien Species in Europe,https://easin.jrc.ec.europa.eu/ias/speciesreport/details/612dd12cfd9dfade5500f20b,2025-07-11T16:39:31.517
[WGS84 - EPSG:4326],Eucalyptus camaldulensis,A854F1FE-645E-F011-9112-08F1EAD81ED0,111145479,R05998,ES,POINT (-1.2183574 37.9968917),FALSE,2021,22,Invasive Alien Species in Europe,https://easin.jrc.ec.europa.eu/ias/speciesreport/details/61596f4e81fb1ded16f31af2,2025-07-11T16:39:31.517
[WGS84 - EPSG:4326],Arundo donax,AB54F1FE-645E-F011-9112-08F1EAD81ED0,111145487,R01515,ES,POINT (-2.4291185 36.81709959),FALSE,2021,22,Invasive Alien Species in Europe,https://easin.jrc.ec.europa.eu/ias/speciesreport/details/61867ac67faf3095cb53ebc9,2025-07-11T16:39:31.517
[WGS84 - EPSG:4326],Myiopsitta monachus,A654F1FE-645E-F011-9112-08F1EAD81ED0,111145495,R09715,ES,POINT (-2.427202 36.8183497),FALSE,2021,22,Invasive Alien Species in Europe,https://easin.jrc.ec.europa.eu/ias/speciesreport/details/61867a347faf3095cb53ebc7,2025-07-11T16:39:31.517
[WGS84 - EPSG:4326],Alburnus alburnus,A354F1FE-645E-F011-9112-08F1EAD81ED0,111145503,R00481,ES,POINT (0.6339009 41.0518738),FALSE,2021,22,Invasive Alien Species in Europe,https://easin.jrc.ec.europa.eu/ias/speciesreport/details/60f1dc45fbd08eb6f888c9a0,2025-07-11T16:39:31.517
[WGS84 - EPSG:4326],Ailanthus altissima,BF54F1FE-645E-F011-9112-08F1EAD81ED0,111145511,R00460,IT,POINT (8.8074709 45.8311022),FALSE,2021,22,Invasive Alien Species in Europe,https://easin.jrc.ec.europa.eu/ias/speciesreport/details/612dd9b8fd9dfade5500f217,2025-07-11T16:39:31.517
[WGS84 - EPSG:4326],Ailanthus altissima,B754F1FE-645E-F011-9112-08F1EAD81ED0,111145519,R00460,IT,POINT (8.830175 45.8304078),FALSE,2021,22,Invasive Alien Species in Europe,https://easin.jrc.ec.europa.eu/ias/speciesreport/details/611b6756ff41760f537e72bd,2025-07-11T16:39:31.517
[WGS84 - EPSG:4326],Ailanthus altissima,8554F1FE-645E-F011-9112-08F1EAD81ED0,111145527,R00460,IT,POINT (8.8127125 45.8256019),FALSE,2021,22,Invasive Alien Species in Europe,https://easin.jrc.ec.europa.eu/ias/speciesreport/details/610b8fc4ff41760f537e729f,2025-07-11T16:39:31.517
[WGS84 - EPSG:4326],Ailanthus altissima,7E54F1FE-645E-F011-9112-08F1EAD81ED0,111145535,R00460,ES,POINT (-2.9517807 42.6907456),FALSE,2021,22,Invasive Alien Species in Europe,https://easin.jrc.ec.europa.eu/ias/speciesreport/details/6126904e3e94f14f337c489e,2025-07-11T16:39:31.517
[WGS84 - EPSG:4326],Alopochen aegyptiaca,5554F1FE-645E-F011-9112-08F1EAD81ED0,111145543,R00644,BE,POINT (4.3806083 50.8384269),FALSE,2021,22,Invasive Alien Species in Europe,https://easin.jrc.ec.europa.eu/ias/speciesreport/details/6071ca9a3cf514e516fe8bbf,2025-07-11T16:39:31.517
[WGS84 - EPSG:4326],Zygophyllum fabago,5C54F1FE-645E-F011-9112-08F1EAD81ED0,111145551,R16347,ES,POINT (-1.2181881 37.9967372),FALSE,2021,22,Invasive Alien Species in Europe,https://easin.jrc.ec.europa.eu/ias/speciesreport/details/6159704181fb1ded16f31af4,2025-07-11T16:39:31.517
[WGS84 - EPSG:4326],Ambrosia artemisiifolia,6454F1FE-645E-F011-9112-08F1EAD81ED0,111145559,R00818,BA,POINT (18.9236762 44.8478366),FALSE,2021,22,Invasive Alien Species in Europe,https://easin.jrc.ec.europa.eu/ias/speciesreport/details/610422efe81bd49e69a433b3,2025-07-11T16:39:31.517
[WGS84 - EPSG:4326],Ailanthus altissima,6654F1FE-645E-F011-9112-08F1EAD81ED0,111145567,R00460,ES,POINT (-2.9539223 42.6825292),FALSE,2021,22,Invasive Alien Species in Europe,https://easin.jrc.ec.europa.eu/ias/speciesreport/details/6126882c3e94f14f337c489a,2025-07-11T16:39:31.517
[WGS84 - EPSG:4326],Rhynchophorus ferrugineus,6854F1FE-645E-F011-9112-08F1EAD81ED0,111145575,R13007,ES,POINT (-3.62788799205191 37.2294671764121),FALSE,2021,22,Invasive Alien Species in Europe,https://easin.jrc.ec.europa.eu/ias/speciesreport/details/60a7e12331ea43d3f0a73504,2025-07-11T16:39:31.517
[WGS84 - EPSG:4326],Lepomis gibbosus,7454F1FE-645E-F011-9112-08F1EAD81ED0,111145583,R08376,GI,POINT (-5.34010053980637 35.8969212745807),FALSE,2021,22,Invasive Alien Species in Europe,https://easin.jrc.ec.europa.eu/ias/speciesreport/details/60a923e731ea43d3f0a73509,2025-07-11T16:39:31.517
[WGS84 - EPSG:4326],Ailanthus altissima,7954F1FE-645E-F011-9112-08F1EAD81ED0,111145591,R00460,IT,POINT (8.6068856 45.7980008),FALSE,2021,22,Invasive Alien Species in Europe,https://easin.jrc.ec.europa.eu/ias/speciesreport/details/618bcd557faf3095cb53ebd1,2025-07-11T16:39:31.517
[WGS84 - EPSG:4326],Ailanthus altissima,7B54F1FE-645E-F011-9112-08F1EAD81ED0,111145599,R00460,AT,POINT (16.2338662147522 48.3559567282318),FALSE,2021,22,Invasive Alien Species in Europe,https://easin.jrc.ec.europa.eu/ias/speciesreport/details/6106e097e81bd49e69a433b8,2025-07-11T16:39:31.517
[WGS84 - EPSG:4326],Alopochen aegyptiaca,6C54F1FE-645E-F011-9112-08F1EAD81ED0,111145607,R00644,ES,POINT (-3.63030000673461 40.7800779824529),FALSE,2021,22,Invasive Alien Species in Europe,https://easin.jrc.ec.europa.eu/ias/speciesreport/details/60a7950e31ea43d3f0a73503,2025-07-11T16:39:31.517
[WGS84 - EPSG:4326],Ailanthus altissima,7054F1FE-645E-F011-9112-08F1EAD81ED0,111145615,R00460,IT,POINT (8.8210303 45.8230331),FALSE,2021,22,Invasive Alien Species in Europe,https://easin.jrc.ec.europa.eu/ias/speciesreport/details/61838d9b67c0c276caf2aaaa,2025-07-11T16:39:31.517
[WGS84 - EPSG:4326],Vespa velutina nigrithorax,7254F1FE-645E-F011-9112-08F1EAD81ED0,111145623,R15970,FR,POINT (3.8116208 43.6986722),FALSE,2021,22,Invasive Alien Species in Europe,https://easin.jrc.ec.europa.eu/ias/speciesreport/details/6173196567c0c276caf2aa8d,2025-07-11T16:39:31.517
[WGS84 - EPSG:4326],Muntiacus reevesi,5954F1FE-645E-F011-9112-08F1EAD81ED0,111145631,R09640,DE,POINT (10.0294914 54.171081),FALSE,2021,22,Invasive Alien Species in Europe,https://easin.jrc.ec.europa.eu/ias/speciesreport/details/61432d8581fb1ded16f31ac8,2025-07-11T16:39:31.517
[WGS84 - EPSG:4326],Phytolacca americana,5A54F1FE-645E-F011-9112-08F1EAD81ED0,111145639,R11485,BA,POINT (18.9236762 44.8478366),FALSE,2021,22,Invasive Alien Species in Europe,https://easin.jrc.ec.europa.eu/ias/speciesreport/details/610422dbe81bd49e69a433af,2025-07-11T16:39:31.517
[WGS84 - EPSG:4326],Ailanthus altissima,5354F1FE-645E-F011-9112-08F1EAD81ED0,111145647,R00460,IT,POINT (8.8084874 45.8275659),FALSE,2021,22,Invasive Alien Species in Europe,https://easin.jrc.ec.europa.eu/ias/speciesreport/details/6099534031ea43d3f0a734f8,2025-07-11T16:39:31.517
[WGS84 - EPSG:4326],Ailanthus altissima,4754F1FE-645E-F011-9112-08F1EAD81ED0,111145655,R00460,IT,POINT (8.8248693 45.8229605),FALSE,2021,22,Invasive Alien Species in Europe,https://easin.jrc.ec.europa.eu/ias/speciesreport/details/611b5eb8ff41760f537e72b7,2025-07-11T16:39:31.517
[WGS84 - EPSG:4326],Ailanthus altissima,4C54F1FE-645E-F011-9112-08F1EAD81ED0,111145663,R00460,ES,POINT (-5.17133336124971 38.2019531982944),FALSE,2021,22,Invasive Alien Species in Europe,https://easin.jrc.ec.europa.eu/ias/speciesreport/details/60a3fc1431ea43d3f0a73500,2025-07-11T16:39:31.517
[WGS84 - EPSG:4326],Ailanthus altissima,4D54F1FE-645E-F011-9112-08F1EAD81ED0,111145671,R00460,IT,POINT (8.8033875 45.8330911),FALSE,2021,22,Invasive Alien Species in Europe,https://easin.jrc.ec.europa.eu/ias/speciesreport/details/612ddaf9fd9dfade5500f219,2025-07-11T16:39:31.517
[WGS84 - EPSG:4326],Ailanthus altissima,3854F1FE-645E-F011-9112-08F1EAD81ED0,111145679,R00460,IT,POINT (8.6503425 45.8935663),FALSE,2021,22,Invasive Alien Species in Europe,https://easin.jrc.ec.europa.eu/ias/speciesreport/details/6163dd8e90b5952a931c21e5,2025-07-11T16:39:31.517
[WGS84 - EPSG:4326],Ailanthus altissima,4154F1FE-645E-F011-9112-08F1EAD81ED0,111145687,R00460,IT,POINT (8.7174427 45.8447476),FALSE,2021,22,Invasive Alien Species in Europe,https://easin.jrc.ec.europa.eu/ias/speciesreport/details/61124daaff41760f537e72b0,2025-07-11T16:39:31.517
[WGS84 - EPSG:4326],Ailanthus altissima,3A54F1FE-645E-F011-9112-08F1EAD81ED0,111145695,R00460,IT,POINT (8.6649448 45.8954176),FALSE,2021,22,Invasive Alien Species in Europe,https://easin.jrc.ec.europa.eu/ias/speciesreport/details/6163d84f90b5952a931c21e0,2025-07-11T16:39:31.517
[WGS84 - EPSG:4326],Ailanthus altissima,4554F1FE-645E-F011-9112-08F1EAD81ED0,111145703,R00460,AT,POINT (16.2299878562114 48.3550874707131),FALSE,2021,22,Invasive Alien Species in Europe,https://easin.jrc.ec.europa.eu/ias/speciesreport/details/6106e1dee81bd49e69a433ba,2025-07-11T16:39:31.517
[WGS84 - EPSG:4326],Cyprinus carpio,4953F1FE-645E-F011-9112-08F1EAD81ED0,111145711,R04750,ES,POINT (0.5167549 40.9752033),FALSE,2021,22,Invasive Alien Species in Europe,https://easin.jrc.ec.europa.eu/ias/speciesreport/details/60f1dc47fbd08eb6f888c9a1,2025-07-11T16:39:31.517
[WGS84 - EPSG:4326],Trachemys scripta,3853F1FE-645E-F011-9112-08F1EAD81ED0,111145719,R18154,ES,POINT (-0.874727368354797 38.6705130984862),FALSE,2021,22,Invasive Alien Species in Europe,https://easin.jrc.ec.europa.eu/ias/speciesreport/details/613c890afd9dfade5500f228,2025-07-11T16:39:31.517
[WGS84 - EPSG:4326],Trachemys scripta,3353F1FE-645E-F011-9112-08F1EAD81ED0,111145727,R18154,IT,POINT (13.83245026861 41.5220605847386),FALSE,2021,22,Invasive Alien Species in Europe,https://easin.jrc.ec.europa.eu/ias/speciesreport/details/609dfd5831ea43d3f0a734f9,2025-07-11T16:39:31.517
[WGS84 - EPSG:4326],Ailanthus altissima,3453F1FE-645E-F011-9112-08F1EAD81ED0,111145735,R00460,IT,POINT (8.80565 45.8253931),FALSE,2021,22,Invasive Alien Species in Europe,https://easin.jrc.ec.europa.eu/ias/speciesreport/details/6054896ec7323a501ae13450,2025-07-11T16:39:31.517
[WGS84 - EPSG:4326],Ailanthus altissima,3553F1FE-645E-F011-9112-08F1EAD81ED0,111145743,R00460,IT,POINT (8.8517485 45.8134624),FALSE,2021,22,Invasive Alien Species in Europe,https://easin.jrc.ec.europa.eu/ias/speciesreport/details/61811d0667c0c276caf2aaa5,2025-07-11T16:39:31.517
[WGS84 - EPSG:4326],Ailanthus altissima,2953F1FE-645E-F011-9112-08F1EAD81ED0,111145751,R00460,IT,POINT (8.7991717 45.8327681),FALSE,2021,22,Invasive Alien Species in Europe,https://easin.jrc.ec.europa.eu/ias/speciesreport/details/611e05866e0eb821adad2ffd,2025-07-11T16:39:31.517
[WGS84 - EPSG:4326],Alopochen aegyptiaca,2653F1FE-645E-F011-9112-08F1EAD81ED0,111145759,R00644,ES,POINT (-4.0060976420111 40.29168499463),FALSE,2021,22,Invasive Alien Species in Europe,https://easin.jrc.ec.europa.eu/ias/speciesreport/details/6009c1fbd88b4612351529f0,2025-07-11T16:39:31.517
[WGS84 - EPSG:4326],Arundo donax,2153F1FE-645E-F011-9112-08F1EAD81ED0,111145767,R01515,ES,POINT (-1.11354332439078 37.9823223447784),FALSE,2021,22,Invasive Alien Species in Europe,https://easin.jrc.ec.europa.eu/ias/speciesreport/details/616d50715049f6584a65830e,2025-07-11T16:39:31.517
[WGS84 - EPSG:4326],Cenchrus setaceus,2253F1FE-645E-F011-9112-08F1EAD81ED0,111145775,R03000,MT,POINT (14.561755657196 35.8735898375976),FALSE,2021,22,Invasive Alien Species in Europe,https://easin.jrc.ec.europa.eu/ias/speciesreport/details/61c0c91edb4ba0e5b9073415,2025-07-11T16:39:31.517
[WGS84 - EPSG:4326],Ailanthus altissima,1453F1FE-645E-F011-9112-08F1EAD81ED0,111145783,R00460,IT,POINT (8.6497309 45.89418),FALSE,2021,22,Invasive Alien Species in Europe,https://easin.jrc.ec.europa.eu/ias/speciesreport/details/6163dea690b5952a931c21e7,2025-07-11T16:39:31.517
[WGS84 - EPSG:4326],Ailanthus altissima,0F53F1FE-645E-F011-9112-08F1EAD81ED0,111145791,R00460,IT,POINT (8.805565 45.8252355),FALSE,2021,22,Invasive Alien Species in Europe,https://easin.jrc.ec.europa.eu/ias/speciesreport/details/605488d4c7323a501ae1344f,2025-07-11T16:39:31.517
[WGS84 - EPSG:4326],Procambarus clarkii,1853F1FE-645E-F011-9112-08F1EAD81ED0,111145799,R12250,ES,POINT (-0.9920755 38.0452552),FALSE,2021,22,Invasive Alien Species in Europe,https://easin.jrc.ec.europa.eu/ias/speciesreport/details/61596d7481fb1ded16f31aee,2025-07-11T16:39:31.517
[WGS84 - EPSG:4326],Ailanthus altissima,8953F1FE-645E-F011-9112-08F1EAD81ED0,111145807,R00460,IT,POINT (8.8301673 45.8304525),FALSE,2021,22,Invasive Alien Species in Europe,https://easin.jrc.ec.europa.eu/ias/speciesreport/details/6180fc0767c0c276caf2aaa2,2025-07-11T16:39:31.517
[WGS84 - EPSG:4326],Ailanthus altissima,8D53F1FE-645E-F011-9112-08F1EAD81ED0,111145815,R00460,IT,POINT (8.828538 45.7896172),FALSE,2021,22,Invasive Alien Species in Europe,https://easin.jrc.ec.europa.eu/ias/speciesreport/details/617a7e0a67c0c276caf2aa9d,2025-07-11T16:39:31.517
[WGS84 - EPSG:4326],Ailanthus altissima,A253F1FE-645E-F011-9112-08F1EAD81ED0,111145823,R00460,IT,POINT (8.8344636 45.7971955),FALSE,2021,22,Invasive Alien Species in Europe,https://easin.jrc.ec.europa.eu/ias/speciesreport/details/617a7f3b67c0c276caf2aa9e,2025-07-11T16:39:31.517
[WGS84 - EPSG:4326],Ailanthus altissima,9353F1FE-645E-F011-9112-08F1EAD81ED0,111145831,R00460,IT,POINT (8.8725842 45.7986811),FALSE,2021,22,Invasive Alien Species in Europe,https://easin.jrc.ec.europa.eu/ias/speciesreport/details/60f6ebc5ddc52fd20a66bb7a,2025-07-11T16:39:31.517
[WGS84 - EPSG:4326],Alburnus alburnus,6853F1FE-645E-F011-9112-08F1EAD81ED0,111145839,R00481,ES,POINT (0.6430005 41.0947341),FALSE,2021,22,Invasive Alien Species in Europe,https://easin.jrc.ec.europa.eu/ias/speciesreport/details/60f1dc57fbd08eb6f888c9a6,2025-07-11T16:39:31.517
[WGS84 - EPSG:4326],Nicotiana glauca,6653F1FE-645E-F011-9112-08F1EAD81ED0,111145847,R10004,ES,POINT (-1.2155747 37.9952751),FALSE,2021,22,Invasive Alien Species in Europe,https://easin.jrc.ec.europa.eu/ias/speciesreport/details/615963bf81fb1ded16f31ada,2025-07-11T16:39:31.517
[WGS84 - EPSG:4326],Agave sisalana,7C53F1FE-645E-F011-9112-08F1EAD81ED0,111145855,R00389,MT,POINT (14.5656948 35.8427942),FALSE,2021,22,Invasive Alien Species in Europe,https://easin.jrc.ec.europa.eu/ias/speciesreport/details/61cdf915db4ba0e5b907341f,2025-07-11T16:39:31.517
[WGS84 - EPSG:4326],Sciurus carolinensis,8253F1FE-645E-F011-9112-08F1EAD81ED0,111145863,R13698,IT,POINT (7.6863895 45.0516168),FALSE,2021,22,Invasive Alien Species in Europe,https://easin.jrc.ec.europa.eu/ias/speciesreport/details/616befd75049f6584a6582fe,2025-07-11T16:39:31.517
[WGS84 - EPSG:4326],Trachemys scripta,7053F1FE-645E-F011-9112-08F1EAD81ED0,111145871,R18154,IT,POINT (9.50093022036526 40.9293762244255),FALSE,2021,22,Invasive Alien Species in Europe,https://easin.jrc.ec.europa.eu/ias/speciesreport/details/61b326d2d4e263274c4cb681,2025-07-11T16:39:31.517
[WGS84 - EPSG:4326],Ailanthus altissima,7553F1FE-645E-F011-9112-08F1EAD81ED0,111145879,R00460,IT,POINT (8.813749 45.8244502),FALSE,2021,22,Invasive Alien Species in Europe,https://easin.jrc.ec.europa.eu/ias/speciesreport/details/610b8e20ff41760f537e729c,2025-07-11T16:39:31.517
[WGS84 - EPSG:4326],Ailanthus altissima,0A54F1FE-645E-F011-9112-08F1EAD81ED0,111145887,R00460,IT,POINT (8.8182354 45.830931),FALSE,2021,22,Invasive Alien Species in Europe,https://easin.jrc.ec.europa.eu/ias/speciesreport/details/612dd91cfd9dfade5500f216,2025-07-11T16:39:31.517
[WGS84 - EPSG:4326],Agave sisalana,F753F1FE-645E-F011-9112-08F1EAD81ED0,111145895,R00389,MT,POINT (14.5679691 35.8417369),FALSE,2021,22,Invasive Alien Species in Europe,https://easin.jrc.ec.europa.eu/ias/speciesreport/details/61cdf91bdb4ba0e5b9073421,2025-07-11T16:39:31.517
[WGS84 - EPSG:4326],Ailanthus altissima,F853F1FE-645E-F011-9112-08F1EAD81ED0,111145903,R00460,IT,POINT (8.7221232 45.8441048),FALSE,2021,22,Invasive Alien Species in Europe,https://easin.jrc.ec.europa.eu/ias/speciesreport/details/61124917ff41760f537e72ab,2025-07-11T16:39:31.517
[WGS84 - EPSG:4326],Ailanthus altissima,FB53F1FE-645E-F011-9112-08F1EAD81ED0,111145911,R00460,IT,POINT (8.8227519 45.8286904),FALSE,2021,22,Invasive Alien Species in Europe,https://easin.jrc.ec.europa.eu/ias/speciesreport/details/612dd011fd9dfade5500f209,2025-07-11T16:39:31.517
[WGS84 - EPSG:4326],Alburnus alburnus,2454F1FE-645E-F011-9112-08F1EAD81ED0,111145919,R00481,ES,POINT (0.6430284 41.0949223),FALSE,2021,22,Invasive Alien Species in Europe,https://easin.jrc.ec.europa.eu/ias/speciesreport/details/60f3e75ffbd08eb6f888c9aa,2025-07-11T16:39:31.517
[WGS84 - EPSG:4326],Salix babylonica,1A54F1FE-645E-F011-9112-08F1EAD81ED0,111145927,R18706,ES,POINT (-1.2192737 37.995433),FALSE,2021,22,Invasive Alien Species in Europe,https://easin.jrc.ec.europa.eu/ias/speciesreport/details/615975e381fb1ded16f31b02,2025-07-11T16:39:31.517
[WGS84 - EPSG:4326],Ailanthus altissima,1554F1FE-645E-F011-9112-08F1EAD81ED0,111145935,R00460,IT,POINT (8.8046529 45.8330044),FALSE,2021,22,Invasive Alien Species in Europe,https://easin.jrc.ec.europa.eu/ias/speciesreport/details/612dda73fd9dfade5500f218,2025-07-11T16:39:31.517
[WGS84 - EPSG:4326],Zygophyllum fabago,1754F1FE-645E-F011-9112-08F1EAD81ED0,111145943,R16347,ES,POINT (-1.2193102 37.9967717),FALSE,2021,22,Invasive Alien Species in Europe,https://easin.jrc.ec.europa.eu/ias/speciesreport/details/615979eb81fb1ded16f31b08,2025-07-11T16:39:31.517
[WGS84 - EPSG:4326],Ailanthus altissima,1C54F1FE-645E-F011-9112-08F1EAD81ED0,111145951,R00460,IT,POINT (8.7988755 45.8376175),FALSE,2021,22,Invasive Alien Species in Europe,https://easin.jrc.ec.europa.eu/ias/speciesreport/details/611e098a6e0eb821adad3002,2025-07-11T16:39:31.517
[WGS84 - EPSG:4326],Gunnera tinctoria,2654F1FE-645E-F011-9112-08F1EAD81ED0,111145959,R06923,DE,POINT (9.254419 50.102223),FALSE,2021,22,Invasive Alien Species in Europe,https://easin.jrc.ec.europa.eu/ias/speciesreport/details/612cdbacfd9dfade5500f208,2025-07-11T16:39:31.517
[WGS84 - EPSG:4326],Ailanthus altissima,2954F1FE-645E-F011-9112-08F1EAD81ED0,111145967,R00460,IT,POINT (8.8012921 45.833456),FALSE,2021,22,Invasive Alien Species in Europe,https://easin.jrc.ec.europa.eu/ias/speciesreport/details/612ddb5cfd9dfade5500f21a,2025-07-11T16:39:31.517
[WGS84 - EPSG:4326],Trachemys scripta,2A54F1FE-645E-F011-9112-08F1EAD81ED0,111145975,R18154,FR,POINT (9.46703910827637 41.2087512819005),FALSE,2021,22,Invasive Alien Species in Europe,https://easin.jrc.ec.europa.eu/ias/speciesreport/details/6126baa83e94f14f337c489f,2025-07-11T16:39:31.517
[WGS84 - EPSG:4326],Ailanthus altissima,2D54F1FE-645E-F011-9112-08F1EAD81ED0,111145983,R00460,IT,POINT (8.6482976 45.8942487),FALSE,2021,22,Invasive Alien Species in Europe,https://easin.jrc.ec.europa.eu/ias/speciesreport/details/6163ddda90b5952a931c21e6,2025-07-11T16:39:31.517
[WGS84 - EPSG:4326],Ailanthus altissima,3054F1FE-645E-F011-9112-08F1EAD81ED0,111145991,R00460,IT,POINT (8.8042635 45.8433837),FALSE,2021,22,Invasive Alien Species in Europe,https://easin.jrc.ec.europa.eu/ias/speciesreport/details/6140abd781fb1ded16f31ac7,2025-07-11T16:39:31.517
[WGS84 - EPSG:4326],Ailanthus altissima,3154F1FE-645E-F011-9112-08F1EAD81ED0,111145999,R00460,IT,POINT (8.7146556 45.8456593),FALSE,2021,22,Invasive Alien Species in Europe,https://easin.jrc.ec.europa.eu/ias/speciesreport/details/61125318ff41760f537e72b3,2025-07-11T16:39:31.517
[WGS84 - EPSG:4326],Carassius gibelio,3454F1FE-645E-F011-9112-08F1EAD81ED0,111146007,R02744,BG,POINT (22.5866997241974 43.7409798726927),FALSE,2021,22,Invasive Alien Species in Europe,https://easin.jrc.ec.europa.eu/ias/speciesreport/details/63024a3ffdeaaa18ae203b64,2025-07-11T16:39:31.517
[WGS84 - EPSG:4326],Procambarus clarkii,B453F1FE-645E-F011-9112-08F1EAD81ED0,111146015,R12250,ES,POINT (-0.9920755 38.0452552),FALSE,2021,22,Invasive Alien Species in Europe,https://easin.jrc.ec.europa.eu/ias/speciesreport/details/61596b0481fb1ded16f31ae9,2025-07-11T16:39:31.517
[WGS84 - EPSG:4326],Ailanthus altissima,B553F1FE-645E-F011-9112-08F1EAD81ED0,111146023,R00460,IT,POINT (8.7799377 45.8372275),FALSE,2021,22,Invasive Alien Species in Europe,https://easin.jrc.ec.europa.eu/ias/speciesreport/details/6112484dff41760f537e72aa,2025-07-11T16:39:31.517
[WGS84 - EPSG:4326],Ailanthus altissima,A053F1FE-645E-F011-9112-08F1EAD81ED0,111146031,R00460,IT,POINT (8.82155 45.8120311),FALSE,2021,22,Invasive Alien Species in Europe,https://easin.jrc.ec.europa.eu/ias/speciesreport/details/617a774b67c0c276caf2aa96,2025-07-11T16:39:31.517
[WGS84 - EPSG:4326],Zygophyllum fabago,AD53F1FE-645E-F011-9112-08F1EAD81ED0,111146039,R16347,ES,POINT (-1.11336832645975 37.9822996667718),FALSE,2021,22,Invasive Alien Species in Europe,https://easin.jrc.ec.europa.eu/ias/speciesreport/details/616d509d5049f6584a65830f,2025-07-11T16:39:31.517
[WGS84 - EPSG:4326],Gambusia holbrooki,C553F1FE-645E-F011-9112-08F1EAD81ED0,111146047,R06574,ES,POINT (-1.0079153 38.0510726),FALSE,2021,22,Invasive Alien Species in Europe,https://easin.jrc.ec.europa.eu/ias/speciesreport/details/61596fc681fb1ded16f31af3,2025-07-11T16:39:31.517
[WGS84 - EPSG:4326],Ailanthus altissima,C853F1FE-645E-F011-9112-08F1EAD81ED0,111146055,R00460,IT,POINT (8.8151582 45.8381135),FALSE,2021,22,Invasive Alien Species in Europe,https://easin.jrc.ec.europa.eu/ias/speciesreport/details/60e86887f74823b220771e60,2025-07-11T16:39:31.517
[WGS84 - EPSG:4326],Ailanthus altissima,D553F1FE-645E-F011-9112-08F1EAD81ED0,111146063,R00460,IT,POINT (8.8051916 45.8374445),FALSE,2021,22,Invasive Alien Species in Europe,https://easin.jrc.ec.europa.eu/ias/speciesreport/details/612ddd90fd9dfade5500f21c,2025-07-11T16:39:31.517
[WGS84 - EPSG:4326],Trachemys scripta,D653F1FE-645E-F011-9112-08F1EAD81ED0,111146071,R18154,IT,POINT (11.7523777484894 45.2971619609747),FALSE,2021,22,Invasive Alien Species in Europe,https://easin.jrc.ec.europa.eu/ias/speciesreport/details/6138bbeafd9dfade5500f223,2025-07-11T16:39:31.517
[WGS84 - EPSG:4326],Ailanthus altissima,DB53F1FE-645E-F011-9112-08F1EAD81ED0,111146079,R00460,IT,POINT (8.830906 45.792096),FALSE,2021,22,Invasive Alien Species in Europe,https://easin.jrc.ec.europa.eu/ias/speciesreport/details/617a7ae567c0c276caf2aa9b,2025-07-11T16:39:31.517
[WGS84 - EPSG:4326],Procambarus clarkii,D253F1FE-645E-F011-9112-08F1EAD81ED0,111146087,R12250,ES,POINT (-0.9920755 38.0452552),FALSE,2021,22,Invasive Alien Species in Europe,https://easin.jrc.ec.europa.eu/ias/speciesreport/details/6159662d81fb1ded16f31adf,2025-07-11T16:39:31.517
[WGS84 - EPSG:4326],Cylindropuntia imbricata,D053F1FE-645E-F011-9112-08F1EAD81ED0,111146095,R18939,ES,POINT (-2.4259667 36.8190474),FALSE,2021,22,Invasive Alien Species in Europe,https://easin.jrc.ec.europa.eu/ias/speciesreport/details/618673bc7faf3095cb53ebc2,2025-07-11T16:39:31.517
[WGS84 - EPSG:4326],Dreissena polymorpha,D953F1FE-645E-F011-9112-08F1EAD81ED0,111146103,R05292,BG,POINT (22.5868284702301 43.7409566188109),FALSE,2021,22,Invasive Alien Species in Europe,https://easin.jrc.ec.europa.eu/ias/speciesreport/details/6302467cfdeaaa18ae203b62,2025-07-11T16:39:31.517
[WGS84 - EPSG:4326],Opuntia ficus-indica,F053F1FE-645E-F011-9112-08F1EAD81ED0,111146111,R10416,ES,POINT (-3.35181713104248 39.3520867972791),FALSE,2021,22,Invasive Alien Species in Europe,https://easin.jrc.ec.europa.eu/ias/speciesreport/details/611edd9a6e0eb821adad3003,2025-07-11T16:39:31.517
[WGS84 - EPSG:4326],Acacia saligna,E453F1FE-645E-F011-9112-08F1EAD81ED0,111146119,R00053,ES,POINT (-1.14251109842371 37.9806072000683),FALSE,2021,22,Invasive Alien Species in Europe,https://easin.jrc.ec.europa.eu/ias/speciesreport/details/616d4a6e5049f6584a65830a,2025-07-11T16:39:31.517
[WGS84 - EPSG:4326],Ricinus communis,7355F1FE-645E-F011-9112-08F1EAD81ED0,111146255,R13044,MT,POINT (14.5322477 35.860132),FALSE,2021,22,Invasive Alien Species in Europe,https://easin.jrc.ec.europa.eu/ias/speciesreport/details/61c2d55bdb4ba0e5b9073418,2025-07-11T16:39:31.517
[WGS84 - EPSG:4326],Zygophyllum fabago,7455F1FE-645E-F011-9112-08F1EAD81ED0,111146263,R16347,ES,POINT (-1.2183544 37.9968921),FALSE,2021,22,Invasive Alien Species in Europe,https://easin.jrc.ec.europa.eu/ias/speciesreport/details/61596f1281fb1ded16f31af1,2025-07-11T16:39:31.517
[WGS84 - EPSG:4326],Corbicula fluminea,6155F1FE-645E-F011-9112-08F1EAD81ED0,111146271,R04013,BG,POINT (22.5866675376892 43.7409798726927),FALSE,2021,22,Invasive Alien Species in Europe,https://easin.jrc.ec.europa.eu/ias/speciesreport/details/63024089fdeaaa18ae203b61,2025-07-11T16:39:31.517
[WGS84 - EPSG:4326],Ailanthus altissima,5B55F1FE-645E-F011-9112-08F1EAD81ED0,111146279,R00460,IT,POINT (8.6678465 45.8042748),FALSE,2021,22,Invasive Alien Species in Europe,https://easin.jrc.ec.europa.eu/ias/speciesreport/details/618bcc8c7faf3095cb53ebd0,2025-07-11T16:39:31.517
[WGS84 - EPSG:4326],Ailanthus altissima,8255F1FE-645E-F011-9112-08F1EAD81ED0,111146287,R00460,IT,POINT (8.8240317 45.8117945),FALSE,2021,22,Invasive Alien Species in Europe,https://easin.jrc.ec.europa.eu/ias/speciesreport/details/613cc74ffd9dfade5500f22f,2025-07-11T16:39:31.517
[WGS84 - EPSG:4326],Ailanthus altissima,8655F1FE-645E-F011-9112-08F1EAD81ED0,111146295,R00460,IT,POINT (8.8226765 45.8276247),FALSE,2021,22,Invasive Alien Species in Europe,https://easin.jrc.ec.europa.eu/ias/speciesreport/details/612dd486fd9dfade5500f211,2025-07-11T16:39:31.517
[WGS84 - EPSG:4326],Impatiens glandulifera,8755F1FE-645E-F011-9112-08F1EAD81ED0,111146303,R07719,IT,POINT (8.8727072 45.798888),FALSE,2021,22,Invasive Alien Species in Europe,https://easin.jrc.ec.europa.eu/ias/speciesreport/details/60f6eb66ddc52fd20a66bb79,2025-07-11T16:39:31.517
[WGS84 - EPSG:4326],Acacia saligna,9255F1FE-645E-F011-9112-08F1EAD81ED0,111146311,R00053,ES,POINT (-1.11153836955054 37.9825846733849),FALSE,2021,22,Invasive Alien Species in Europe,https://easin.jrc.ec.europa.eu/ias/speciesreport/details/616d50c45049f6584a658310,2025-07-11T16:39:31.517
[WGS84 - EPSG:4326],Aesculus hippocastanum,8D55F1FE-645E-F011-9112-08F1EAD81ED0,111146319,R00341,ES,POINT (-3.60169129209275 37.1782393541093),FALSE,2021,22,Invasive Alien Species in Europe,https://easin.jrc.ec.europa.eu/ias/speciesreport/details/60a54aec31ea43d3f0a73502,2025-07-11T16:39:31.517
[WGS84 - EPSG:4326],Arundo donax,8A55F1FE-645E-F011-9112-08F1EAD81ED0,111146327,R01515,ES,POINT (-1.216903 37.9963784),FALSE,2021,22,Invasive Alien Species in Europe,https://easin.jrc.ec.europa.eu/ias/speciesreport/details/615966dc81fb1ded16f31ae0,2025-07-11T16:39:31.517
[WGS84 - EPSG:4326],Ailanthus altissima,9555F1FE-645E-F011-9112-08F1EAD81ED0,111146335,R00460,ES,POINT (-3.1097574 40.6067219),FALSE,2021,22,Invasive Alien Species in Europe,https://easin.jrc.ec.europa.eu/ias/speciesreport/details/60f0db5ed0797425b6105162,2025-07-11T16:39:31.517
[WGS84 - EPSG:4326],Ailanthus altissima,D451F1FE-645E-F011-9112-08F1EAD81ED0,111146375,R00460,DE,POINT (9.254419 50.102223),FALSE,2021,22,Invasive Alien Species in Europe,https://easin.jrc.ec.europa.eu/ias/speciesreport/details/60c8406e31ea43d3f0a73526,2025-07-11T16:39:31.517
[WGS84 - EPSG:4326],Arundo donax,D551F1FE-645E-F011-9112-08F1EAD81ED0,111146383,R01515,ES,POINT (-1.2194355 37.9970977),FALSE,2021,22,Invasive Alien Species in Europe,https://easin.jrc.ec.europa.eu/ias/speciesreport/details/61597af281fb1ded16f31b0a,2025-07-11T16:39:31.517
[WGS84 - EPSG:4326],Zygophyllum fabago,C251F1FE-645E-F011-9112-08F1EAD81ED0,111146391,R16347,ES,POINT (-2.4238049 36.8174099),FALSE,2021,22,Invasive Alien Species in Europe,https://easin.jrc.ec.europa.eu/ias/speciesreport/details/618678a37faf3095cb53ebc4,2025-07-11T16:39:31.517
[WGS84 - EPSG:4326],Ailanthus altissima,B351F1FE-645E-F011-9112-08F1EAD81ED0,111146399,R00460,IT,POINT (8.7337276 46.0428752),FALSE,2021,22,Invasive Alien Species in Europe,https://easin.jrc.ec.europa.eu/ias/speciesreport/details/611bfa7bff41760f537e72c1,2025-07-11T16:39:31.517
[WGS84 - EPSG:4326],Carassius auratus,B751F1FE-645E-F011-9112-08F1EAD81ED0,111146407,R02742,ES,POINT (0.4912429 40.9044114),FALSE,2021,22,Invasive Alien Species in Europe,https://easin.jrc.ec.europa.eu/ias/speciesreport/details/60f6f866ddc52fd20a66bb80,2025-07-11T16:39:31.517
[WGS84 - EPSG:4326],Ailanthus altissima,B851F1FE-645E-F011-9112-08F1EAD81ED0,111146415,R00460,IT,POINT (8.6709032 45.8437181),FALSE,2021,22,Invasive Alien Species in Europe,https://easin.jrc.ec.europa.eu/ias/speciesreport/details/6176649867c0c276caf2aa8f,2025-07-11T16:39:31.517
[WGS84 - EPSG:4326],Gambusia holbrooki,9951F1FE-645E-F011-9112-08F1EAD81ED0,111146423,R06574,ES,POINT (-1.0079153 38.0510726),FALSE,2021,22,Invasive Alien Species in Europe,https://easin.jrc.ec.europa.eu/ias/speciesreport/details/61597a2981fb1ded16f31b09,2025-07-11T16:39:31.517
[WGS84 - EPSG:4326],Corbicula fluminea,9A51F1FE-645E-F011-9112-08F1EAD81ED0,111146431,R04013,BG,POINT (25.1551616191864 43.4008616156245),FALSE,2021,22,Invasive Alien Species in Europe,https://easin.jrc.ec.europa.eu/ias/speciesreport/details/630210f4fdeaaa18ae203b59,2025-07-11T16:39:31.517
[WGS84 - EPSG:4326],Fraxinus pennsylvanica,9151F1FE-645E-F011-9112-08F1EAD81ED0,111146439,R06407,BA,POINT (18.9236762 44.8478366),FALSE,2021,22,Invasive Alien Species in Europe,https://easin.jrc.ec.europa.eu/ias/speciesreport/details/610422f7e81bd49e69a433b5,2025-07-11T16:39:31.517
[WGS84 - EPSG:4326],Agave sisalana,8E51F1FE-645E-F011-9112-08F1EAD81ED0,111146447,R00389,MT,POINT (14.564349 35.843509),FALSE,2021,22,Invasive Alien Species in Europe,https://easin.jrc.ec.europa.eu/ias/speciesreport/details/61cdf912db4ba0e5b907341e,2025-07-11T16:39:31.517
[WGS84 - EPSG:4326],Arundo donax,8F51F1FE-645E-F011-9112-08F1EAD81ED0,111146455,R01515,ES,POINT (-1.2174342 37.9969682),FALSE,2021,22,Invasive Alien Species in Europe,https://easin.jrc.ec.europa.eu/ias/speciesreport/details/6159694081fb1ded16f31ae6,2025-07-11T16:39:31.517
[WGS84 - EPSG:4326],Ailanthus altissima,9551F1FE-645E-F011-9112-08F1EAD81ED0,111146463,R00460,IT,POINT (8.8242426 45.8223036),FALSE,2021,22,Invasive Alien Species in Europe,https://easin.jrc.ec.europa.eu/ias/speciesreport/details/6183893a67c0c276caf2aaa6,2025-07-11T16:39:31.517
[WGS84 - EPSG:4326],Impatiens glandulifera,9651F1FE-645E-F011-9112-08F1EAD81ED0,111146471,R07719,IT,POINT (8.8637088 45.7949547),FALSE,2021,22,Invasive Alien Species in Europe,https://easin.jrc.ec.europa.eu/ias/speciesreport/details/60f6f1a8ddc52fd20a66bb7e,2025-07-11T16:39:31.517
[WGS84 - EPSG:4326],Vespa velutina nigrithorax,A451F1FE-645E-F011-9112-08F1EAD81ED0,111146479,R15970,DE,POINT (8.25923954020254 49.3673020615425),FALSE,2021,22,Invasive Alien Species in Europe,https://easin.jrc.ec.europa.eu/ias/speciesreport/details/616e9b035049f6584a658316,2025-07-11T16:39:31.517
[WGS84 - EPSG:4326],Ailanthus altissima,AD51F1FE-645E-F011-9112-08F1EAD81ED0,111146487,R00460,ES,POINT (-2.8859425 42.6884336),FALSE,2021,22,Invasive Alien Species in Europe,https://easin.jrc.ec.europa.eu/ias/speciesreport/details/6122979d6e0eb821adad3004,2025-07-11T16:39:31.517
[WGS84 - EPSG:4326],Ailanthus altissima,7351F1FE-645E-F011-9112-08F1EAD81ED0,111146495,R00460,FR,POINT (6.9395204 43.6558979),FALSE,2021,22,Invasive Alien Species in Europe,https://easin.jrc.ec.europa.eu/ias/speciesreport/details/60d5afdbf74823b220771e5d,2025-07-11T16:39:31.517
[WGS84 - EPSG:4326],Ailanthus altissima,7551F1FE-645E-F011-9112-08F1EAD81ED0,111146503,R00460,IT,POINT (8.8310637 45.8303694),FALSE,2021,22,Invasive Alien Species in Europe,https://easin.jrc.ec.europa.eu/ias/speciesreport/details/611b669bff41760f537e72bc,2025-07-11T16:39:31.517
[WGS84 - EPSG:4326],Ailanthus altissima,8751F1FE-645E-F011-9112-08F1EAD81ED0,111146511,R00460,IT,POINT (8.8224767 45.8286887),FALSE,2021,22,Invasive Alien Species in Europe,https://easin.jrc.ec.europa.eu/ias/speciesreport/details/612dd277fd9dfade5500f20e,2025-07-11T16:39:31.517
[WGS84 - EPSG:4326],Nicotiana glauca,8951F1FE-645E-F011-9112-08F1EAD81ED0,111146519,R10004,ES,POINT (-1.2181726 37.9963585),FALSE,2021,22,Invasive Alien Species in Europe,https://easin.jrc.ec.europa.eu/ias/speciesreport/details/6159712781fb1ded16f31af8,2025-07-11T16:39:31.517
[WGS84 - EPSG:4326],Impatiens glandulifera,8C51F1FE-645E-F011-9112-08F1EAD81ED0,111146527,R07719,IT,POINT (8.8697659 45.7972981),FALSE,2021,22,Invasive Alien Species in Europe,https://easin.jrc.ec.europa.eu/ias/speciesreport/details/60f6ef13ddc52fd20a66bb7c,2025-07-11T16:39:31.517
[WGS84 - EPSG:4326],Ailanthus altissima,8051F1FE-645E-F011-9112-08F1EAD81ED0,111146535,R00460,IT,POINT (8.8250027 45.8232175),FALSE,2021,22,Invasive Alien Species in Europe,https://easin.jrc.ec.europa.eu/ias/speciesreport/details/611b637bff41760f537e72b9,2025-07-11T16:39:31.517
[WGS84 - EPSG:4326],Ailanthus altissima,5E51F1FE-645E-F011-9112-08F1EAD81ED0,111146543,R00460,DE,POINT (8.2672914 49.3670402),FALSE,2021,22,Invasive Alien Species in Europe,https://easin.jrc.ec.europa.eu/ias/speciesreport/details/61716ad867c0c276caf2aa8c,2025-07-11T16:39:31.517
[WGS84 - EPSG:4326],Agave sisalana,6351F1FE-645E-F011-9112-08F1EAD81ED0,111146551,R00389,MT,POINT (14.5627253 35.8436923),FALSE,2021,22,Invasive Alien Species in Europe,https://easin.jrc.ec.europa.eu/ias/speciesreport/details/61cdf90fdb4ba0e5b907341d,2025-07-11T16:39:31.517
[WGS84 - EPSG:4326],Arundo donax,4451F1FE-645E-F011-9112-08F1EAD81ED0,111146559,R01515,ES,POINT (-2.42890292 36.81821016),FALSE,2021,22,Invasive Alien Species in Europe,https://easin.jrc.ec.europa.eu/ias/speciesreport/details/61867b687faf3095cb53ebca,2025-07-11T16:39:31.517
[WGS84 - EPSG:4326],Ailanthus altissima,3F51F1FE-645E-F011-9112-08F1EAD81ED0,111146567,R00460,ES,POINT (2.22380463732407 41.4744635446125),FALSE,2021,22,Invasive Alien Species in Europe,https://easin.jrc.ec.europa.eu/ias/speciesreport/details/608737b31337f03fc977df97,2025-07-11T16:39:31.517
[WGS84 - EPSG:4326],Alburnus alburnus,4051F1FE-645E-F011-9112-08F1EAD81ED0,111146575,R00481,ES,POINT (0.5713369 41.1828495),FALSE,2021,22,Invasive Alien Species in Europe,https://easin.jrc.ec.europa.eu/ias/speciesreport/details/60f1dc42fbd08eb6f888c99f,2025-07-11T16:39:31.517
[WGS84 - EPSG:4326],Ailanthus altissima,FC50F1FE-645E-F011-9112-08F1EAD81ED0,111146583,R00460,IT,POINT (8.8188326 45.830832),FALSE,2021,22,Invasive Alien Species in Europe,https://easin.jrc.ec.europa.eu/ias/speciesreport/details/612dd699fd9dfade5500f215,2025-07-11T16:39:31.517
[WGS84 - EPSG:4326],Ailanthus altissima,F550F1FE-645E-F011-9112-08F1EAD81ED0,111146591,R00460,IT,POINT (8.6611643 45.8404558),FALSE,2021,22,Invasive Alien Species in Europe,https://easin.jrc.ec.europa.eu/ias/speciesreport/details/6112538aff41760f537e72b4,2025-07-11T16:39:31.517
[WGS84 - EPSG:4326],Pueraria montana (Lour.) Merr. var. lobata,F650F1FE-645E-F011-9112-08F1EAD81ED0,111146599,R12644,IT,POINT (8.8242451 45.8258992),FALSE,2021,22,Invasive Alien Species in Europe,https://easin.jrc.ec.europa.eu/ias/speciesreport/details/60feb5ae3b4613b3dcd9053d,2025-07-11T16:39:31.517
[WGS84 - EPSG:4326],Ailanthus altissima,F750F1FE-645E-F011-9112-08F1EAD81ED0,111146607,R00460,ES,POINT (-2.9501978 42.6840023),FALSE,2021,22,Invasive Alien Species in Europe,https://easin.jrc.ec.europa.eu/ias/speciesreport/details/612297e76e0eb821adad3005,2025-07-11T16:39:31.517
[WGS84 - EPSG:4326],Alburnus alburnus,0D51F1FE-645E-F011-9112-08F1EAD81ED0,111146615,R00481,ES,POINT (0.6499374 41.0989106),FALSE,2021,22,Invasive Alien Species in Europe,https://easin.jrc.ec.europa.eu/ias/speciesreport/details/60f1dc5afbd08eb6f888c9a7,2025-07-11T16:39:31.517
[WGS84 - EPSG:4326],Ailanthus altissima,1251F1FE-645E-F011-9112-08F1EAD81ED0,111146623,R00460,IT,POINT (8.7255319 45.8427981),FALSE,2021,22,Invasive Alien Species in Europe,https://easin.jrc.ec.europa.eu/ias/speciesreport/details/6176521f67c0c276caf2aa8e,2025-07-11T16:39:31.517
[WGS84 - EPSG:4326],Nicotiana glauca,2251F1FE-645E-F011-9112-08F1EAD81ED0,111146631,R10004,ES,POINT (-1.2156542 37.995289),FALSE,2021,22,Invasive Alien Species in Europe,https://easin.jrc.ec.europa.eu/ias/speciesreport/details/6159639281fb1ded16f31ad9,2025-07-11T16:39:31.517
[WGS84 - EPSG:4326],Arundo donax,3951F1FE-645E-F011-9112-08F1EAD81ED0,111146639,R01515,ES,POINT (-0.960102081298828 38.0866078718361),FALSE,2021,22,Invasive Alien Species in Europe,https://easin.jrc.ec.europa.eu/ias/speciesreport/details/616d46ab5049f6584a658304,2025-07-11T16:39:31.517
[WGS84 - EPSG:4326],Zygophyllum fabago,3A51F1FE-645E-F011-9112-08F1EAD81ED0,111146647,R16347,ES,POINT (-1.2178897 37.9947618),FALSE,2021,22,Invasive Alien Species in Europe,https://easin.jrc.ec.europa.eu/ias/speciesreport/details/61595ff681fb1ded16f31ad3,2025-07-11T16:39:31.517
[WGS84 - EPSG:4326],Nicotiana glauca,3B51F1FE-645E-F011-9112-08F1EAD81ED0,111146655,R10004,ES,POINT (-0.956158905319171 38.087737528083),FALSE,2021,22,Invasive Alien Species in Europe,https://easin.jrc.ec.europa.eu/ias/speciesreport/details/616d42565049f6584a658302,2025-07-11T16:39:31.517
[WGS84 - EPSG:4326],Ailanthus altissima,C450F1FE-645E-F011-9112-08F1EAD81ED0,111146663,R00460,IT,POINT (8.6663125 45.8946205),FALSE,2021,22,Invasive Alien Species in Europe,https://easin.jrc.ec.europa.eu/ias/speciesreport/details/6163da3290b5952a931c21e2,2025-07-11T16:39:31.517
[WGS84 - EPSG:4326],Ailanthus altissima,C550F1FE-645E-F011-9112-08F1EAD81ED0,111146671,R00460,IT,POINT (8.8126364 45.8255709),FALSE,2021,22,Invasive Alien Species in Europe,https://easin.jrc.ec.europa.eu/ias/speciesreport/details/610b8f50ff41760f537e729e,2025-07-11T16:39:31.517
[WGS84 - EPSG:4326],Ailanthus altissima,CB50F1FE-645E-F011-9112-08F1EAD81ED0,111146679,R00460,IT,POINT (8.8127089 45.8255359),FALSE,2021,22,Invasive Alien Species in Europe,https://easin.jrc.ec.europa.eu/ias/speciesreport/details/618390d367c0c276caf2aaac,2025-07-11T16:39:31.517
[WGS84 - EPSG:4326],Carassius auratus,C950F1FE-645E-F011-9112-08F1EAD81ED0,111146687,R02742,ES,POINT (0.6430484 41.0947562),FALSE,2021,22,Invasive Alien Species in Europe,https://easin.jrc.ec.europa.eu/ias/speciesreport/details/60f1dc53fbd08eb6f888c9a4,2025-07-11T16:39:31.517
[WGS84 - EPSG:4326],Myocastor coypus,B450F1FE-645E-F011-9112-08F1EAD81ED0,111146695,R09720,IT,POINT (8.6734352 45.846417),FALSE,2021,22,Invasive Alien Species in Europe,https://easin.jrc.ec.europa.eu/ias/speciesreport/details/60f028d5e0aa3db485e2251c,2025-07-11T16:39:31.517
[WGS84 - EPSG:4326],Perca fluviatilis,B550F1FE-645E-F011-9112-08F1EAD81ED0,111146703,R11032,ES,POINT (0.6430229 41.094907),FALSE,2021,22,Invasive Alien Species in Europe,https://easin.jrc.ec.europa.eu/ias/speciesreport/details/60f3e6f5fbd08eb6f888c9a9,2025-07-11T16:39:31.517
[WGS84 - EPSG:4326],Nicotiana glauca,D450F1FE-645E-F011-9112-08F1EAD81ED0,111146711,R10004,ES,POINT (-1.2182908 37.9966494),FALSE,2021,22,Invasive Alien Species in Europe,https://easin.jrc.ec.europa.eu/ias/speciesreport/details/6159707481fb1ded16f31af6,2025-07-11T16:39:31.517
[WGS84 - EPSG:4326],Zygophyllum fabago,E750F1FE-645E-F011-9112-08F1EAD81ED0,111146719,R16347,ES,POINT (-1.2176303 37.9973295),FALSE,2021,22,Invasive Alien Species in Europe,https://easin.jrc.ec.europa.eu/ias/speciesreport/details/61596d4f81fb1ded16f31aed,2025-07-11T16:39:31.517
[WGS84 - EPSG:4326],Cenchrus setaceus,E150F1FE-645E-F011-9112-08F1EAD81ED0,111146727,R03000,MT,POINT (14.5550776 35.8641497),FALSE,2021,22,Invasive Alien Species in Europe,https://easin.jrc.ec.europa.eu/ias/speciesreport/details/61cec633db4ba0e5b9073424,2025-07-11T16:39:31.517
[WGS84 - EPSG:4326],Pseudorasbora parva,ED50F1FE-645E-F011-9112-08F1EAD81ED0,111146735,R12451,ES,POINT (1.4106246 41.187845),FALSE,2021,22,Invasive Alien Species in Europe,https://easin.jrc.ec.europa.eu/ias/speciesreport/details/60f7fddeddc52fd20a66bb83,2025-07-11T16:39:31.517
[WGS84 - EPSG:4326],Zygophyllum fabago,F050F1FE-645E-F011-9112-08F1EAD81ED0,111146743,R16347,ES,POINT (-1.2165938 37.9947656),FALSE,2021,22,Invasive Alien Species in Europe,https://easin.jrc.ec.europa.eu/ias/speciesreport/details/6159600481fb1ded16f31ad4,2025-07-11T16:39:31.517
[WGS84 - EPSG:4326],Ailanthus altissima,F250F1FE-645E-F011-9112-08F1EAD81ED0,111146751,R00460,IT,POINT (8.8076654 45.8106555),FALSE,2021,22,Invasive Alien Species in Europe,https://easin.jrc.ec.europa.eu/ias/speciesreport/details/618bc0617faf3095cb53ebcd,2025-07-11T16:39:31.517
[WGS84 - EPSG:4326],Procambarus clarkii,F350F1FE-645E-F011-9112-08F1EAD81ED0,111146759,R12250,ES,POINT (-0.8744215965271 38.6708020892602),FALSE,2021,22,Invasive Alien Species in Europe,https://easin.jrc.ec.europa.eu/ias/speciesreport/details/613c867dfd9dfade5500f226,2025-07-11T16:39:31.517
[WGS84 - EPSG:4326],Salix babylonica,0053F1FE-645E-F011-9112-08F1EAD81ED0,111146767,R18706,ES,POINT (-1.219126 37.9956651),FALSE,2021,22,Invasive Alien Species in Europe,https://easin.jrc.ec.europa.eu/ias/speciesreport/details/6159767881fb1ded16f31b03,2025-07-11T16:39:31.517
[WGS84 - EPSG:4326],Vespa velutina nigrithorax,F252F1FE-645E-F011-9112-08F1EAD81ED0,111146775,R15970,DE,POINT (8.2592555 49.3669676),FALSE,2021,22,Invasive Alien Species in Europe,https://easin.jrc.ec.europa.eu/ias/speciesreport/details/616e95f35049f6584a658315,2025-07-11T16:39:31.517
[WGS84 - EPSG:4326],Zygophyllum fabago,F852F1FE-645E-F011-9112-08F1EAD81ED0,111146783,R16347,ES,POINT (-0.961823643010575 38.084855577173),FALSE,2021,22,Invasive Alien Species in Europe,https://easin.jrc.ec.europa.eu/ias/speciesreport/details/616d46285049f6584a658303,2025-07-11T16:39:31.517
[WGS84 - EPSG:4326],Ricinus communis,EF52F1FE-645E-F011-9112-08F1EAD81ED0,111146791,R13044,MT,POINT (14.4738398 35.9033212),FALSE,2021,22,Invasive Alien Species in Europe,https://easin.jrc.ec.europa.eu/ias/speciesreport/details/61c304d9db4ba0e5b9073419,2025-07-11T16:39:31.517
[WGS84 - EPSG:4326],Asclepias syriaca,D952F1FE-645E-F011-9112-08F1EAD81ED0,111146799,R01529,RO,POINT (21.380757 44.8841574),FALSE,2021,22,Invasive Alien Species in Europe,https://easin.jrc.ec.europa.eu/ias/speciesreport/details/60bdc89431ea43d3f0a73525,2025-07-11T16:39:31.517
[WGS84 - EPSG:4326],Ailanthus altissima,DB52F1FE-645E-F011-9112-08F1EAD81ED0,111146807,R00460,IT,POINT (8.8093479 45.8269346),FALSE,2021,22,Invasive Alien Species in Europe,https://easin.jrc.ec.europa.eu/ias/speciesreport/details/6183926267c0c276caf2aaad,2025-07-11T16:39:31.517
[WGS84 - EPSG:4326],Ailanthus altissima,E252F1FE-645E-F011-9112-08F1EAD81ED0,111146815,R00460,IT,POINT (8.8362241 45.8086481),FALSE,2021,22,Invasive Alien Species in Europe,https://easin.jrc.ec.europa.eu/ias/speciesreport/details/613cc42bfd9dfade5500f22c,2025-07-11T16:39:31.517
[WGS84 - EPSG:4326],Ailanthus altissima,C452F1FE-645E-F011-9112-08F1EAD81ED0,111146823,R00460,IT,POINT (8.8069803 45.8252714),FALSE,2021,22,Invasive Alien Species in Europe,https://easin.jrc.ec.europa.eu/ias/speciesreport/details/6183932567c0c276caf2aaae,2025-07-11T16:39:31.517
[WGS84 - EPSG:4326],Opuntia ficus-indica,C752F1FE-645E-F011-9112-08F1EAD81ED0,111146831,R10416,ES,POINT (-3.80629026452888 37.0851101724351),FALSE,2021,22,Invasive Alien Species in Europe,https://easin.jrc.ec.europa.eu/ias/speciesreport/details/60a2213431ea43d3f0a734fd,2025-07-11T16:39:31.517
[WGS84 - EPSG:4326],Nicotiana glauca,8A52F1FE-645E-F011-9112-08F1EAD81ED0,111146839,R10004,ES,POINT (-1.13991033314505 37.978686100961),FALSE,2021,22,Invasive Alien Species in Europe,https://easin.jrc.ec.europa.eu/ias/speciesreport/details/616d48e35049f6584a658309,2025-07-11T16:39:31.517
[WGS84 - EPSG:4326],Ailanthus altissima,7C52F1FE-645E-F011-9112-08F1EAD81ED0,111146847,R00460,IT,POINT (8.8203346 45.8304125),FALSE,2021,22,Invasive Alien Species in Europe,https://easin.jrc.ec.europa.eu/ias/speciesreport/details/612dd5a1fd9dfade5500f213,2025-07-11T16:39:31.517
[WGS84 - EPSG:4326],Ailanthus altissima,7852F1FE-645E-F011-9112-08F1EAD81ED0,111146855,R00460,IT,POINT (8.8012069 45.8334978),FALSE,2021,22,Invasive Alien Species in Europe,https://easin.jrc.ec.europa.eu/ias/speciesreport/details/611e06156e0eb821adad2ffe,2025-07-11T16:39:31.517
[WGS84 - EPSG:4326],Ailanthus altissima,9352F1FE-645E-F011-9112-08F1EAD81ED0,111146863,R00460,IT,POINT (8.6291201 45.8769645),FALSE,2021,22,Invasive Alien Species in Europe,https://easin.jrc.ec.europa.eu/ias/speciesreport/details/6163e12190b5952a931c21e8,2025-07-11T16:39:31.517
[WGS84 - EPSG:4326],Ailanthus altissima,9552F1FE-645E-F011-9112-08F1EAD81ED0,111146871,R00460,IT,POINT (8.803511 45.8278196),FALSE,2021,22,Invasive Alien Species in Europe,https://easin.jrc.ec.europa.eu/ias/speciesreport/details/613249c4fd9dfade5500f221,2025-07-11T16:39:31.517
[WGS84 - EPSG:4326],Ailanthus altissima,8D52F1FE-645E-F011-9112-08F1EAD81ED0,111146879,R00460,IT,POINT (8.8247826 45.8232974),FALSE,2021,22,Invasive Alien Species in Europe,https://easin.jrc.ec.europa.eu/ias/speciesreport/details/60548238c7323a501ae1344b,2025-07-11T16:39:31.517
[WGS84 - EPSG:4326],Ailanthus altissima,B052F1FE-645E-F011-9112-08F1EAD81ED0,111146887,R00460,IT,POINT (8.6115659 45.8781948),FALSE,2021,22,Invasive Alien Species in Europe,https://easin.jrc.ec.europa.eu/ias/speciesreport/details/6163e1d690b5952a931c21e9,2025-07-11T16:39:31.517
[WGS84 - EPSG:4326],Ailanthus altissima,A252F1FE-645E-F011-9112-08F1EAD81ED0,111146895,R00460,IT,POINT (8.8246775 45.823331),FALSE,2021,22,Invasive Alien Species in Europe,https://easin.jrc.ec.europa.eu/ias/speciesreport/details/61838b3167c0c276caf2aaa9,2025-07-11T16:39:31.517
[WGS84 - EPSG:4326],Corbicula fluminea,A052F1FE-645E-F011-9112-08F1EAD81ED0,111146903,R04013,BG,POINT (25.5982089042664 43.0592230408518),FALSE,2021,22,Invasive Alien Species in Europe,https://easin.jrc.ec.europa.eu/ias/speciesreport/details/63021261fdeaaa18ae203b5a,2025-07-11T16:39:31.517
[WGS84 - EPSG:4326],Ailanthus altissima,AD52F1FE-645E-F011-9112-08F1EAD81ED0,111146911,R00460,IT,POINT (8.8710894 45.8014322),FALSE,2021,22,Invasive Alien Species in Europe,https://easin.jrc.ec.europa.eu/ias/speciesreport/details/618100c567c0c276caf2aaa3,2025-07-11T16:39:31.517
[WGS84 - EPSG:4326],Ailanthus altissima,1452F1FE-645E-F011-9112-08F1EAD81ED0,111146919,R00460,IT,POINT (8.8053658 45.8373858),FALSE,2021,22,Invasive Alien Species in Europe,https://easin.jrc.ec.europa.eu/ias/speciesreport/details/612dddf5fd9dfade5500f21d,2025-07-11T16:39:31.517
[WGS84 - EPSG:4326],Ailanthus altissima,1552F1FE-645E-F011-9112-08F1EAD81ED0,111146927,R00460,FR,POINT (6.9320362 43.6502154),FALSE,2021,22,Invasive Alien Species in Europe,https://easin.jrc.ec.europa.eu/ias/speciesreport/details/60d4651af74823b220771e5b,2025-07-11T16:39:31.517
[WGS84 - EPSG:4326],Solidago gigantea,0952F1FE-645E-F011-9112-08F1EAD81ED0,111146935,R14292,BA,POINT (18.9236762 44.8478366),FALSE,2021,22,Invasive Alien Species in Europe,https://easin.jrc.ec.europa.eu/ias/speciesreport/details/610422fae81bd49e69a433b6,2025-07-11T16:39:31.517
[WGS84 - EPSG:4326],Ailanthus altissima,1152F1FE-645E-F011-9112-08F1EAD81ED0,111146943,R00460,IT,POINT (8.8281734 45.8066874),FALSE,2021,22,Invasive Alien Species in Europe,https://easin.jrc.ec.europa.eu/ias/speciesreport/details/613cc6b4fd9dfade5500f22e,2025-07-11T16:39:31.517
[WGS84 - EPSG:4326],Ailanthus altissima,1C52F1FE-645E-F011-9112-08F1EAD81ED0,111146951,R00460,FR,POINT (6.9261881 43.6545605),FALSE,2021,22,Invasive Alien Species in Europe,https://easin.jrc.ec.europa.eu/ias/speciesreport/details/611130c1ff41760f537e72a6,2025-07-11T16:39:31.517
[WGS84 - EPSG:4326],Ailanthus altissima,2052F1FE-645E-F011-9112-08F1EAD81ED0,111146959,R00460,IT,POINT (8.8130007 45.8252006),FALSE,2021,22,Invasive Alien Species in Europe,https://easin.jrc.ec.europa.eu/ias/speciesreport/details/610b8ed3ff41760f537e729d,2025-07-11T16:39:31.517
[WGS84 - EPSG:4326],Carassius auratus,FA51F1FE-645E-F011-9112-08F1EAD81ED0,111146967,R02742,ES,POINT (0.4920957 40.9203383),FALSE,2021,22,Invasive Alien Species in Europe,https://easin.jrc.ec.europa.eu/ias/speciesreport/details/60f6f942ddc52fd20a66bb82,2025-07-11T16:39:31.517
[WGS84 - EPSG:4326],Ailanthus altissima,F051F1FE-645E-F011-9112-08F1EAD81ED0,111146975,R00460,ES,POINT (-2.9582503 42.6808003),FALSE,2021,22,Invasive Alien Species in Europe,https://easin.jrc.ec.europa.eu/ias/speciesreport/details/612685003e94f14f337c4898,2025-07-11T16:39:31.517
[WGS84 - EPSG:4326],Ailanthus altissima,F151F1FE-645E-F011-9112-08F1EAD81ED0,111146983,R00460,IT,POINT (8.6452177 45.82034),FALSE,2021,22,Invasive Alien Species in Europe,https://easin.jrc.ec.europa.eu/ias/speciesreport/details/618bda0d7faf3095cb53ebd3,2025-07-11T16:39:31.517
[WGS84 - EPSG:4326],Ailanthus altissima,F251F1FE-645E-F011-9112-08F1EAD81ED0,111146991,R00460,IT,POINT (8.8324347 45.8052634),FALSE,2021,22,Invasive Alien Species in Europe,https://easin.jrc.ec.europa.eu/ias/speciesreport/details/617a818b67c0c276caf2aaa0,2025-07-11T16:39:31.517
[WGS84 - EPSG:4326],Alburnus alburnus,EB51F1FE-645E-F011-9112-08F1EAD81ED0,111146999,R00481,ES,POINT (1.4105409 41.1878915),FALSE,2021,22,Invasive Alien Species in Europe,https://easin.jrc.ec.europa.eu/ias/speciesreport/details/60f48920fbd08eb6f888c9af,2025-07-11T16:39:31.517
[WGS84 - EPSG:4326],Ailanthus altissima,DF51F1FE-645E-F011-9112-08F1EAD81ED0,111147007,R00460,ES,POINT (-2.95104972292393 42.6947017894071),FALSE,2021,22,Invasive Alien Species in Europe,https://easin.jrc.ec.europa.eu/ias/speciesreport/details/61268f5e3e94f14f337c489d,2025-07-11T16:39:31.517
[WGS84 - EPSG:4326],Ailanthus altissima,E551F1FE-645E-F011-9112-08F1EAD81ED0,111147015,R00460,IT,POINT (8.8113329 45.8366102),FALSE,2021,22,Invasive Alien Species in Europe,https://easin.jrc.ec.europa.eu/ias/speciesreport/details/60e86cf3f74823b220771e62,2025-07-11T16:39:31.517
[WGS84 - EPSG:4326],Procambarus clarkii,6852F1FE-645E-F011-9112-08F1EAD81ED0,111147023,R12250,ES,POINT (-1.0010224 38.0550745),FALSE,2021,22,Invasive Alien Species in Europe,https://easin.jrc.ec.europa.eu/ias/speciesreport/details/6159718a81fb1ded16f31af9,2025-07-11T16:39:31.517
[WGS84 - EPSG:4326],Myiopsitta monachus,6952F1FE-645E-F011-9112-08F1EAD81ED0,111147031,R09715,ES,POINT (-1.14574913296866 37.982061643797),FALSE,2021,22,Invasive Alien Species in Europe,https://easin.jrc.ec.europa.eu/ias/speciesreport/details/6159705a81fb1ded16f31af5,2025-07-11T16:39:31.517
[WGS84 - EPSG:4326],Ailanthus altissima,5052F1FE-645E-F011-9112-08F1EAD81ED0,111147039,R00460,IT,POINT (8.8126341 45.8256299),FALSE,2021,22,Invasive Alien Species in Europe,https://easin.jrc.ec.europa.eu/ias/speciesreport/details/610b961bff41760f537e72a0,2025-07-11T16:39:31.517
[WGS84 - EPSG:4326],Arundo donax,5952F1FE-645E-F011-9112-08F1EAD81ED0,111147047,R01515,ES,POINT (-2.4200992 36.8463994),FALSE,2021,22,Invasive Alien Species in Europe,https://easin.jrc.ec.europa.eu/ias/speciesreport/details/6186792e7faf3095cb53ebc6,2025-07-11T16:39:31.517
[WGS84 - EPSG:4326],Arundo donax,3352F1FE-645E-F011-9112-08F1EAD81ED0,111147055,R01515,ES,POINT (-1.13876713588979 37.9787685404117),FALSE,2021,22,Invasive Alien Species in Europe,https://easin.jrc.ec.europa.eu/ias/speciesreport/details/616d47c65049f6584a658307,2025-07-11T16:39:31.517
[WGS84 - EPSG:4326],Gambusia holbrooki,4A52F1FE-645E-F011-9112-08F1EAD81ED0,111147063,R06574,ES,POINT (-0.992972 38.0571503),FALSE,2021,22,Invasive Alien Species in Europe,https://easin.jrc.ec.europa.eu/ias/speciesreport/details/6159769081fb1ded16f31b04,2025-07-11T16:39:31.517
[WGS84 - EPSG:4326],Pseudorasbora parva,7950F1FE-645E-F011-9112-08F1EAD81ED0,111147071,R12451,BG,POINT (23.1776332855225 43.6030343581851),FALSE,2021,22,Invasive Alien Species in Europe,https://easin.jrc.ec.europa.eu/ias/speciesreport/details/6302358bfdeaaa18ae203b5e,2025-07-11T16:39:31.517
[WGS84 - EPSG:4326],Ailanthus altissima,7A50F1FE-645E-F011-9112-08F1EAD81ED0,111147079,R00460,IT,POINT (8.8323791 45.7942919),FALSE,2021,22,Invasive Alien Species in Europe,https://easin.jrc.ec.europa.eu/ias/speciesreport/details/617a793267c0c276caf2aa98,2025-07-11T16:39:31.517
[WGS84 - EPSG:4326],Ailanthus altissima,8350F1FE-645E-F011-9112-08F1EAD81ED0,111147087,R00460,IT,POINT (8.8370515 45.8079985),FALSE,2021,22,Invasive Alien Species in Europe,https://easin.jrc.ec.europa.eu/ias/speciesreport/details/613cc34bfd9dfade5500f22b,2025-07-11T16:39:31.517
[WGS84 - EPSG:4326],Ailanthus altissima,8550F1FE-645E-F011-9112-08F1EAD81ED0,111147095,R00460,IT,POINT (8.8207622 45.8230482),FALSE,2021,22,Invasive Alien Species in Europe,https://easin.jrc.ec.europa.eu/ias/speciesreport/details/610b8da1ff41760f537e729b,2025-07-11T16:39:31.517
[WGS84 - EPSG:4326],Ailanthus altissima,8650F1FE-645E-F011-9112-08F1EAD81ED0,111147103,R00460,IT,POINT (8.7150979 45.8452067),FALSE,2021,22,Invasive Alien Species in Europe,https://easin.jrc.ec.europa.eu/ias/speciesreport/details/61124b58ff41760f537e72ad,2025-07-11T16:39:31.517
[WGS84 - EPSG:4326],Alopochen aegyptiaca,6C50F1FE-645E-F011-9112-08F1EAD81ED0,111147111,R00644,BE,POINT (4.37792226706733 50.8471499668304),FALSE,2021,22,Invasive Alien Species in Europe,https://easin.jrc.ec.europa.eu/ias/speciesreport/details/610dbb53ff41760f537e72a4,2025-07-11T16:39:31.517
[WGS84 - EPSG:4326],Opuntia ficus-indica,6450F1FE-645E-F011-9112-08F1EAD81ED0,111147119,R10416,ES,POINT (-3.5724591 37.1487788),FALSE,2021,22,Invasive Alien Species in Europe,https://easin.jrc.ec.europa.eu/ias/speciesreport/details/60a9101d31ea43d3f0a73507,2025-07-11T16:39:31.517
[WGS84 - EPSG:4326],Ailanthus altissima,6150F1FE-645E-F011-9112-08F1EAD81ED0,111147127,R00460,IT,POINT (8.6646557 45.8961426),FALSE,2021,22,Invasive Alien Species in Europe,https://easin.jrc.ec.europa.eu/ias/speciesreport/details/6163daaa90b5952a931c21e3,2025-07-11T16:39:31.517
[WGS84 - EPSG:4326],Ailanthus altissima,A950F1FE-645E-F011-9112-08F1EAD81ED0,111147135,R00460,FR,POINT (6.9744737 43.6200519),FALSE,2021,22,Invasive Alien Species in Europe,https://easin.jrc.ec.europa.eu/ias/speciesreport/details/611130cbff41760f537e72a7,2025-07-11T16:39:31.517
[WGS84 - EPSG:4326],Ailanthus altissima,A650F1FE-645E-F011-9112-08F1EAD81ED0,111147143,R00460,IT,POINT (8.8237668 45.8224123),FALSE,2021,22,Invasive Alien Species in Europe,https://easin.jrc.ec.europa.eu/ias/speciesreport/details/610b8aacff41760f537e7299,2025-07-11T16:39:31.517
[WGS84 - EPSG:4326],Asclepias syriaca,A350F1FE-645E-F011-9112-08F1EAD81ED0,111147151,R01529,AT,POINT (16.2376646699211 48.359700944668),FALSE,2021,22,Invasive Alien Species in Europe,https://easin.jrc.ec.europa.eu/ias/speciesreport/details/61479abe81fb1ded16f31acb,2025-07-11T16:39:31.517
[WGS84 - EPSG:4326],Ailanthus altissima,9E50F1FE-645E-F011-9112-08F1EAD81ED0,111147159,R00460,IT,POINT (8.8312986 45.7923687),FALSE,2021,22,Invasive Alien Species in Europe,https://easin.jrc.ec.europa.eu/ias/speciesreport/details/617a7a1467c0c276caf2aa9a,2025-07-11T16:39:31.517
[WGS84 - EPSG:4326],Gambusia holbrooki,9F50F1FE-645E-F011-9112-08F1EAD81ED0,111147167,R06574,ES,POINT (-5.8853664207345 37.4072881096907),FALSE,2021,22,Invasive Alien Species in Europe,https://easin.jrc.ec.europa.eu/ias/speciesreport/details/61a237227faf3095cb53ebd8,2025-07-11T16:39:31.517
[WGS84 - EPSG:4326],Myiopsitta monachus,9650F1FE-645E-F011-9112-08F1EAD81ED0,111147175,R09715,ES,POINT (-2.42935451 36.81669113),FALSE,2021,22,Invasive Alien Species in Europe,https://easin.jrc.ec.europa.eu/ias/speciesreport/details/61867a6a7faf3095cb53ebc8,2025-07-11T16:39:31.517
[WGS84 - EPSG:4326],Ailanthus altissima,8D50F1FE-645E-F011-9112-08F1EAD81ED0,111147183,R00460,IT,POINT (8.83403778076172 45.8311481767502),FALSE,2021,22,Invasive Alien Species in Europe,https://easin.jrc.ec.europa.eu/ias/speciesreport/details/611b660aff41760f537e72bb,2025-07-11T16:39:31.517
[WGS84 - EPSG:4326],Ailanthus altissima,8B50F1FE-645E-F011-9112-08F1EAD81ED0,111147191,R00460,IT,POINT (8.8090881 45.8143746),FALSE,2021,22,Invasive Alien Species in Europe,https://easin.jrc.ec.europa.eu/ias/speciesreport/details/617a705c67c0c276caf2aa91,2025-07-11T16:39:31.517
[WGS84 - EPSG:4326],Impatiens glandulifera,1E50F1FE-645E-F011-9112-08F1EAD81ED0,111147199,R07719,IT,POINT (8.8658492 45.7964429),FALSE,2021,22,Invasive Alien Species in Europe,https://easin.jrc.ec.europa.eu/ias/speciesreport/details/60f6f03eddc52fd20a66bb7d,2025-07-11T16:39:31.517
[WGS84 - EPSG:4326],Ailanthus altissima,1F50F1FE-645E-F011-9112-08F1EAD81ED0,111147207,R00460,ES,POINT (-2.9291707 42.6855073),FALSE,2021,22,Invasive Alien Species in Europe,https://easin.jrc.ec.europa.eu/ias/speciesreport/details/61267f143e94f14f337c4897,2025-07-11T16:39:31.517
[WGS84 - EPSG:4326],Nicotiana glauca,2350F1FE-645E-F011-9112-08F1EAD81ED0,111147215,R10004,ES,POINT (-6.30529403686523 36.5325019692929),FALSE,2021,22,Invasive Alien Species in Europe,https://easin.jrc.ec.europa.eu/ias/speciesreport/details/60ae753a31ea43d3f0a7351a,2025-07-11T16:39:31.517
[WGS84 - EPSG:4326],Ailanthus altissima,3950F1FE-645E-F011-9112-08F1EAD81ED0,111147223,R00460,IT,POINT (8.8076453 45.8107826),FALSE,2021,22,Invasive Alien Species in Europe,https://easin.jrc.ec.europa.eu/ias/speciesreport/details/618bbff97faf3095cb53ebcc,2025-07-11T16:39:31.517
[WGS84 - EPSG:4326],Ailanthus altissima,3A50F1FE-645E-F011-9112-08F1EAD81ED0,111147231,R00460,IT,POINT (8.6647174 45.8959308),FALSE,2021,22,Invasive Alien Species in Europe,https://easin.jrc.ec.europa.eu/ias/speciesreport/details/6163dc7690b5952a931c21e4,2025-07-11T16:39:31.517
[WGS84 - EPSG:4326],Ailanthus altissima,3750F1FE-645E-F011-9112-08F1EAD81ED0,111147239,R00460,IT,POINT (8.8337936 45.7991811),FALSE,2021,22,Invasive Alien Species in Europe,https://easin.jrc.ec.europa.eu/ias/speciesreport/details/617a807867c0c276caf2aa9f,2025-07-11T16:39:31.517
[WGS84 - EPSG:4326],Ailanthus altissima,3150F1FE-645E-F011-9112-08F1EAD81ED0,111147247,R00460,IT,POINT (8.814684 45.812697),FALSE,2021,22,Invasive Alien Species in Europe,https://easin.jrc.ec.europa.eu/ias/speciesreport/details/617a736867c0c276caf2aa94,2025-07-11T16:39:31.517
[WGS84 - EPSG:4326],Ailanthus altissima,3550F1FE-645E-F011-9112-08F1EAD81ED0,111147255,R00460,IT,POINT (8.8087154 45.824918),FALSE,2021,22,Invasive Alien Species in Europe,https://easin.jrc.ec.europa.eu/ias/speciesreport/details/60ca197031ea43d3f0a7352b,2025-07-11T16:39:31.517
[WGS84 - EPSG:4326],Arundo donax,3350F1FE-645E-F011-9112-08F1EAD81ED0,111147263,R01515,ES,POINT (-6.2597996 36.8910601),FALSE,2021,22,Invasive Alien Species in Europe,https://easin.jrc.ec.europa.eu/ias/speciesreport/details/60a8c8ab31ea43d3f0a73505,2025-07-11T16:39:31.517
[WGS84 - EPSG:4326],Myiopsitta monachus,2E50F1FE-645E-F011-9112-08F1EAD81ED0,111147271,R09715,GI,POINT (-5.3307254 35.8903207),FALSE,2021,22,Invasive Alien Species in Europe,https://easin.jrc.ec.europa.eu/ias/speciesreport/details/60a929e031ea43d3f0a7350d,2025-07-11T16:39:31.517
[WGS84 - EPSG:4326],Ambrosia artemisiifolia,5750F1FE-645E-F011-9112-08F1EAD81ED0,111147279,R00818,BA,POINT (18.9236762 44.8478366),FALSE,2021,22,Invasive Alien Species in Europe,https://easin.jrc.ec.europa.eu/ias/speciesreport/details/610422e8e81bd49e69a433b2,2025-07-11T16:39:31.517
[WGS84 - EPSG:4326],Corbicula fluminea,5550F1FE-645E-F011-9112-08F1EAD81ED0,111147287,R04013,IT,POINT (11.9443254 45.1368351),FALSE,2021,22,Invasive Alien Species in Europe,https://easin.jrc.ec.europa.eu/ias/speciesreport/details/6152d64081fb1ded16f31ad0,2025-07-11T16:39:31.517
[WGS84 - EPSG:4326],Procambarus clarkii,3D50F1FE-645E-F011-9112-08F1EAD81ED0,111147295,R12250,ES,POINT (-1.0079153 38.0510726),FALSE,2021,22,Invasive Alien Species in Europe,https://easin.jrc.ec.europa.eu/ias/speciesreport/details/6159755b81fb1ded16f31b01,2025-07-11T16:39:31.517
[WGS84 - EPSG:4326],Procambarus clarkii,EA4FF1FE-645E-F011-9112-08F1EAD81ED0,111147303,R12250,ES,POINT (-0.9935696 38.0763174),FALSE,2021,22,Invasive Alien Species in Europe,https://easin.jrc.ec.europa.eu/ias/speciesreport/details/615978c881fb1ded16f31b05,2025-07-11T16:39:31.517
[WGS84 - EPSG:4326],Eucalyptus globulus,F24FF1FE-645E-F011-9112-08F1EAD81ED0,111147311,R06002,ES,POINT (-1.2185254 37.9970746),FALSE,2021,22,Invasive Alien Species in Europe,https://easin.jrc.ec.europa.eu/ias/speciesreport/details/61596d7e81fb1ded16f31aef,2025-07-11T16:39:31.517
[WGS84 - EPSG:4326],Eucalyptus globulus,F94FF1FE-645E-F011-9112-08F1EAD81ED0,111147319,R06002,ES,POINT (-5.64208142 36.86458131),FALSE,2021,22,Invasive Alien Species in Europe,https://easin.jrc.ec.europa.eu/ias/speciesreport/details/6093dbfc4af09d610572d795,2025-07-11T16:39:31.517
[WGS84 - EPSG:4326],Arundo donax,0F50F1FE-645E-F011-9112-08F1EAD81ED0,111147327,R01515,ES,POINT (-1.2156329 37.9953332),FALSE,2021,22,Invasive Alien Species in Europe,https://easin.jrc.ec.europa.eu/ias/speciesreport/details/615964ab81fb1ded16f31add,2025-07-11T16:39:31.517
[WGS84 - EPSG:4326],Arundo donax,0A50F1FE-645E-F011-9112-08F1EAD81ED0,111147335,R01515,ES,POINT (-2.42963923 36.81487475),FALSE,2021,22,Invasive Alien Species in Europe,https://easin.jrc.ec.europa.eu/ias/speciesreport/details/618678ec7faf3095cb53ebc5,2025-07-11T16:39:31.517
[WGS84 - EPSG:4326],Alopochen aegyptiaca,0B50F1FE-645E-F011-9112-08F1EAD81ED0,111147343,R00644,ES,POINT (-3.8994668 40.3287438),FALSE,2021,22,Invasive Alien Species in Europe,https://easin.jrc.ec.europa.eu/ias/speciesreport/details/614621d181fb1ded16f31ac9,2025-07-11T16:39:31.517
[WGS84 - EPSG:4326],Gambusia holbrooki,E44FF1FE-645E-F011-9112-08F1EAD81ED0,111147351,R06574,ES,POINT (-5.88485777378082 37.4061007124792),FALSE,2021,22,Invasive Alien Species in Europe,https://easin.jrc.ec.europa.eu/ias/speciesreport/details/61a2a37a7faf3095cb53ebdc,2025-07-11T16:39:31.517
[WGS84 - EPSG:4326],Ailanthus altissima,DC4FF1FE-645E-F011-9112-08F1EAD81ED0,111147359,R00460,IT,POINT (8.832467 45.8050936),FALSE,2021,22,Invasive Alien Species in Europe,https://easin.jrc.ec.europa.eu/ias/speciesreport/details/613cc52bfd9dfade5500f22d,2025-07-11T16:39:31.517
[WGS84 - EPSG:4326],Ailanthus altissima,DD4FF1FE-645E-F011-9112-08F1EAD81ED0,111147367,R00460,ES,POINT (-3.75967711351223 40.8273060226347),FALSE,2021,22,Invasive Alien Species in Europe,https://easin.jrc.ec.europa.eu/ias/speciesreport/details/615ab85681fb1ded16f31b0b,2025-07-11T16:39:31.517
[WGS84 - EPSG:4326],Ailanthus altissima,D64FF1FE-645E-F011-9112-08F1EAD81ED0,111147375,R00460,IT,POINT (8.8216268 45.8122463),FALSE,2021,22,Invasive Alien Species in Europe,https://easin.jrc.ec.europa.eu/ias/speciesreport/details/617a74ce67c0c276caf2aa95,2025-07-11T16:39:31.517
[WGS84 - EPSG:4326],Ailanthus altissima,CD4FF1FE-645E-F011-9112-08F1EAD81ED0,111147383,R00460,AT,POINT (16.2373141469733 48.3603474235721),FALSE,2021,22,Invasive Alien Species in Europe,https://easin.jrc.ec.europa.eu/ias/speciesreport/details/6106e0a8e81bd49e69a433b9,2025-07-11T16:39:31.517
[WGS84 - EPSG:4326],Zygophyllum fabago,CE4FF1FE-645E-F011-9112-08F1EAD81ED0,111147391,R16347,ES,POINT (-1.2162675 37.9947776),FALSE,2021,22,Invasive Alien Species in Europe,https://easin.jrc.ec.europa.eu/ias/speciesreport/details/615960f681fb1ded16f31ad6,2025-07-11T16:39:31.517
[WGS84 - EPSG:4326],Ailanthus altissima,D04FF1FE-645E-F011-9112-08F1EAD81ED0,111147399,R00460,IT,POINT (8.8237604 45.8224493),FALSE,2021,22,Invasive Alien Species in Europe,https://easin.jrc.ec.europa.eu/ias/speciesreport/details/610b8b77ff41760f537e729a,2025-07-11T16:39:31.517
[WGS84 - EPSG:4326],Ailanthus altissima,9F4FF1FE-645E-F011-9112-08F1EAD81ED0,111147407,R00460,FR,POINT (6.9092364 43.6651813),FALSE,2021,22,Invasive Alien Species in Europe,https://easin.jrc.ec.europa.eu/ias/speciesreport/details/60d488d6f74823b220771e5c,2025-07-11T16:39:31.517
[WGS84 - EPSG:4326],Procambarus clarkii,984FF1FE-645E-F011-9112-08F1EAD81ED0,111147415,R12250,ES,POINT (-0.9920755 38.0452552),FALSE,2021,22,Invasive Alien Species in Europe,https://easin.jrc.ec.europa.eu/ias/speciesreport/details/6159680f81fb1ded16f31ae3,2025-07-11T16:39:31.517
[WGS84 - EPSG:4326],Gambusia holbrooki,824FF1FE-645E-F011-9112-08F1EAD81ED0,111147423,R06574,ES,POINT (-1.0079153 38.0510726),FALSE,2021,22,Invasive Alien Species in Europe,https://easin.jrc.ec.europa.eu/ias/speciesreport/details/6159743f81fb1ded16f31afe,2025-07-11T16:39:31.517
[WGS84 - EPSG:4326],Trachemys scripta,834FF1FE-645E-F011-9112-08F1EAD81ED0,111147431,R18154,IT,POINT (11.748354434967 45.301539042853),FALSE,2021,22,Invasive Alien Species in Europe,https://easin.jrc.ec.europa.eu/ias/speciesreport/details/614f6b6b81fb1ded16f31acd,2025-07-11T16:39:31.517
[WGS84 - EPSG:4326],Ailanthus altissima,8C4FF1FE-645E-F011-9112-08F1EAD81ED0,111147439,R00460,IT,POINT (8.818752 45.8306165),FALSE,2021,22,Invasive Alien Species in Europe,https://easin.jrc.ec.europa.eu/ias/speciesreport/details/612dd607fd9dfade5500f214,2025-07-11T16:39:31.517
[WGS84 - EPSG:4326],Ailanthus altissima,C24FF1FE-645E-F011-9112-08F1EAD81ED0,111147447,R00460,IT,POINT (8.8089567 45.8135341),FALSE,2021,22,Invasive Alien Species in Europe,https://easin.jrc.ec.europa.eu/ias/speciesreport/details/617a71a267c0c276caf2aa92,2025-07-11T16:39:31.517
[WGS84 - EPSG:4326],Impatiens glandulifera,AB4FF1FE-645E-F011-9112-08F1EAD81ED0,111147455,R07719,IT,POINT (8.8610498 45.7917433),FALSE,2021,22,Invasive Alien Species in Europe,https://easin.jrc.ec.europa.eu/ias/speciesreport/details/60f6f46eddc52fd20a66bb7f,2025-07-11T16:39:31.517
[WGS84 - EPSG:4326],Arundo donax,AE4FF1FE-645E-F011-9112-08F1EAD81ED0,111147463,R01515,ES,POINT (-1.34212374687195 38.1516180431734),FALSE,2021,22,Invasive Alien Species in Europe,https://easin.jrc.ec.europa.eu/ias/speciesreport/details/615d4f0390b5952a931c21de,2025-07-11T16:39:31.517
[WGS84 - EPSG:4326],Ailanthus altissima,A14FF1FE-645E-F011-9112-08F1EAD81ED0,111147471,R00460,IT,POINT (8.8056023 45.8373215),FALSE,2021,22,Invasive Alien Species in Europe,https://easin.jrc.ec.europa.eu/ias/speciesreport/details/612ddf42fd9dfade5500f21e,2025-07-11T16:39:31.517
[WGS84 - EPSG:4326],Myiopsitta monachus,A54FF1FE-645E-F011-9112-08F1EAD81ED0,111147479,R09715,ES,POINT (-1.14146194788191 37.9795666356506),FALSE,2021,22,Invasive Alien Species in Europe,https://easin.jrc.ec.europa.eu/ias/speciesreport/details/616d4cec5049f6584a65830c,2025-07-11T16:39:31.517
[WGS84 - EPSG:4326],Ipomoea purpurea,E94EF1FE-645E-F011-9112-08F1EAD81ED0,111147543,R07772,ES,POINT (-1.2173236 37.9969994),FALSE,2021,22,Invasive Alien Species in Europe,https://easin.jrc.ec.europa.eu/ias/speciesreport/details/61596ad681fb1ded16f31ae8,2025-07-11T16:39:31.517
[WGS84 - EPSG:4326],Acacia karroo,D84EF1FE-645E-F011-9112-08F1EAD81ED0,111147551,R00042,MT,POINT (14.5674053 35.8421689),FALSE,2021,22,Invasive Alien Species in Europe,https://easin.jrc.ec.europa.eu/ias/speciesreport/details/61cdf917db4ba0e5b9073420,2025-07-11T16:39:31.517
[WGS84 - EPSG:4326],Ailanthus altissima,D94EF1FE-645E-F011-9112-08F1EAD81ED0,111147559,R00460,IT,POINT (8.8078032 45.8252577),FALSE,2021,22,Invasive Alien Species in Europe,https://easin.jrc.ec.europa.eu/ias/speciesreport/details/60ca1a5d31ea43d3f0a7352d,2025-07-11T16:39:31.517
[WGS84 - EPSG:4326],Ailanthus altissima,E14EF1FE-645E-F011-9112-08F1EAD81ED0,111147567,R00460,IT,POINT (8.8483195 45.8121561),FALSE,2021,22,Invasive Alien Species in Europe,https://easin.jrc.ec.europa.eu/ias/speciesreport/details/61811c8067c0c276caf2aaa4,2025-07-11T16:39:31.517
[WGS84 - EPSG:4326],Ailanthus altissima,D54EF1FE-645E-F011-9112-08F1EAD81ED0,111147575,R00460,IT,POINT (8.8228302 45.8220614),FALSE,2021,22,Invasive Alien Species in Europe,https://easin.jrc.ec.europa.eu/ias/speciesreport/details/605483c1c7323a501ae1344d,2025-07-11T16:39:31.517
[WGS84 - EPSG:4326],Ailanthus altissima,D34EF1FE-645E-F011-9112-08F1EAD81ED0,111147583,R00460,IT,POINT (8.8237517 45.822342),FALSE,2021,22,Invasive Alien Species in Europe,https://easin.jrc.ec.europa.eu/ias/speciesreport/details/610b8a30ff41760f537e7298,2025-07-11T16:39:31.517
[WGS84 - EPSG:4326],Ailanthus altissima,CA4EF1FE-645E-F011-9112-08F1EAD81ED0,111147591,R00460,HR,POINT (17.3273548126235 42.9528886815713),FALSE,2021,22,Invasive Alien Species in Europe,https://easin.jrc.ec.europa.eu/ias/speciesreport/details/613f9d9681fb1ded16f31ac2,2025-07-11T16:39:31.517
[WGS84 - EPSG:4326],Sinanodonta woodiana,F14EF1FE-645E-F011-9112-08F1EAD81ED0,111147599,R14111,BG,POINT (25.1551508903503 43.4009473626502),FALSE,2021,22,Invasive Alien Species in Europe,https://easin.jrc.ec.europa.eu/ias/speciesreport/details/63020f4afdeaaa18ae203b58,2025-07-11T16:39:31.517
[WGS84 - EPSG:4326],Procambarus clarkii,F74EF1FE-645E-F011-9112-08F1EAD81ED0,111147607,R12250,ES,POINT (-1.0079153 38.0510726),FALSE,2021,22,Invasive Alien Species in Europe,https://easin.jrc.ec.europa.eu/ias/speciesreport/details/615973f081fb1ded16f31afc,2025-07-11T16:39:31.517
[WGS84 - EPSG:4326],Alburnus alburnus,F34EF1FE-645E-F011-9112-08F1EAD81ED0,111147615,R00481,ES,POINT (0.6480086 41.1346909),FALSE,2021,22,Invasive Alien Species in Europe,https://easin.jrc.ec.europa.eu/ias/speciesreport/details/60f1dd1cfbd08eb6f888c9a8,2025-07-11T16:39:31.517
[WGS84 - EPSG:4326],Trachemys scripta,0A4FF1FE-645E-F011-9112-08F1EAD81ED0,111147623,R18154,ES,POINT (-1.14004324757843 37.9785054104895),FALSE,2021,22,Invasive Alien Species in Europe,https://easin.jrc.ec.europa.eu/ias/speciesreport/details/616d4d305049f6584a65830d,2025-07-11T16:39:31.517
[WGS84 - EPSG:4326],Ailanthus altissima,064FF1FE-645E-F011-9112-08F1EAD81ED0,111147631,R00460,ES,POINT (-5.1673870499144 38.1995974576609),FALSE,2021,22,Invasive Alien Species in Europe,https://easin.jrc.ec.europa.eu/ias/speciesreport/details/60a3fc0331ea43d3f0a734ff,2025-07-11T16:39:31.517
[WGS84 - EPSG:4326],Alopochen aegyptiaca,FF4EF1FE-645E-F011-9112-08F1EAD81ED0,111147639,R00644,BE,POINT (4.3830059 50.8470482),FALSE,2021,22,Invasive Alien Species in Europe,https://easin.jrc.ec.europa.eu/ias/speciesreport/details/607311583cf514e516fe8bc1,2025-07-11T16:39:31.517
[WGS84 - EPSG:4326],Alburnus alburnus,004FF1FE-645E-F011-9112-08F1EAD81ED0,111147647,R00481,ES,POINT (0.5166984 40.9751916),FALSE,2021,22,Invasive Alien Species in Europe,https://easin.jrc.ec.europa.eu/ias/speciesreport/details/60f1dc4afbd08eb6f888c9a2,2025-07-11T16:39:31.517
[WGS84 - EPSG:4326],Cenchrus setaceus,044FF1FE-645E-F011-9112-08F1EAD81ED0,111147655,R03000,ES,POINT (-2.6548111502052 36.799597695655),FALSE,2021,22,Invasive Alien Species in Europe,https://easin.jrc.ec.europa.eu/ias/speciesreport/details/62056f031a142e6d85b760b1,2025-07-11T16:39:31.517
[WGS84 - EPSG:4326],Amorpha fruticosa,1E4FF1FE-645E-F011-9112-08F1EAD81ED0,111147663,R00859,BA,POINT (19.0132309 44.8732097),FALSE,2021,22,Invasive Alien Species in Europe,https://easin.jrc.ec.europa.eu/ias/speciesreport/details/610422e3e81bd49e69a433b1,2025-07-11T16:39:31.517
[WGS84 - EPSG:4326],Ailanthus altissima,2F4FF1FE-645E-F011-9112-08F1EAD81ED0,111147671,R00460,IT,POINT (8.6680371 45.8399814),FALSE,2021,22,Invasive Alien Species in Europe,https://easin.jrc.ec.europa.eu/ias/speciesreport/details/6176671867c0c276caf2aa90,2025-07-11T16:39:31.517
[WGS84 - EPSG:4326],Ailanthus altissima,1B4FF1FE-645E-F011-9112-08F1EAD81ED0,111147679,R00460,IT,POINT (8.8227889 45.8280133),FALSE,2021,22,Invasive Alien Species in Europe,https://easin.jrc.ec.europa.eu/ias/speciesreport/details/612dd348fd9dfade5500f210,2025-07-11T16:39:31.517
[WGS84 - EPSG:4326],Ailanthus altissima,284FF1FE-645E-F011-9112-08F1EAD81ED0,111147687,R00460,BG,POINT (24.7402739 42.1396238),FALSE,2021,22,Invasive Alien Species in Europe,https://easin.jrc.ec.europa.eu/ias/speciesreport/details/6151ea0381fb1ded16f31ace,2025-07-11T16:39:31.517
[WGS84 - EPSG:4326],Ailanthus altissima,5A4FF1FE-645E-F011-9112-08F1EAD81ED0,111147695,R00460,IT,POINT (8.8125366 45.8387055),FALSE,2021,22,Invasive Alien Species in Europe,https://easin.jrc.ec.europa.eu/ias/speciesreport/details/612ddfdafd9dfade5500f21f,2025-07-11T16:39:31.517
[WGS84 - EPSG:4326],Ailanthus altissima,524FF1FE-645E-F011-9112-08F1EAD81ED0,111147703,R00460,IT,POINT (8.6671248 45.8945536),FALSE,2021,22,Invasive Alien Species in Europe,https://easin.jrc.ec.europa.eu/ias/speciesreport/details/6163d93290b5952a931c21e1,2025-07-11T16:39:31.517
[WGS84 - EPSG:4326],Zygophyllum fabago,544FF1FE-645E-F011-9112-08F1EAD81ED0,111147711,R16347,ES,POINT (-1.2173458 37.9973348),FALSE,2021,22,Invasive Alien Species in Europe,https://easin.jrc.ec.europa.eu/ias/speciesreport/details/61596b3c81fb1ded16f31aea,2025-07-11T16:39:31.517
[WGS84 - EPSG:4326],Opuntia ficus-indica,474FF1FE-645E-F011-9112-08F1EAD81ED0,111147719,R10416,ES,POINT (-3.80657066591439 37.0852695778359),FALSE,2021,22,Invasive Alien Species in Europe,https://easin.jrc.ec.europa.eu/ias/speciesreport/details/60a2229a31ea43d3f0a734fe,2025-07-11T16:39:31.517
[WGS84 - EPSG:4326],Cenchrus setaceus,484FF1FE-645E-F011-9112-08F1EAD81ED0,111147727,R03000,MT,POINT (14.3515026569366 35.9385529516472),FALSE,2021,22,Invasive Alien Species in Europe,https://easin.jrc.ec.europa.eu/ias/speciesreport/details/61cdc2b1db4ba0e5b907341c,2025-07-11T16:39:31.517
[WGS84 - EPSG:4326],Ailanthus altissima,374FF1FE-645E-F011-9112-08F1EAD81ED0,111147735,R00460,IT,POINT (8.808538 45.8250597),FALSE,2021,22,Invasive Alien Species in Europe,https://easin.jrc.ec.europa.eu/ias/speciesreport/details/60ca19ca31ea43d3f0a7352c,2025-07-11T16:39:31.517
[WGS84 - EPSG:4326],Arundo donax,324FF1FE-645E-F011-9112-08F1EAD81ED0,111147743,R01515,ES,POINT (-2.4299817 36.8233371),FALSE,2021,22,Invasive Alien Species in Europe,https://easin.jrc.ec.europa.eu/ias/speciesreport/details/6186693e7faf3095cb53ebc0,2025-07-11T16:39:31.517
[WGS84 - EPSG:4326],Cyprinus carpio,5D4FF1FE-645E-F011-9112-08F1EAD81ED0,111147751,R04750,ES,POINT (0.6430703 41.0947505),FALSE,2021,22,Invasive Alien Species in Europe,https://easin.jrc.ec.europa.eu/ias/speciesreport/details/60f1dc55fbd08eb6f888c9a5,2025-07-11T16:39:31.517
[WGS84 - EPSG:4326],Ailanthus altissima,724FF1FE-645E-F011-9112-08F1EAD81ED0,111147759,R00460,IT,POINT (8.815576 45.8379261),FALSE,2021,22,Invasive Alien Species in Europe,https://easin.jrc.ec.europa.eu/ias/speciesreport/details/60e86721f74823b220771e5f,2025-07-11T16:39:31.517
[WGS84 - EPSG:4326],Agave sisalana,6A4FF1FE-645E-F011-9112-08F1EAD81ED0,111147767,R00389,MT,POINT (14.5683242 35.8412939),FALSE,2021,22,Invasive Alien Species in Europe,https://easin.jrc.ec.europa.eu/ias/speciesreport/details/61cdf91edb4ba0e5b9073422,2025-07-11T16:39:31.517
[WGS84 - EPSG:4326],Estrilda astrild,774FF1FE-645E-F011-9112-08F1EAD81ED0,111147775,R05982,PT,POINT (-6.92584991455078 39.009980577457),FALSE,2021,22,Invasive Alien Species in Europe,https://easin.jrc.ec.europa.eu/ias/speciesreport/details/609674cf169733ce39ae77d6,2025-07-11T16:39:31.517
[WGS84 - EPSG:4326],Ailanthus altissima,794FF1FE-645E-F011-9112-08F1EAD81ED0,139945621,R00460,IT,POINT (8.7156819 45.844863),FALSE,2022,22,Invasive Alien Species in Europe,https://easin.jrc.ec.europa.eu/ias/speciesreport/details/63171f982f934d53a39b27b5,2025-07-11T16:39:31.517
[WGS84 - EPSG:4326],Alopochen aegyptiaca,7A4FF1FE-645E-F011-9112-08F1EAD81ED0,139945629,R00644,ES,POINT (-3.902467 40.327455),FALSE,2022,22,Invasive Alien Species in Europe,https://easin.jrc.ec.europa.eu/ias/speciesreport/details/62b205ca6f4ce42ba54e94dc,2025-07-11T16:39:31.517
[WGS84 - EPSG:4326],Ailanthus altissima,704FF1FE-645E-F011-9112-08F1EAD81ED0,139945637,R00460,IT,POINT (8.8246486 45.8232637),FALSE,2022,22,Invasive Alien Species in Europe,https://easin.jrc.ec.europa.eu/ias/speciesreport/details/6311b1798d5f7ca8dbea0861,2025-07-11T16:39:31.517
[WGS84 - EPSG:4326],Gambusia holbrooki,764FF1FE-645E-F011-9112-08F1EAD81ED0,139945645,R06574,BG,POINT (23.4233129024506 42.588405964562),FALSE,2022,22,Invasive Alien Species in Europe,https://easin.jrc.ec.europa.eu/ias/speciesreport/details/62892f60ace2b39c9ee26e45,2025-07-11T16:39:31.517
[WGS84 - EPSG:4326],Lepomis gibbosus,464FF1FE-645E-F011-9112-08F1EAD81ED0,139945653,R08376,BG,POINT (24.3735483 42.1531422),FALSE,2022,22,Invasive Alien Species in Europe,https://easin.jrc.ec.europa.eu/ias/speciesreport/details/62fa6627fdeaaa18ae203b53,2025-07-11T16:39:31.517
[WGS84 - EPSG:4326],Ailanthus altissima,5C4FF1FE-645E-F011-9112-08F1EAD81ED0,139945661,R00460,IT,POINT (8.7161227 45.8257674),FALSE,2022,22,Invasive Alien Species in Europe,https://easin.jrc.ec.europa.eu/ias/speciesreport/details/6317133e2f934d53a39b27ac,2025-07-11T16:39:31.517
[WGS84 - EPSG:4326],Lepomis gibbosus,5F4FF1FE-645E-F011-9112-08F1EAD81ED0,139945669,R08376,ES,POINT (-1.10996246337891 39.7317458964606),FALSE,2022,22,Invasive Alien Species in Europe,https://easin.jrc.ec.europa.eu/ias/speciesreport/details/62b6148a96b97cf63866213f,2025-07-11T16:39:31.517
[WGS84 - EPSG:4326],Ailanthus altissima,624FF1FE-645E-F011-9112-08F1EAD81ED0,139945677,R00460,BG,POINT (23.3333072661111 42.6882209777778),FALSE,2022,22,Invasive Alien Species in Europe,https://easin.jrc.ec.europa.eu/ias/speciesreport/details/6346986749b0bf8ae6830e2d,2025-07-11T16:39:31.517
[WGS84 - EPSG:4326],Phytolacca americana,654FF1FE-645E-F011-9112-08F1EAD81ED0,139945685,R11485,BG,POINT (25.4665705 43.4149537),FALSE,2022,22,Invasive Alien Species in Europe,https://easin.jrc.ec.europa.eu/ias/speciesreport/details/63a42ed6dc8baba37bbdc3cb,2025-07-11T16:39:31.517
[WGS84 - EPSG:4326],Myocastor coypus,674FF1FE-645E-F011-9112-08F1EAD81ED0,139945693,R09720,BG,POINT (24.9340724944444 42.1776008605556),FALSE,2022,22,Invasive Alien Species in Europe,https://easin.jrc.ec.europa.eu/ias/speciesreport/details/63413a60bbac7c435b17e3fd,2025-07-11T16:39:31.517
[WGS84 - EPSG:4326],Ailanthus altissima,344FF1FE-645E-F011-9112-08F1EAD81ED0,139945701,R00460,IT,POINT (8.6483211 45.8942507),FALSE,2022,22,Invasive Alien Species in Europe,https://easin.jrc.ec.europa.eu/ias/speciesreport/details/6319afa02f934d53a39b27cc,2025-07-11T16:39:31.517
[WGS84 - EPSG:4326],Ailanthus altissima,434FF1FE-645E-F011-9112-08F1EAD81ED0,139945709,R00460,IT,POINT (8.822765 45.8280148),FALSE,2022,22,Invasive Alien Species in Europe,https://easin.jrc.ec.europa.eu/ias/speciesreport/details/6295bb1d9f2af7dc30dfbb87,2025-07-11T16:39:31.517
[WGS84 - EPSG:4326],Ailanthus altissima,444FF1FE-645E-F011-9112-08F1EAD81ED0,139945717,R00460,IT,POINT (8.7965334 45.8311447),FALSE,2022,22,Invasive Alien Species in Europe,https://easin.jrc.ec.europa.eu/ias/speciesreport/details/63248bcec09991bfd4e9e1a4,2025-07-11T16:39:31.517
[WGS84 - EPSG:4326],Ailanthus altissima,364FF1FE-645E-F011-9112-08F1EAD81ED0,139945725,R00460,IT,POINT (8.67140779970214 45.8817662228657),FALSE,2022,22,Invasive Alien Species in Europe,https://easin.jrc.ec.europa.eu/ias/speciesreport/details/63199e8b2f934d53a39b27bb,2025-07-11T16:39:31.517
[WGS84 - EPSG:4326],Gambusia holbrooki,3E4FF1FE-645E-F011-9112-08F1EAD81ED0,139945733,R06574,BG,POINT (23.2627199 41.4584563),FALSE,2022,22,Invasive Alien Species in Europe,https://easin.jrc.ec.europa.eu/ias/speciesreport/details/62ac606b3dac78588a2ad69f,2025-07-11T16:39:31.517
[WGS84 - EPSG:4326],Perca fluviatilis,4A4FF1FE-645E-F011-9112-08F1EAD81ED0,139945741,R11032,ES,POINT (0.101381104323082 41.3197149584049),FALSE,2022,22,Invasive Alien Species in Europe,https://easin.jrc.ec.europa.eu/ias/speciesreport/details/62ad71463dac78588a2ad6a2,2025-07-11T16:39:31.517
[WGS84 - EPSG:4326],Ailanthus altissima,504FF1FE-645E-F011-9112-08F1EAD81ED0,139945749,R00460,IT,POINT (8.7221014 45.8442389),FALSE,2022,22,Invasive Alien Species in Europe,https://easin.jrc.ec.europa.eu/ias/speciesreport/details/630f0bad8d5f7ca8dbea0844,2025-07-11T16:39:31.517
[WGS84 - EPSG:4326],Ailanthus altissima,4C4FF1FE-645E-F011-9112-08F1EAD81ED0,139945757,R00460,IT,POINT (8.8302887 45.7906789),FALSE,2022,22,Invasive Alien Species in Europe,https://easin.jrc.ec.europa.eu/ias/speciesreport/details/63207c9c079496b951c5948a,2025-07-11T16:39:31.517
[WGS84 - EPSG:4326],Ailanthus altissima,4D4FF1FE-645E-F011-9112-08F1EAD81ED0,139945765,R00460,IT,POINT (8.8122463 45.8239593),FALSE,2022,22,Invasive Alien Species in Europe,https://easin.jrc.ec.europa.eu/ias/speciesreport/details/6315fdc42f934d53a39b278b,2025-07-11T16:39:31.517
[WGS84 - EPSG:4326],Ailanthus altissima,554FF1FE-645E-F011-9112-08F1EAD81ED0,139945773,R00460,IT,POINT (8.7779551 45.681601),FALSE,2022,22,Invasive Alien Species in Europe,https://easin.jrc.ec.europa.eu/ias/speciesreport/details/6322c6f1079496b951c5949d,2025-07-11T16:39:31.517
[WGS84 - EPSG:4326],Egeria densa,184FF1FE-645E-F011-9112-08F1EAD81ED0,139945781,R05431,ES,POINT (-0.6040416 38.8171601),FALSE,2022,22,Invasive Alien Species in Europe,https://easin.jrc.ec.europa.eu/ias/speciesreport/details/62ab0fb6c92ab31a0025b31c,2025-07-11T16:39:31.517
[WGS84 - EPSG:4326],Ailanthus altissima,194FF1FE-645E-F011-9112-08F1EAD81ED0,139945789,R00460,IT,POINT (8.730358 45.8423069),FALSE,2022,22,Invasive Alien Species in Europe,https://easin.jrc.ec.europa.eu/ias/speciesreport/details/630f0b228d5f7ca8dbea0843,2025-07-11T16:39:31.517
[WGS84 - EPSG:4326],Ailanthus altissima,314FF1FE-645E-F011-9112-08F1EAD81ED0,139945797,R00460,IT,POINT (8.8343266 45.7970287),FALSE,2022,22,Invasive Alien Species in Europe,https://easin.jrc.ec.europa.eu/ias/speciesreport/details/63207a74079496b951c59487,2025-07-11T16:39:31.517
[WGS84 - EPSG:4326],Ailanthus altissima,144FF1FE-645E-F011-9112-08F1EAD81ED0,139945805,R00460,IT,POINT (8.8135435 45.8126348),FALSE,2022,22,Invasive Alien Species in Europe,https://easin.jrc.ec.europa.eu/ias/speciesreport/details/63206fad079496b951c5947e,2025-07-11T16:39:31.517
[WGS84 - EPSG:4326],Ailanthus altissima,014FF1FE-645E-F011-9112-08F1EAD81ED0,139945813,R00460,IT,POINT (8.8070109 45.8254367),FALSE,2022,22,Invasive Alien Species in Europe,https://easin.jrc.ec.europa.eu/ias/speciesreport/details/6311bbda8d5f7ca8dbea0870,2025-07-11T16:39:31.517
[WGS84 - EPSG:4326],Ailanthus altissima,074FF1FE-645E-F011-9112-08F1EAD81ED0,139945821,R00460,IT,POINT (8.7157165 45.839494),FALSE,2022,22,Invasive Alien Species in Europe,https://easin.jrc.ec.europa.eu/ias/speciesreport/details/63171d6e2f934d53a39b27b2,2025-07-11T16:39:31.517
[WGS84 - EPSG:4326],Ailanthus altissima,084FF1FE-645E-F011-9112-08F1EAD81ED0,139945829,R00460,IT,POINT (8.8369996 45.8081488),FALSE,2022,22,Invasive Alien Species in Europe,https://easin.jrc.ec.europa.eu/ias/speciesreport/details/632c064863bb55410c8bb98f,2025-07-11T16:39:31.517
[WGS84 - EPSG:4326],Ailanthus altissima,0B4FF1FE-645E-F011-9112-08F1EAD81ED0,139945837,R00460,BG,POINT (23.3292229 42.6591141),FALSE,2022,22,Invasive Alien Species in Europe,https://easin.jrc.ec.europa.eu/ias/speciesreport/details/628cc30e9f2af7dc30dfbb7b,2025-07-11T16:39:31.517
[WGS84 - EPSG:4326],Ailanthus altissima,0E4FF1FE-645E-F011-9112-08F1EAD81ED0,139945845,R00460,IT,POINT (8.8333787 45.7988478),FALSE,2022,22,Invasive Alien Species in Europe,https://easin.jrc.ec.europa.eu/ias/speciesreport/details/6320780f079496b951c59484,2025-07-11T16:39:31.517
[WGS84 - EPSG:4326],Callinectes sapidus,FE4EF1FE-645E-F011-9112-08F1EAD81ED0,139945853,R02554,ES,POINT (-0.2656537812436 39.176481593124),FALSE,2022,22,Invasive Alien Species in Europe,https://easin.jrc.ec.europa.eu/ias/speciesreport/details/62a76c6fc92ab31a0025b2ed,2025-07-11T16:39:31.517
[WGS84 - EPSG:4326],Ailanthus altissima,F44EF1FE-645E-F011-9112-08F1EAD81ED0,139945861,R00460,IT,POINT (8.867706 45.7753161),FALSE,2022,22,Invasive Alien Species in Europe,https://easin.jrc.ec.europa.eu/ias/speciesreport/details/632c0c3263bb55410c8bb991,2025-07-11T16:39:31.517
[WGS84 - EPSG:4326],Micropterus salmoides,EB4EF1FE-645E-F011-9112-08F1EAD81ED0,139945869,R09442,ES,POINT (-0.3160651 39.3186444),FALSE,2022,22,Invasive Alien Species in Europe,https://easin.jrc.ec.europa.eu/ias/speciesreport/details/629da33bf1f4fdc7bf21dad6,2025-07-11T16:39:31.517
[WGS84 - EPSG:4326],Gambusia holbrooki,EC4EF1FE-645E-F011-9112-08F1EAD81ED0,139945877,R06574,BG,POINT (23.4190479 42.5885654),FALSE,2022,22,Invasive Alien Species in Europe,https://easin.jrc.ec.europa.eu/ias/speciesreport/details/6288c260ace2b39c9ee26e3f,2025-07-11T16:39:31.517
[WGS84 - EPSG:4326],Alburnus alburnus,E64EF1FE-645E-F011-9112-08F1EAD81ED0,139945885,R00481,ES,POINT (-4.7437981 41.6292895),FALSE,2022,22,Invasive Alien Species in Europe,https://easin.jrc.ec.europa.eu/ias/speciesreport/details/62af6e853dac78588a2ad6ad,2025-07-11T16:39:31.517
[WGS84 - EPSG:4326],Nicotiana glauca,FA4EF1FE-645E-F011-9112-08F1EAD81ED0,139945893,R10004,ES,POINT (-1.21584717523287 37.9947972305805),FALSE,2022,22,Invasive Alien Species in Europe,https://easin.jrc.ec.europa.eu/ias/speciesreport/details/6378b86011845ea53a6e6fef,2025-07-11T16:39:31.517
[WGS84 - EPSG:4326],Gambusia holbrooki,C74EF1FE-645E-F011-9112-08F1EAD81ED0,139945901,R06574,BG,POINT (23.4239996 42.5877851),FALSE,2022,22,Invasive Alien Species in Europe,https://easin.jrc.ec.europa.eu/ias/speciesreport/details/6288b9f2ace2b39c9ee26e3b,2025-07-11T16:39:31.517
[WGS84 - EPSG:4326],Ailanthus altissima,C84EF1FE-645E-F011-9112-08F1EAD81ED0,139945909,R00460,IT,POINT (8.8055507 45.8196932),FALSE,2022,22,Invasive Alien Species in Europe,https://easin.jrc.ec.europa.eu/ias/speciesreport/details/6311c09d8d5f7ca8dbea0874,2025-07-11T16:39:31.517
[WGS84 - EPSG:4326],Procambarus clarkii,C94EF1FE-645E-F011-9112-08F1EAD81ED0,139945917,R12250,ES,POINT (-0.36429226 39.21804045),FALSE,2022,22,Invasive Alien Species in Europe,https://easin.jrc.ec.europa.eu/ias/speciesreport/details/62b4527596b97cf638662138,2025-07-11T16:39:31.517
[WGS84 - EPSG:4326],Myiopsitta monachus,CE4EF1FE-645E-F011-9112-08F1EAD81ED0,139945925,R09715,ES,POINT (-3.7089123 40.372684),FALSE,2022,22,Invasive Alien Species in Europe,https://easin.jrc.ec.europa.eu/ias/speciesreport/details/62932d4e9f2af7dc30dfbb7f,2025-07-11T16:39:31.517
[WGS84 - EPSG:4326],Elodea canadensis,CF4EF1FE-645E-F011-9112-08F1EAD81ED0,139945933,R05500,BG,POINT (24.64953804 42.1515045163889),FALSE,2022,22,Invasive Alien Species in Europe,https://easin.jrc.ec.europa.eu/ias/speciesreport/details/63413d05bbac7c435b17e401,2025-07-11T16:39:31.517
[WGS84 - EPSG:4326],Ailanthus altissima,D04EF1FE-645E-F011-9112-08F1EAD81ED0,139945941,R00460,IT,POINT (8.6525725 45.8958567),FALSE,2022,22,Invasive Alien Species in Europe,https://easin.jrc.ec.europa.eu/ias/speciesreport/details/6319aa882f934d53a39b27c6,2025-07-11T16:39:31.517
[WGS84 - EPSG:4326],Vespa velutina nigrithorax,D14EF1FE-645E-F011-9112-08F1EAD81ED0,139945949,R15970,IT,POINT (8.9351512 45.7875225),FALSE,2022,22,Invasive Alien Species in Europe,https://easin.jrc.ec.europa.eu/ias/speciesreport/details/628f64ec9f2af7dc30dfbb7e,2025-07-11T16:39:31.517
[WGS84 - EPSG:4326],Lepomis gibbosus,DA4EF1FE-645E-F011-9112-08F1EAD81ED0,139945957,R08376,BG,POINT (23.4188294 42.585911),FALSE,2022,22,Invasive Alien Species in Europe,https://easin.jrc.ec.europa.eu/ias/speciesreport/details/6288b966ace2b39c9ee26e3a,2025-07-11T16:39:31.517
[WGS84 - EPSG:4326],Ailanthus altissima,E84EF1FE-645E-F011-9112-08F1EAD81ED0,139945965,R00460,IT,POINT (8.8154155 45.837711),FALSE,2022,22,Invasive Alien Species in Europe,https://easin.jrc.ec.europa.eu/ias/speciesreport/details/6316ea7c2f934d53a39b278f,2025-07-11T16:39:31.517
[WGS84 - EPSG:4326],Ailanthus altissima,A84FF1FE-645E-F011-9112-08F1EAD81ED0,139945989,R00460,IT,POINT (8.818837 45.822714),FALSE,2022,22,Invasive Alien Species in Europe,https://easin.jrc.ec.europa.eu/ias/speciesreport/details/63136b1a2f934d53a39b2786,2025-07-11T16:39:31.517
[WGS84 - EPSG:4326],Ailanthus altissima,A94FF1FE-645E-F011-9112-08F1EAD81ED0,139945997,R00460,IT,POINT (8.8063654 45.8443747),FALSE,2022,22,Invasive Alien Species in Europe,https://easin.jrc.ec.europa.eu/ias/speciesreport/details/6316ef742f934d53a39b2793,2025-07-11T16:39:31.517
[WGS84 - EPSG:4326],Arundo donax,A44FF1FE-645E-F011-9112-08F1EAD81ED0,139946005,R01515,ES,POINT (-1.2119819 37.9889537),FALSE,2022,22,Invasive Alien Species in Europe,https://easin.jrc.ec.europa.eu/ias/speciesreport/details/6378b4d411845ea53a6e6fe9,2025-07-11T16:39:31.517
[WGS84 - EPSG:4326],Carassius gibelio,AF4FF1FE-645E-F011-9112-08F1EAD81ED0,139946013,R02744,BG,POINT (23.4235811233521 42.5881141668604),FALSE,2022,22,Invasive Alien Species in Europe,https://easin.jrc.ec.europa.eu/ias/speciesreport/details/6288cc82ace2b39c9ee26e42,2025-07-11T16:39:31.517
[WGS84 - EPSG:4326],Lepomis gibbosus,C54FF1FE-645E-F011-9112-08F1EAD81ED0,139946021,R08376,BG,POINT (23.262675 41.4584353),FALSE,2022,22,Invasive Alien Species in Europe,https://easin.jrc.ec.europa.eu/ias/speciesreport/details/62ac5c963dac78588a2ad69d,2025-07-11T16:39:31.517
[WGS84 - EPSG:4326],Ailanthus altissima,B14FF1FE-645E-F011-9112-08F1EAD81ED0,139946029,R00460,IT,POINT (8.7040809 45.6531575),FALSE,2022,22,Invasive Alien Species in Europe,https://easin.jrc.ec.europa.eu/ias/speciesreport/details/6322e1316a4c1405979f3c17,2025-07-11T16:39:31.517
[WGS84 - EPSG:4326],Carassius auratus,B54FF1FE-645E-F011-9112-08F1EAD81ED0,139946037,R02742,ES,POINT (-0.6040388 38.8170821),FALSE,2022,22,Invasive Alien Species in Europe,https://easin.jrc.ec.europa.eu/ias/speciesreport/details/62ab0fe8c92ab31a0025b31d,2025-07-11T16:39:31.517
[WGS84 - EPSG:4326],Ailanthus altissima,BC4FF1FE-645E-F011-9112-08F1EAD81ED0,139946045,R00460,IT,POINT (8.8167959 45.7837505),FALSE,2022,22,Invasive Alien Species in Europe,https://easin.jrc.ec.europa.eu/ias/speciesreport/details/6322baee079496b951c5949a,2025-07-11T16:39:31.517
[WGS84 - EPSG:4326],Ailanthus altissima,8D4FF1FE-645E-F011-9112-08F1EAD81ED0,139946053,R00460,IT,POINT (8.7039887 45.6528712),FALSE,2022,22,Invasive Alien Species in Europe,https://easin.jrc.ec.europa.eu/ias/speciesreport/details/6322dfd26a4c1405979f3c16,2025-07-11T16:39:31.517
[WGS84 - EPSG:4326],Ailanthus altissima,894FF1FE-645E-F011-9112-08F1EAD81ED0,139946061,R00460,RS,POINT (20.972269 44.9806134),FALSE,2022,22,Invasive Alien Species in Europe,https://easin.jrc.ec.europa.eu/ias/speciesreport/details/6282093eace2b39c9ee26e31,2025-07-11T16:39:31.517
[WGS84 - EPSG:4326],Elodea nuttallii,844FF1FE-645E-F011-9112-08F1EAD81ED0,139946069,R05501,BG,POINT (24.1750764 41.9428972),FALSE,2022,22,Invasive Alien Species in Europe,https://easin.jrc.ec.europa.eu/ias/speciesreport/details/62b05c5a3dac78588a2ad6b6,2025-07-11T16:39:31.517
[WGS84 - EPSG:4326],Alopochen aegyptiaca,804FF1FE-645E-F011-9112-08F1EAD81ED0,139946077,R00644,DE,POINT (9.0223764 48.7042432),FALSE,2022,22,Invasive Alien Species in Europe,https://easin.jrc.ec.europa.eu/ias/speciesreport/details/62e11939f1eeb00973292659,2025-07-11T16:39:31.517
[WGS84 - EPSG:4326],Myiopsitta monachus,944FF1FE-645E-F011-9112-08F1EAD81ED0,139946085,R09715,ES,POINT (-3.7129307 40.38397),FALSE,2022,22,Invasive Alien Species in Europe,https://easin.jrc.ec.europa.eu/ias/speciesreport/details/62a1b49bfa19f2a4655c92a6,2025-07-11T16:39:31.517
[WGS84 - EPSG:4326],Ailanthus altissima,9A4FF1FE-645E-F011-9112-08F1EAD81ED0,139946093,R00460,ES,POINT (-3.7060783 40.85512),FALSE,2022,22,Invasive Alien Species in Europe,https://easin.jrc.ec.europa.eu/ias/speciesreport/details/632d690c63bb55410c8bb99f,2025-07-11T16:39:31.517
[WGS84 - EPSG:4326],Ailanthus altissima,D14FF1FE-645E-F011-9112-08F1EAD81ED0,139946101,R00460,IT,POINT (8.646294 45.8942798),FALSE,2022,22,Invasive Alien Species in Europe,https://easin.jrc.ec.europa.eu/ias/speciesreport/details/6319b1892f934d53a39b27d0,2025-07-11T16:39:31.517
[WGS84 - EPSG:4326],Micropterus salmoides,C74FF1FE-645E-F011-9112-08F1EAD81ED0,139946109,R09442,ES,POINT (-0.179085731506348 38.9911704922976),FALSE,2022,22,Invasive Alien Species in Europe,https://easin.jrc.ec.europa.eu/ias/speciesreport/details/62b20e2a6f4ce42ba54e94e0,2025-07-11T16:39:31.517
[WGS84 - EPSG:4326],Robinia pseudoacacia,C84FF1FE-645E-F011-9112-08F1EAD81ED0,139946117,R13059,ES,POINT (0.777627732149995 42.4748926916945),FALSE,2022,22,Invasive Alien Species in Europe,https://easin.jrc.ec.europa.eu/ias/speciesreport/details/62a3076cfa19f2a4655c92ad,2025-07-11T16:39:31.517
[WGS84 - EPSG:4326],Ailanthus altissima,DA4FF1FE-645E-F011-9112-08F1EAD81ED0,139946125,R00460,IT,POINT (8.7096791 45.6811176),FALSE,2022,22,Invasive Alien Species in Europe,https://easin.jrc.ec.europa.eu/ias/speciesreport/details/6322e4b36a4c1405979f3c1a,2025-07-11T16:39:31.517
[WGS84 - EPSG:4326],Ailanthus altissima,DB4FF1FE-645E-F011-9112-08F1EAD81ED0,139946133,R00460,IT,POINT (8.8549059 45.8102386),FALSE,2022,22,Invasive Alien Species in Europe,https://easin.jrc.ec.europa.eu/ias/speciesreport/details/63257013c09991bfd4e9e1ab,2025-07-11T16:39:31.517
[WGS84 - EPSG:4326],Lepomis gibbosus,D34FF1FE-645E-F011-9112-08F1EAD81ED0,139946141,R08376,BG,POINT (23.4223902225494 42.5874443727771),FALSE,2022,22,Invasive Alien Species in Europe,https://easin.jrc.ec.europa.eu/ias/speciesreport/details/628930d7ace2b39c9ee26e47,2025-07-11T16:39:31.517
[WGS84 - EPSG:4326],Ailanthus altissima,E54FF1FE-645E-F011-9112-08F1EAD81ED0,139946149,R00460,IT,POINT (8.8227835 45.8242325),FALSE,2022,22,Invasive Alien Species in Europe,https://easin.jrc.ec.europa.eu/ias/speciesreport/details/631dac71079496b951c59471,2025-07-11T16:39:31.517
[WGS84 - EPSG:4326],Ailanthus altissima,E04FF1FE-645E-F011-9112-08F1EAD81ED0,139946157,R00460,IT,POINT (8.8146933 45.8126229),FALSE,2022,22,Invasive Alien Species in Europe,https://easin.jrc.ec.europa.eu/ias/speciesreport/details/6320703f079496b951c5947f,2025-07-11T16:39:31.517
[WGS84 - EPSG:4326],Cyprinus carpio,E74FF1FE-645E-F011-9112-08F1EAD81ED0,139946165,R04750,ES,POINT (0.747847222919518 42.3884281689469),FALSE,2022,22,Invasive Alien Species in Europe,https://easin.jrc.ec.europa.eu/ias/speciesreport/details/629f4379f1f4fdc7bf21dae9,2025-07-11T16:39:31.517
[WGS84 - EPSG:4326],Ailanthus altissima,0250F1FE-645E-F011-9112-08F1EAD81ED0,139946173,R00460,ES,POINT (-3.6220255 40.4442947),FALSE,2022,22,Invasive Alien Species in Europe,https://easin.jrc.ec.europa.eu/ias/speciesreport/details/6293a9669f2af7dc30dfbb82,2025-07-11T16:39:31.517
[WGS84 - EPSG:4326],Trachemys scripta,1050F1FE-645E-F011-9112-08F1EAD81ED0,139946181,R18154,ES,POINT (-0.4008856 39.1869996),FALSE,2022,22,Invasive Alien Species in Europe,https://easin.jrc.ec.europa.eu/ias/speciesreport/details/629f3506f1f4fdc7bf21dae6,2025-07-11T16:39:31.517
[WGS84 - EPSG:4326],Gambusia holbrooki,0950F1FE-645E-F011-9112-08F1EAD81ED0,139946189,R06574,ES,POINT (0.403060913085938 40.3724435773257),FALSE,2022,22,Invasive Alien Species in Europe,https://easin.jrc.ec.europa.eu/ias/speciesreport/details/62ad72d83dac78588a2ad6a4,2025-07-11T16:39:31.517
[WGS84 - EPSG:4326],Lepomis gibbosus,1450F1FE-645E-F011-9112-08F1EAD81ED0,139946197,R08376,ES,POINT (-4.565661 40.4216219722222),FALSE,2022,22,Invasive Alien Species in Europe,https://easin.jrc.ec.europa.eu/ias/speciesreport/details/62a4d911fa19f2a4655c92b6,2025-07-11T16:39:31.517
[WGS84 - EPSG:4326],Asclepias syriaca,1550F1FE-645E-F011-9112-08F1EAD81ED0,139946205,R01529,RS,POINT (21.13063 44.8342183),FALSE,2022,22,Invasive Alien Species in Europe,https://easin.jrc.ec.europa.eu/ias/speciesreport/details/62820949ace2b39c9ee26e35,2025-07-11T16:39:31.517
[WGS84 - EPSG:4326],Elodea canadensis,F34FF1FE-645E-F011-9112-08F1EAD81ED0,139946213,R05500,BG,POINT (24.64953804 42.1515045163889),FALSE,2022,22,Invasive Alien Species in Europe,https://easin.jrc.ec.europa.eu/ias/speciesreport/details/63413ca4bbac7c435b17e400,2025-07-11T16:39:31.517
[WGS84 - EPSG:4326],Ailanthus altissima,EB4FF1FE-645E-F011-9112-08F1EAD81ED0,139946221,R00460,IT,POINT (8.8084668 45.8275982),FALSE,2022,22,Invasive Alien Species in Europe,https://easin.jrc.ec.europa.eu/ias/speciesreport/details/6311ba6a8d5f7ca8dbea086e,2025-07-11T16:39:31.517
[WGS84 - EPSG:4326],Carpobrotus edulis,F04FF1FE-645E-F011-9112-08F1EAD81ED0,139946229,R02862,ES,POINT (-5.72148442268372 37.377532276171),FALSE,2022,22,Invasive Alien Species in Europe,https://easin.jrc.ec.europa.eu/ias/speciesreport/details/623db289acbdb2ab893274dd,2025-07-11T16:39:31.517
[WGS84 - EPSG:4326],Ailanthus altissima,4050F1FE-645E-F011-9112-08F1EAD81ED0,139946237,R00460,IT,POINT (8.8153133 45.8379393),FALSE,2022,22,Invasive Alien Species in Europe,https://easin.jrc.ec.europa.eu/ias/speciesreport/details/6320a16e079496b951c59498,2025-07-11T16:39:31.517
[WGS84 - EPSG:4326],Ailanthus altissima,4150F1FE-645E-F011-9112-08F1EAD81ED0,139946245,R00460,IT,POINT (8.8053532 45.8445128),FALSE,2022,22,Invasive Alien Species in Europe,https://easin.jrc.ec.europa.eu/ias/speciesreport/details/6337e4765b04d206d148a0d8,2025-07-11T16:39:31.517
[WGS84 - EPSG:4326],Trachemys scripta,4C50F1FE-645E-F011-9112-08F1EAD81ED0,139946253,R18154,BG,POINT (23.3424496650696 42.6851642433366),FALSE,2022,22,Invasive Alien Species in Europe,https://easin.jrc.ec.europa.eu/ias/speciesreport/details/627b819cace2b39c9ee26e22,2025-07-11T16:39:31.517
[WGS84 - EPSG:4326],Ailanthus altissima,4D50F1FE-645E-F011-9112-08F1EAD81ED0,139946261,R00460,IT,POINT (8.7292902 45.8429385),FALSE,2022,22,Invasive Alien Species in Europe,https://easin.jrc.ec.europa.eu/ias/speciesreport/details/630f05d58d5f7ca8dbea083f,2025-07-11T16:39:31.517
[WGS84 - EPSG:4326],Cenchrus setaceus,5650F1FE-645E-F011-9112-08F1EAD81ED0,139946269,R03000,MT,POINT (14.4976615905762 35.8893108391148),FALSE,2022,22,Invasive Alien Species in Europe,https://easin.jrc.ec.europa.eu/ias/speciesreport/details/61e3fd02db4ba0e5b9073426,2025-07-11T16:39:31.517
[WGS84 - EPSG:4326],Myiopsitta monachus,5050F1FE-645E-F011-9112-08F1EAD81ED0,139946277,R09715,ES,POINT (-3.726327 40.3856655),FALSE,2022,22,Invasive Alien Species in Europe,https://easin.jrc.ec.europa.eu/ias/speciesreport/details/62b7747096b97cf638662142,2025-07-11T16:39:31.517
[WGS84 - EPSG:4326],Ailanthus altissima,5850F1FE-645E-F011-9112-08F1EAD81ED0,139946285,R00460,IT,POINT (8.8239571 45.8223301),FALSE,2022,22,Invasive Alien Species in Europe,https://easin.jrc.ec.europa.eu/ias/speciesreport/details/6311b2478d5f7ca8dbea0862,2025-07-11T16:39:31.517
[WGS84 - EPSG:4326],Ailanthus altissima,5A50F1FE-645E-F011-9112-08F1EAD81ED0,139946293,R00460,IT,POINT (8.6100929 45.7746316),FALSE,2022,22,Invasive Alien Species in Europe,https://easin.jrc.ec.europa.eu/ias/speciesreport/details/6310ca298d5f7ca8dbea0851,2025-07-11T16:39:31.517
[WGS84 - EPSG:4326],Ailanthus altissima,5C50F1FE-645E-F011-9112-08F1EAD81ED0,139946301,R00460,IT,POINT (8.8423263 45.8322096),FALSE,2022,22,Invasive Alien Species in Europe,https://easin.jrc.ec.europa.eu/ias/speciesreport/details/63209883079496b951c59494,2025-07-11T16:39:31.517
[WGS84 - EPSG:4326],Ailanthus altissima,2B50F1FE-645E-F011-9112-08F1EAD81ED0,139946309,R00460,IT,POINT (8.8069748 45.8253409),FALSE,2022,22,Invasive Alien Species in Europe,https://easin.jrc.ec.europa.eu/ias/speciesreport/details/6311bc778d5f7ca8dbea0871,2025-07-11T16:39:31.517
[WGS84 - EPSG:4326],Ailanthus altissima,1B50F1FE-645E-F011-9112-08F1EAD81ED0,139946317,R00460,IT,POINT (8.8228313 45.776504),FALSE,2022,22,Invasive Alien Species in Europe,https://easin.jrc.ec.europa.eu/ias/speciesreport/details/632c238e63bb55410c8bb99d,2025-07-11T16:39:31.517
[WGS84 - EPSG:4326],Ailanthus altissima,2550F1FE-645E-F011-9112-08F1EAD81ED0,139946325,R00460,IT,POINT (8.8043273 45.8252797),FALSE,2022,22,Invasive Alien Species in Europe,https://easin.jrc.ec.europa.eu/ias/speciesreport/details/6311c0118d5f7ca8dbea0873,2025-07-11T16:39:31.517
[WGS84 - EPSG:4326],Ailanthus altissima,2650F1FE-645E-F011-9112-08F1EAD81ED0,139946333,R00460,IT,POINT (8.6117017 45.8780509),FALSE,2022,22,Invasive Alien Species in Europe,https://easin.jrc.ec.europa.eu/ias/speciesreport/details/6319b58c2f934d53a39b27d4,2025-07-11T16:39:31.517
[WGS84 - EPSG:4326],Ailanthus altissima,2050F1FE-645E-F011-9112-08F1EAD81ED0,139946341,R00460,FR,POINT (-1.1755019 46.0173738),FALSE,2022,22,Invasive Alien Species in Europe,https://easin.jrc.ec.europa.eu/ias/speciesreport/details/6282348bace2b39c9ee26e37,2025-07-11T16:39:31.517
[WGS84 - EPSG:4326],Corbicula fluminea,9550F1FE-645E-F011-9112-08F1EAD81ED0,139946349,R04013,BG,POINT (23.314947 42.6923662),FALSE,2022,22,Invasive Alien Species in Europe,https://easin.jrc.ec.europa.eu/ias/speciesreport/details/635b05b7d19b81fba84bc15b,2025-07-11T16:39:31.517
[WGS84 - EPSG:4326],Carassius gibelio,9150F1FE-645E-F011-9112-08F1EAD81ED0,139946357,R02744,BG,POINT (23.1077992916107 42.8763808079513),FALSE,2022,22,Invasive Alien Species in Europe,https://easin.jrc.ec.europa.eu/ias/speciesreport/details/628c90669f2af7dc30dfbb78,2025-07-11T16:39:31.517
[WGS84 - EPSG:4326],Azolla filiculoides,8E50F1FE-645E-F011-9112-08F1EAD81ED0,139946365,R01826,ES,POINT (-0.3527873 39.4199021),FALSE,2022,22,Invasive Alien Species in Europe,https://easin.jrc.ec.europa.eu/ias/speciesreport/details/62b7501696b97cf638662140,2025-07-11T16:39:31.517
[WGS84 - EPSG:4326],Ailanthus altissima,8F50F1FE-645E-F011-9112-08F1EAD81ED0,139946373,R00460,IT,POINT (8.8251262 45.8232337),FALSE,2022,22,Invasive Alien Species in Europe,https://easin.jrc.ec.europa.eu/ias/speciesreport/details/6316f8d82f934d53a39b279d,2025-07-11T16:39:31.517
[WGS84 - EPSG:4326],Ailanthus altissima,8850F1FE-645E-F011-9112-08F1EAD81ED0,139946381,R00460,IT,POINT (8.7084441 45.8373586),FALSE,2022,22,Invasive Alien Species in Europe,https://easin.jrc.ec.europa.eu/ias/speciesreport/details/631716182f934d53a39b27ae,2025-07-11T16:39:31.517
[WGS84 - EPSG:4326],Alopochen aegyptiaca,8950F1FE-645E-F011-9112-08F1EAD81ED0,139946389,R00644,BE,POINT (4.37956697222222 50.8389949722222),FALSE,2022,22,Invasive Alien Species in Europe,https://easin.jrc.ec.europa.eu/ias/speciesreport/details/62d7021cf1eeb00973292658,2025-07-11T16:39:31.517
[WGS84 - EPSG:4326],Buddleja davidii,8A50F1FE-645E-F011-9112-08F1EAD81ED0,139946397,R02410,FR,POINT (0.7971399 42.7010312),FALSE,2022,22,Invasive Alien Species in Europe,https://easin.jrc.ec.europa.eu/ias/speciesreport/details/62bb0d67c80d4c7d2bc8f46e,2025-07-11T16:39:31.517
[WGS84 - EPSG:4326],Phytolacca americana,9750F1FE-645E-F011-9112-08F1EAD81ED0,139946405,R11485,BG,POINT (24.4227161405556 42.1416358947222),FALSE,2022,22,Invasive Alien Species in Europe,https://easin.jrc.ec.europa.eu/ias/speciesreport/details/63413d39bbac7c435b17e402,2025-07-11T16:39:31.517
[WGS84 - EPSG:4326],Ailanthus altissima,9850F1FE-645E-F011-9112-08F1EAD81ED0,139946413,R00460,IT,POINT (8.7137485 45.6782907),FALSE,2022,22,Invasive Alien Species in Europe,https://easin.jrc.ec.europa.eu/ias/speciesreport/details/6322eb3f6a4c1405979f3c1f,2025-07-11T16:39:31.517
[WGS84 - EPSG:4326],Alternanthera philoxeroides,9950F1FE-645E-F011-9112-08F1EAD81ED0,139946421,R00669,ES,POINT (-5.98904988888889 37.4233970555556),FALSE,2022,22,Invasive Alien Species in Europe,https://easin.jrc.ec.europa.eu/ias/speciesreport/details/6364b4fc6e40c2fc8d6574bc,2025-07-11T16:39:31.517
[WGS84 - EPSG:4326],Agave sisalana,A450F1FE-645E-F011-9112-08F1EAD81ED0,139946429,R00389,MT,POINT (14.4016599655151 35.8584830889615),FALSE,2022,22,Invasive Alien Species in Europe,https://easin.jrc.ec.europa.eu/ias/speciesreport/details/61e4029edb4ba0e5b9073427,2025-07-11T16:39:31.517
[WGS84 - EPSG:4326],Ipomoea purpurea,A550F1FE-645E-F011-9112-08F1EAD81ED0,139946437,R07772,ES,POINT (-3.445404 43.3961377),FALSE,2022,22,Invasive Alien Species in Europe,https://easin.jrc.ec.europa.eu/ias/speciesreport/details/63e4d9e100287d3cb6410806,2025-07-11T16:39:31.517
[WGS84 - EPSG:4326],Ailanthus altissima,9B50F1FE-645E-F011-9112-08F1EAD81ED0,139946445,R00460,IT,POINT (8.8740222 45.7717251),FALSE,2022,22,Invasive Alien Species in Europe,https://easin.jrc.ec.europa.eu/ias/speciesreport/details/632c0df263bb55410c8bb994,2025-07-11T16:39:31.517
[WGS84 - EPSG:4326],Ailanthus altissima,9C50F1FE-645E-F011-9112-08F1EAD81ED0,139946453,R00460,IT,POINT (8.8396424 45.8470277),FALSE,2022,22,Invasive Alien Species in Europe,https://easin.jrc.ec.europa.eu/ias/speciesreport/details/63209c94079496b951c59497,2025-07-11T16:39:31.517
[WGS84 - EPSG:4326],Gambusia holbrooki,A750F1FE-645E-F011-9112-08F1EAD81ED0,139946461,R06574,ES,POINT (-0.179128646850586 38.9912372035622),FALSE,2022,22,Invasive Alien Species in Europe,https://easin.jrc.ec.europa.eu/ias/speciesreport/details/62b20d496f4ce42ba54e94de,2025-07-11T16:39:31.517
[WGS84 - EPSG:4326],Ailanthus altissima,6650F1FE-645E-F011-9112-08F1EAD81ED0,139946469,R00460,IT,POINT (8.8126424 45.8258899),FALSE,2022,22,Invasive Alien Species in Europe,https://easin.jrc.ec.europa.eu/ias/speciesreport/details/6311b8bb8d5f7ca8dbea086b,2025-07-11T16:39:31.517
[WGS84 - EPSG:4326],Ailanthus altissima,6A50F1FE-645E-F011-9112-08F1EAD81ED0,139946477,R00460,IT,POINT (12.8018403053284 41.966303077155),FALSE,2022,22,Invasive Alien Species in Europe,https://easin.jrc.ec.europa.eu/ias/speciesreport/details/6357f31afa8e3fcccb96c706,2025-07-11T16:39:31.517
[WGS84 - EPSG:4326],Ailanthus altissima,6B50F1FE-645E-F011-9112-08F1EAD81ED0,139946485,R00460,EL,POINT (24.0318900346756 35.5165438080601),FALSE,2022,22,Invasive Alien Species in Europe,https://easin.jrc.ec.europa.eu/ias/speciesreport/details/62bbf004f464c3e48e5076d2,2025-07-11T16:39:31.517
[WGS84 - EPSG:4326],Pueraria montana (Lour.) Merr. var. lobata,7050F1FE-645E-F011-9112-08F1EAD81ED0,139946493,R12644,IT,POINT (8.8245318 45.8255075),FALSE,2022,22,Invasive Alien Species in Europe,https://easin.jrc.ec.europa.eu/ias/speciesreport/details/62974d67f1f4fdc7bf21dabc,2025-07-11T16:39:31.517
[WGS84 - EPSG:4326],Ailanthus altissima,7150F1FE-645E-F011-9112-08F1EAD81ED0,139946501,R00460,IT,POINT (8.8711952 45.7997325),FALSE,2022,22,Invasive Alien Species in Europe,https://easin.jrc.ec.europa.eu/ias/speciesreport/details/63208d50079496b951c5948f,2025-07-11T16:39:31.517
[WGS84 - EPSG:4326],Ailanthus altissima,7250F1FE-645E-F011-9112-08F1EAD81ED0,139946509,R00460,IT,POINT (8.8078912 45.8278545),FALSE,2022,22,Invasive Alien Species in Europe,https://easin.jrc.ec.europa.eu/ias/speciesreport/details/62f35b99f1eeb00973292663,2025-07-11T16:39:31.517
[WGS84 - EPSG:4326],Ailanthus altissima,7D50F1FE-645E-F011-9112-08F1EAD81ED0,139946517,R00460,IT,POINT (8.6100929 45.7746316),FALSE,2022,22,Invasive Alien Species in Europe,https://easin.jrc.ec.europa.eu/ias/speciesreport/details/6310c87c8d5f7ca8dbea0850,2025-07-11T16:39:31.517
[WGS84 - EPSG:4326],Ailanthus altissima,8150F1FE-645E-F011-9112-08F1EAD81ED0,139946525,R00460,IT,POINT (8.652647 45.8961834),FALSE,2022,22,Invasive Alien Species in Europe,https://easin.jrc.ec.europa.eu/ias/speciesreport/details/6319ae282f934d53a39b27cb,2025-07-11T16:39:31.517
[WGS84 - EPSG:4326],Myiopsitta monachus,8250F1FE-645E-F011-9112-08F1EAD81ED0,139946533,R09715,ES,POINT (-3.7252776 40.3813675),FALSE,2022,22,Invasive Alien Species in Europe,https://easin.jrc.ec.europa.eu/ias/speciesreport/details/632adfd1c1e29cc38b25dda4,2025-07-11T16:39:31.517
[WGS84 - EPSG:4326],Cyprinus carpio,3752F1FE-645E-F011-9112-08F1EAD81ED0,139946541,R04750,ES,POINT (-0.3338083 39.2206738),FALSE,2022,22,Invasive Alien Species in Europe,https://easin.jrc.ec.europa.eu/ias/speciesreport/details/62b44e3d96b97cf638662137,2025-07-11T16:39:31.517
[WGS84 - EPSG:4326],Pseudorasbora parva,4252F1FE-645E-F011-9112-08F1EAD81ED0,139946549,R12451,BG,POINT (23.7684626 41.5846357),FALSE,2022,22,Invasive Alien Species in Europe,https://easin.jrc.ec.europa.eu/ias/speciesreport/details/62ab3bdf3dac78588a2ad69b,2025-07-11T16:39:31.517
[WGS84 - EPSG:4326],Ailanthus altissima,4352F1FE-645E-F011-9112-08F1EAD81ED0,139946557,R00460,ES,POINT (0.965168069769788 42.2455277039644),FALSE,2022,22,Invasive Alien Species in Europe,https://easin.jrc.ec.europa.eu/ias/speciesreport/details/63602b426e40c2fc8d6574b9,2025-07-11T16:39:31.517
[WGS84 - EPSG:4326],Ailanthus altissima,4452F1FE-645E-F011-9112-08F1EAD81ED0,139946565,R00460,IT,POINT (8.8311635 45.8304578),FALSE,2022,22,Invasive Alien Species in Europe,https://easin.jrc.ec.europa.eu/ias/speciesreport/details/6316f6732f934d53a39b279b,2025-07-11T16:39:31.517
[WGS84 - EPSG:4326],Phytolacca americana,4552F1FE-645E-F011-9112-08F1EAD81ED0,139946573,R11485,BG,POINT (25.622997879982 43.0805963069423),FALSE,2022,22,Invasive Alien Species in Europe,https://easin.jrc.ec.europa.eu/ias/speciesreport/details/634698d749b0bf8ae6830e2e,2025-07-11T16:39:31.517
[WGS84 - EPSG:4326],Procambarus clarkii,4652F1FE-645E-F011-9112-08F1EAD81ED0,139946581,R12250,ES,POINT (-0.340949273959268 39.221197316215),FALSE,2022,22,Invasive Alien Species in Europe,https://easin.jrc.ec.europa.eu/ias/speciesreport/details/62a76bb0c92ab31a0025b2ec,2025-07-11T16:39:31.517
[WGS84 - EPSG:4326],Ailanthus altissima,3E52F1FE-645E-F011-9112-08F1EAD81ED0,139946589,R00460,IT,POINT (8.6502921 45.8935666),FALSE,2022,22,Invasive Alien Species in Europe,https://easin.jrc.ec.europa.eu/ias/speciesreport/details/6319acbb2f934d53a39b27c9,2025-07-11T16:39:31.517
[WGS84 - EPSG:4326],Perca fluviatilis,3F52F1FE-645E-F011-9112-08F1EAD81ED0,139946597,R11032,ES,POINT (0.0918388366699219 41.3065041932087),FALSE,2022,22,Invasive Alien Species in Europe,https://easin.jrc.ec.europa.eu/ias/speciesreport/details/62ad735a3dac78588a2ad6a5,2025-07-11T16:39:31.517
[WGS84 - EPSG:4326],Arundo donax,3152F1FE-645E-F011-9112-08F1EAD81ED0,139946605,R01515,ES,POINT (-0.3976467 39.3048663),FALSE,2022,22,Invasive Alien Species in Europe,https://easin.jrc.ec.europa.eu/ias/speciesreport/details/629e1564f1f4fdc7bf21dadf,2025-07-11T16:39:31.517
[WGS84 - EPSG:4326],Pseudorasbora parva,3252F1FE-645E-F011-9112-08F1EAD81ED0,139946613,R12451,BG,POINT (23.2628417015076 41.4583229811191),FALSE,2022,22,Invasive Alien Species in Europe,https://easin.jrc.ec.europa.eu/ias/speciesreport/details/62ae32e13dac78588a2ad6a8,2025-07-11T16:39:31.517
[WGS84 - EPSG:4326],Gambusia holbrooki,2E52F1FE-645E-F011-9112-08F1EAD81ED0,139946621,R06574,BG,POINT (23.4227438334347 42.5884665532012),FALSE,2022,22,Invasive Alien Species in Europe,https://easin.jrc.ec.europa.eu/ias/speciesreport/details/62893117ace2b39c9ee26e48,2025-07-11T16:39:31.517
[WGS84 - EPSG:4326],Ailanthus altissima,2F52F1FE-645E-F011-9112-08F1EAD81ED0,139946629,R00460,IT,POINT (8.6991113 45.8389933),FALSE,2022,22,Invasive Alien Species in Europe,https://easin.jrc.ec.europa.eu/ias/speciesreport/details/6310602b8d5f7ca8dbea0846,2025-07-11T16:39:31.517
[WGS84 - EPSG:4326],Trachemys scripta,2952F1FE-645E-F011-9112-08F1EAD81ED0,139946637,R18154,ES,POINT (-3.901606 40.3275989722222),FALSE,2022,22,Invasive Alien Species in Europe,https://easin.jrc.ec.europa.eu/ias/speciesreport/details/62b204ba6f4ce42ba54e94db,2025-07-11T16:39:31.517
[WGS84 - EPSG:4326],Fallopia baldschuanica,3552F1FE-645E-F011-9112-08F1EAD81ED0,139946645,R18445,FR,POINT (0.7108899 42.8101065997222),FALSE,2022,22,Invasive Alien Species in Europe,https://easin.jrc.ec.europa.eu/ias/speciesreport/details/62c8445f5c103510337ed71e,2025-07-11T16:39:31.517
[WGS84 - EPSG:4326],Myiopsitta monachus,5852F1FE-645E-F011-9112-08F1EAD81ED0,139946653,R09715,ES,POINT (-3.713815 40.3845999),FALSE,2022,22,Invasive Alien Species in Europe,https://easin.jrc.ec.europa.eu/ias/speciesreport/details/62a1b50bfa19f2a4655c92a9,2025-07-11T16:39:31.517
[WGS84 - EPSG:4326],Trachemys scripta,5F52F1FE-645E-F011-9112-08F1EAD81ED0,139946661,R18154,FR,POINT (1.33848667144775 43.7760984239686),FALSE,2022,22,Invasive Alien Species in Europe,https://easin.jrc.ec.europa.eu/ias/speciesreport/details/6380a867ba2eeb3ee71d8f2a,2025-07-11T16:39:31.517
[WGS84 - EPSG:4326],Ailanthus altissima,6052F1FE-645E-F011-9112-08F1EAD81ED0,139946669,R00460,IT,POINT (8.7744509 45.6853109),FALSE,2022,22,Invasive Alien Species in Europe,https://easin.jrc.ec.europa.eu/ias/speciesreport/details/6322cb0c079496b951c594a1,2025-07-11T16:39:31.517
[WGS84 - EPSG:4326],Ailanthus altissima,6152F1FE-645E-F011-9112-08F1EAD81ED0,139946677,R00460,IT,POINT (8.6614017 45.8407878),FALSE,2022,22,Invasive Alien Species in Europe,https://easin.jrc.ec.europa.eu/ias/speciesreport/details/631062de8d5f7ca8dbea0847,2025-07-11T16:39:31.517
[WGS84 - EPSG:4326],Ailanthus altissima,4D52F1FE-645E-F011-9112-08F1EAD81ED0,139946685,R00460,IT,POINT (8.8729251 45.7721881),FALSE,2022,22,Invasive Alien Species in Europe,https://easin.jrc.ec.europa.eu/ias/speciesreport/details/632c119163bb55410c8bb996,2025-07-11T16:39:31.517
[WGS84 - EPSG:4326],Procambarus clarkii,5552F1FE-645E-F011-9112-08F1EAD81ED0,139946693,R12250,ES,POINT (-0.3838112 39.285123),FALSE,2022,22,Invasive Alien Species in Europe,https://easin.jrc.ec.europa.eu/ias/speciesreport/details/629e139df1f4fdc7bf21dade,2025-07-11T16:39:31.517
[WGS84 - EPSG:4326],Ailanthus altissima,5652F1FE-645E-F011-9112-08F1EAD81ED0,139946701,R00460,IT,POINT (8.7338715 45.842127),FALSE,2022,22,Invasive Alien Species in Europe,https://easin.jrc.ec.europa.eu/ias/speciesreport/details/630f03fe8d5f7ca8dbea083d,2025-07-11T16:39:31.517
[WGS84 - EPSG:4326],Yucca gloriosa,6652F1FE-645E-F011-9112-08F1EAD81ED0,139946709,R16289,MT,POINT (14.3022557 36.0391401),FALSE,2022,22,Invasive Alien Species in Europe,https://easin.jrc.ec.europa.eu/ias/speciesreport/details/63a1dbc04ccd5e7a5a2b7c42,2025-07-11T16:39:31.517
[WGS84 - EPSG:4326],Ailanthus altissima,6752F1FE-645E-F011-9112-08F1EAD81ED0,139946717,R00460,IT,POINT (8.8727763 45.7993129),FALSE,2022,22,Invasive Alien Species in Europe,https://easin.jrc.ec.europa.eu/ias/speciesreport/details/63208dc8079496b951c59490,2025-07-11T16:39:31.517
[WGS84 - EPSG:4326],Ailanthus altissima,7452F1FE-645E-F011-9112-08F1EAD81ED0,139946725,R00460,IT,POINT (8.68068744923221 45.8575751725682),FALSE,2022,22,Invasive Alien Species in Europe,https://easin.jrc.ec.europa.eu/ias/speciesreport/details/63199c9e2f934d53a39b27b8,2025-07-11T16:39:31.517
[WGS84 - EPSG:4326],Lepomis gibbosus,6452F1FE-645E-F011-9112-08F1EAD81ED0,139946733,R08376,BG,POINT (23.4616029311292 42.7277536056142),FALSE,2022,22,Invasive Alien Species in Europe,https://easin.jrc.ec.europa.eu/ias/speciesreport/details/635b04dfd19b81fba84bc158,2025-07-11T16:39:31.517
[WGS84 - EPSG:4326],Ailanthus altissima,6F52F1FE-645E-F011-9112-08F1EAD81ED0,139946741,R00460,IT,POINT (8.7220712 45.8447354),FALSE,2022,22,Invasive Alien Species in Europe,https://easin.jrc.ec.europa.eu/ias/speciesreport/details/630f0c3c8d5f7ca8dbea0845,2025-07-11T16:39:31.517
[WGS84 - EPSG:4326],Ailanthus altissima,E251F1FE-645E-F011-9112-08F1EAD81ED0,139946749,R00460,IT,POINT (8.8151733 45.8431139),FALSE,2022,22,Invasive Alien Species in Europe,https://easin.jrc.ec.europa.eu/ias/speciesreport/details/6316f2192f934d53a39b2798,2025-07-11T16:39:31.517
[WGS84 - EPSG:4326],Impatiens glandulifera,E351F1FE-645E-F011-9112-08F1EAD81ED0,139946757,R07719,IT,POINT (8.8749964 45.8034912),FALSE,2022,22,Invasive Alien Species in Europe,https://easin.jrc.ec.europa.eu/ias/speciesreport/details/63208f37079496b951c59491,2025-07-11T16:39:31.517
[WGS84 - EPSG:4326],Tamias sibiricus,E451F1FE-645E-F011-9112-08F1EAD81ED0,139946765,R14882,ES,POINT (-14.2308568954468 28.1497160573929),FALSE,2022,22,Invasive Alien Species in Europe,https://easin.jrc.ec.europa.eu/ias/speciesreport/details/627a779eace2b39c9ee26e20,2025-07-11T16:39:31.517
[WGS84 - EPSG:4326],Ailanthus altissima,DD51F1FE-645E-F011-9112-08F1EAD81ED0,139946773,R00460,IT,POINT (8.669581 45.8065473),FALSE,2022,22,Invasive Alien Species in Europe,https://easin.jrc.ec.europa.eu/ias/speciesreport/details/62ecbd98f1eeb0097329265e,2025-07-11T16:39:31.517
[WGS84 - EPSG:4326],Trachemys scripta,EF51F1FE-645E-F011-9112-08F1EAD81ED0,139946781,R18154,ES,POINT (-0.3182322 39.3128938),FALSE,2022,22,Invasive Alien Species in Europe,https://easin.jrc.ec.europa.eu/ias/speciesreport/details/6299f617f1f4fdc7bf21dac9,2025-07-11T16:39:31.517
[WGS84 - EPSG:4326],Ailanthus altissima,ED51F1FE-645E-F011-9112-08F1EAD81ED0,139946789,R00460,IT,POINT (8.6073015 45.7983963),FALSE,2022,22,Invasive Alien Species in Europe,https://easin.jrc.ec.europa.eu/ias/speciesreport/details/6310bec28d5f7ca8dbea084b,2025-07-11T16:39:31.517
[WGS84 - EPSG:4326],Ailanthus altissima,E751F1FE-645E-F011-9112-08F1EAD81ED0,139946797,R00460,IT,POINT (8.7097362 45.8374942),FALSE,2022,22,Invasive Alien Species in Europe,https://easin.jrc.ec.europa.eu/ias/speciesreport/details/631717402f934d53a39b27af,2025-07-11T16:39:31.517
[WGS84 - EPSG:4326],Lepomis gibbosus,F351F1FE-645E-F011-9112-08F1EAD81ED0,139946805,R08376,BG,POINT (23.4214209871989 42.5880819536936),FALSE,2022,22,Invasive Alien Species in Europe,https://easin.jrc.ec.europa.eu/ias/speciesreport/details/6288c286ace2b39c9ee26e40,2025-07-11T16:39:31.517
[WGS84 - EPSG:4326],Procambarus clarkii,FC51F1FE-645E-F011-9112-08F1EAD81ED0,139946813,R12250,ES,POINT (-1.0441005 39.7700743),FALSE,2022,22,Invasive Alien Species in Europe,https://easin.jrc.ec.europa.eu/ias/speciesreport/details/629b7bb8f1f4fdc7bf21dacf,2025-07-11T16:39:31.517
[WGS84 - EPSG:4326],Micropterus salmoides,FD51F1FE-645E-F011-9112-08F1EAD81ED0,139946821,R09442,ES,POINT (-0.1739351 39.7765539),FALSE,2022,22,Invasive Alien Species in Europe,https://easin.jrc.ec.europa.eu/ias/speciesreport/details/62b17d163dac78588a2ad6bb,2025-07-11T16:39:31.517
[WGS84 - EPSG:4326],Elodea nuttallii,1E52F1FE-645E-F011-9112-08F1EAD81ED0,139946829,R05501,BG,POINT (23.4223794937134 42.5887539802521),FALSE,2022,22,Invasive Alien Species in Europe,https://easin.jrc.ec.europa.eu/ias/speciesreport/details/627e6cc4ace2b39c9ee26e29,2025-07-11T16:39:31.517
[WGS84 - EPSG:4326],Yucca gloriosa,2252F1FE-645E-F011-9112-08F1EAD81ED0,139946837,R16289,MT,POINT (14.5678943 35.8718327),FALSE,2022,22,Invasive Alien Species in Europe,https://easin.jrc.ec.europa.eu/ias/speciesreport/details/63a1dbb24ccd5e7a5a2b7c41,2025-07-11T16:39:31.517
[WGS84 - EPSG:4326],Lepomis gibbosus,2352F1FE-645E-F011-9112-08F1EAD81ED0,139946845,R08376,BG,POINT (23.4225940704346 42.5883748323683),FALSE,2022,22,Invasive Alien Species in Europe,https://easin.jrc.ec.europa.eu/ias/speciesreport/details/627f3a03ace2b39c9ee26e2b,2025-07-11T16:39:31.517
[WGS84 - EPSG:4326],Cyprinus carpio,0852F1FE-645E-F011-9112-08F1EAD81ED0,139946853,R04750,ES,POINT (-0.335769653320313 39.202861294875),FALSE,2022,22,Invasive Alien Species in Europe,https://easin.jrc.ec.europa.eu/ias/speciesreport/details/62a768d9c92ab31a0025b2ea,2025-07-11T16:39:31.517
[WGS84 - EPSG:4326],Ludwigia grandiflora,0A52F1FE-645E-F011-9112-08F1EAD81ED0,139946861,R17663,ES,POINT (-4.82292141237849 41.5882336584231),FALSE,2022,22,Invasive Alien Species in Europe,https://easin.jrc.ec.europa.eu/ias/speciesreport/details/63285238247d74788fd926dd,2025-07-11T16:39:31.517
[WGS84 - EPSG:4326],Alternanthera philoxeroides,0F52F1FE-645E-F011-9112-08F1EAD81ED0,139946869,R00669,ES,POINT (-5.9890983 37.4148849997222),FALSE,2022,22,Invasive Alien Species in Europe,https://easin.jrc.ec.europa.eu/ias/speciesreport/details/6364b4a06e40c2fc8d6574bb,2025-07-11T16:39:31.517
[WGS84 - EPSG:4326],Ailanthus altissima,1052F1FE-645E-F011-9112-08F1EAD81ED0,139946877,R00460,IT,POINT (8.7732285 45.7897304),FALSE,2022,22,Invasive Alien Species in Europe,https://easin.jrc.ec.europa.eu/ias/speciesreport/details/631707772f934d53a39b27a9,2025-07-11T16:39:31.517
[WGS84 - EPSG:4326],Ailanthus altissima,1652F1FE-645E-F011-9112-08F1EAD81ED0,139946885,R00460,IT,POINT (8.8159841 45.8429531),FALSE,2022,22,Invasive Alien Species in Europe,https://easin.jrc.ec.europa.eu/ias/speciesreport/details/6316f4222f934d53a39b2799,2025-07-11T16:39:31.517
[WGS84 - EPSG:4326],Micropterus salmoides,1752F1FE-645E-F011-9112-08F1EAD81ED0,139946893,R09442,ES,POINT (-0.165846804229659 38.9976651979586),FALSE,2022,22,Invasive Alien Species in Europe,https://easin.jrc.ec.europa.eu/ias/speciesreport/details/62b20fc66f4ce42ba54e94e5,2025-07-11T16:39:31.517
[WGS84 - EPSG:4326],Lepomis gibbosus,0652F1FE-645E-F011-9112-08F1EAD81ED0,139946901,R08376,ES,POINT (-4.56571 40.4216029722222),FALSE,2022,22,Invasive Alien Species in Europe,https://easin.jrc.ec.europa.eu/ias/speciesreport/details/62a4d9c1fa19f2a4655c92b7,2025-07-11T16:39:31.517
[WGS84 - EPSG:4326],Lepomis gibbosus,9E52F1FE-645E-F011-9112-08F1EAD81ED0,139946909,R08376,BG,POINT (23.4241619722222 42.587912),FALSE,2022,22,Invasive Alien Species in Europe,https://easin.jrc.ec.europa.eu/ias/speciesreport/details/6288ba74ace2b39c9ee26e3c,2025-07-11T16:39:31.517
[WGS84 - EPSG:4326],Phytolacca americana,AB52F1FE-645E-F011-9112-08F1EAD81ED0,139946917,R11485,BG,POINT (25.2205944061111 42.1065444944444),FALSE,2022,22,Invasive Alien Species in Europe,https://easin.jrc.ec.europa.eu/ias/speciesreport/details/6341390bbbac7c435b17e3f9,2025-07-11T16:39:31.517
[WGS84 - EPSG:4326],Arundo donax,AC52F1FE-645E-F011-9112-08F1EAD81ED0,139946925,R01515,ES,POINT (-0.1739351 39.7765539),FALSE,2022,22,Invasive Alien Species in Europe,https://easin.jrc.ec.europa.eu/ias/speciesreport/details/62b17da13dac78588a2ad6be,2025-07-11T16:39:31.517
[WGS84 - EPSG:4326],Ailanthus altissima,A752F1FE-645E-F011-9112-08F1EAD81ED0,139946933,R00460,IT,POINT (8.7338715 45.842127),FALSE,2022,22,Invasive Alien Species in Europe,https://easin.jrc.ec.europa.eu/ias/speciesreport/details/630f047c8d5f7ca8dbea083e,2025-07-11T16:39:31.517
[WGS84 - EPSG:4326],Callinectes sapidus,A852F1FE-645E-F011-9112-08F1EAD81ED0,139946941,R02554,ES,POINT (-0.334010124206543 39.426746058454),FALSE,2022,22,Invasive Alien Species in Europe,https://easin.jrc.ec.europa.eu/ias/speciesreport/details/6299b395f1f4fdc7bf21dac3,2025-07-11T16:39:31.517
[WGS84 - EPSG:4326],Corbicula fluminea,A952F1FE-645E-F011-9112-08F1EAD81ED0,139946949,R04013,BG,POINT (23.4159736630556 42.7503051755556),FALSE,2022,22,Invasive Alien Species in Europe,https://easin.jrc.ec.europa.eu/ias/speciesreport/details/635b0674d19b81fba84bc15d,2025-07-11T16:39:31.517
[WGS84 - EPSG:4326],Ailanthus altissima,9C52F1FE-645E-F011-9112-08F1EAD81ED0,139946957,R00460,IT,POINT (8.7067122 45.6776089),FALSE,2022,22,Invasive Alien Species in Europe,https://easin.jrc.ec.europa.eu/ias/speciesreport/details/6322e6766a4c1405979f3c1d,2025-07-11T16:39:31.517
[WGS84 - EPSG:4326],Ailanthus altissima,A352F1FE-645E-F011-9112-08F1EAD81ED0,139946965,R00460,BG,POINT (23.3308668 42.6598526),FALSE,2022,22,Invasive Alien Species in Europe,https://easin.jrc.ec.europa.eu/ias/speciesreport/details/628ccfa99f2af7dc30dfbb7c,2025-07-11T16:39:31.517
[WGS84 - EPSG:4326],Lepomis gibbosus,A452F1FE-645E-F011-9112-08F1EAD81ED0,139946973,R08376,BG,POINT (23.4238853101488 42.5878538904457),FALSE,2022,22,Invasive Alien Species in Europe,https://easin.jrc.ec.europa.eu/ias/speciesreport/details/62894b56ace2b39c9ee26e49,2025-07-11T16:39:31.517
[WGS84 - EPSG:4326],Sinanodonta woodiana,A552F1FE-645E-F011-9112-08F1EAD81ED0,139946981,R14111,BG,POINT (24.7000064847222 42.1344451902778),FALSE,2022,22,Invasive Alien Species in Europe,https://easin.jrc.ec.europa.eu/ias/speciesreport/details/63413970bbac7c435b17e3fa,2025-07-11T16:39:31.517
[WGS84 - EPSG:4326],Ailanthus altissima,B652F1FE-645E-F011-9112-08F1EAD81ED0,139946989,R00460,IT,POINT (8.8147709 45.8234412),FALSE,2022,22,Invasive Alien Species in Europe,https://easin.jrc.ec.europa.eu/ias/speciesreport/details/6315fef72f934d53a39b278d,2025-07-11T16:39:31.517
[WGS84 - EPSG:4326],Ailanthus altissima,B752F1FE-645E-F011-9112-08F1EAD81ED0,139946997,R00460,IT,POINT (8.7727597 45.665051),FALSE,2022,22,Invasive Alien Species in Europe,https://easin.jrc.ec.europa.eu/ias/speciesreport/details/6322d270079496b951c594a3,2025-07-11T16:39:31.517
[WGS84 - EPSG:4326],Azolla filiculoides,BD52F1FE-645E-F011-9112-08F1EAD81ED0,139947005,R01826,ES,POINT (-0.4176728 39.3378732),FALSE,2022,22,Invasive Alien Species in Europe,https://easin.jrc.ec.europa.eu/ias/speciesreport/details/629e1117f1f4fdc7bf21dada,2025-07-11T16:39:31.517
[WGS84 - EPSG:4326],Trachemys scripta,BB52F1FE-645E-F011-9112-08F1EAD81ED0,139947013,R18154,BG,POINT (23.7807809410879 42.3112143112445),FALSE,2022,22,Invasive Alien Species in Europe,https://easin.jrc.ec.europa.eu/ias/speciesreport/details/62f64b4dfdeaaa18ae203b50,2025-07-11T16:39:31.517
[WGS84 - EPSG:4326],Ailanthus altissima,B252F1FE-645E-F011-9112-08F1EAD81ED0,139947021,R00460,IT,POINT (8.7732952 45.7896998),FALSE,2022,22,Invasive Alien Species in Europe,https://easin.jrc.ec.europa.eu/ias/speciesreport/details/631708a52f934d53a39b27aa,2025-07-11T16:39:31.517
[WGS84 - EPSG:4326],Ailanthus altissima,B952F1FE-645E-F011-9112-08F1EAD81ED0,139947029,R00460,IT,POINT (8.8096182 45.8272421),FALSE,2022,22,Invasive Alien Species in Europe,https://easin.jrc.ec.europa.eu/ias/speciesreport/details/6311b9ee8d5f7ca8dbea086d,2025-07-11T16:39:31.517
[WGS84 - EPSG:4326],Ailanthus altissima,9052F1FE-645E-F011-9112-08F1EAD81ED0,139947037,R00460,IT,POINT (13.5499095 43.3974506),FALSE,2022,22,Invasive Alien Species in Europe,https://easin.jrc.ec.europa.eu/ias/speciesreport/details/62a5cdba5f0c430ec091e885,2025-07-11T16:39:31.517
[WGS84 - EPSG:4326],Impatiens glandulifera,9652F1FE-645E-F011-9112-08F1EAD81ED0,139947045,R07719,IT,POINT (8.8804285 45.806027),FALSE,2022,22,Invasive Alien Species in Europe,https://easin.jrc.ec.europa.eu/ias/speciesreport/details/63208fcf079496b951c59492,2025-07-11T16:39:31.517
[WGS84 - EPSG:4326],Impatiens glandulifera,7D52F1FE-645E-F011-9112-08F1EAD81ED0,139947053,R07719,IT,POINT (8.8755038 45.7992697),FALSE,2022,22,Invasive Alien Species in Europe,https://easin.jrc.ec.europa.eu/ias/speciesreport/details/63208c3d079496b951c5948e,2025-07-11T16:39:31.517
[WGS84 - EPSG:4326],Ailanthus altissima,7F52F1FE-645E-F011-9112-08F1EAD81ED0,139947061,R00460,IT,POINT (8.6611692 45.8404935),FALSE,2022,22,Invasive Alien Species in Europe,https://easin.jrc.ec.europa.eu/ias/speciesreport/details/631063438d5f7ca8dbea0848,2025-07-11T16:39:31.517
[WGS84 - EPSG:4326],Alburnus alburnus,C552F1FE-645E-F011-9112-08F1EAD81ED0,139947069,R00481,ES,POINT (-3.7023011 40.786339),FALSE,2022,22,Invasive Alien Species in Europe,https://easin.jrc.ec.europa.eu/ias/speciesreport/details/62a75f6ac92ab31a0025b2e7,2025-07-11T16:39:31.517
[WGS84 - EPSG:4326],Ailanthus altissima,C652F1FE-645E-F011-9112-08F1EAD81ED0,139947077,R00460,IT,POINT (8.67050110050514 45.8940505138668),FALSE,2022,22,Invasive Alien Species in Europe,https://easin.jrc.ec.europa.eu/ias/speciesreport/details/6319a1592f934d53a39b27bd,2025-07-11T16:39:31.517
[WGS84 - EPSG:4326],Ailanthus altissima,C052F1FE-645E-F011-9112-08F1EAD81ED0,139947085,R00460,IT,POINT (8.6674273 45.8945235),FALSE,2022,22,Invasive Alien Species in Europe,https://easin.jrc.ec.europa.eu/ias/speciesreport/details/6319a8ed2f934d53a39b27c4,2025-07-11T16:39:31.517
[WGS84 - EPSG:4326],Carassius auratus,C152F1FE-645E-F011-9112-08F1EAD81ED0,139947093,R02742,ES,POINT (-0.307150637672748 39.1888299614239),FALSE,2022,22,Invasive Alien Species in Europe,https://easin.jrc.ec.europa.eu/ias/speciesreport/details/62a76809c92ab31a0025b2e8,2025-07-11T16:39:31.517
[WGS84 - EPSG:4326],Ailanthus altissima,C252F1FE-645E-F011-9112-08F1EAD81ED0,139947101,R00460,IT,POINT (8.6673988 45.8944198),FALSE,2022,22,Invasive Alien Species in Europe,https://easin.jrc.ec.europa.eu/ias/speciesreport/details/6319a6ca2f934d53a39b27c3,2025-07-11T16:39:31.517
[WGS84 - EPSG:4326],Fallopia baldschuanica,C352F1FE-645E-F011-9112-08F1EAD81ED0,139947109,R18445,FR,POINT (0.7108899 42.8101065997222),FALSE,2022,22,Invasive Alien Species in Europe,https://easin.jrc.ec.europa.eu/ias/speciesreport/details/62cac47b5c103510337ed71f,2025-07-11T16:39:31.517
[WGS84 - EPSG:4326],Impatiens glandulifera,C952F1FE-645E-F011-9112-08F1EAD81ED0,139947117,R07719,IT,POINT (8.8590826 45.7969659),FALSE,2022,22,Invasive Alien Species in Europe,https://easin.jrc.ec.europa.eu/ias/speciesreport/details/63208995079496b951c5948d,2025-07-11T16:39:31.517
[WGS84 - EPSG:4326],Ailanthus altissima,CA52F1FE-645E-F011-9112-08F1EAD81ED0,139947125,R00460,IT,POINT (8.644829 45.8188772),FALSE,2022,22,Invasive Alien Species in Europe,https://easin.jrc.ec.europa.eu/ias/speciesreport/details/62ecc17cf1eeb00973292661,2025-07-11T16:39:31.517
[WGS84 - EPSG:4326],Ailanthus altissima,D052F1FE-645E-F011-9112-08F1EAD81ED0,139947133,R00460,IT,POINT (8.8078167 45.8253832),FALSE,2022,22,Invasive Alien Species in Europe,https://easin.jrc.ec.europa.eu/ias/speciesreport/details/6311bb518d5f7ca8dbea086f,2025-07-11T16:39:31.517
[WGS84 - EPSG:4326],Ailanthus altissima,E352F1FE-645E-F011-9112-08F1EAD81ED0,139947141,R00460,IT,POINT (8.8740472 45.7717354),FALSE,2022,22,Invasive Alien Species in Europe,https://easin.jrc.ec.europa.eu/ias/speciesreport/details/632c0d2163bb55410c8bb993,2025-07-11T16:39:31.517
[WGS84 - EPSG:4326],Ailanthus altissima,E552F1FE-645E-F011-9112-08F1EAD81ED0,139947149,R00460,IT,POINT (8.6793845 45.7360944),FALSE,2022,22,Invasive Alien Species in Europe,https://easin.jrc.ec.europa.eu/ias/speciesreport/details/6322f1816a4c1405979f3c23,2025-07-11T16:39:31.517
[WGS84 - EPSG:4326],Ailanthus altissima,E652F1FE-645E-F011-9112-08F1EAD81ED0,139947157,R00460,IT,POINT (8.73996734619141 45.6544581309459),FALSE,2022,22,Invasive Alien Species in Europe,https://easin.jrc.ec.europa.eu/ias/speciesreport/details/6322d79a6a4c1405979f3c0e,2025-07-11T16:39:31.517
[WGS84 - EPSG:4326],Gambusia holbrooki,E752F1FE-645E-F011-9112-08F1EAD81ED0,139947165,R06574,ES,POINT (-0.4114872 39.2084075),FALSE,2022,22,Invasive Alien Species in Europe,https://easin.jrc.ec.europa.eu/ias/speciesreport/details/629f3955f1f4fdc7bf21dae7,2025-07-11T16:39:31.517
[WGS84 - EPSG:4326],Ailanthus altissima,DA52F1FE-645E-F011-9112-08F1EAD81ED0,139947173,R00460,IT,POINT (8.8050043 45.7727706),FALSE,2022,22,Invasive Alien Species in Europe,https://easin.jrc.ec.europa.eu/ias/speciesreport/details/6322bd61079496b951c5949c,2025-07-11T16:39:31.517
[WGS84 - EPSG:4326],Ailanthus altissima,D352F1FE-645E-F011-9112-08F1EAD81ED0,139947181,R00460,IT,POINT (8.8075231 45.8105871),FALSE,2022,22,Invasive Alien Species in Europe,https://easin.jrc.ec.europa.eu/ias/speciesreport/details/6316ff6f2f934d53a39b27a3,2025-07-11T16:39:31.517
[WGS84 - EPSG:4326],Cylindropuntia imbricata,DD52F1FE-645E-F011-9112-08F1EAD81ED0,139947189,R18939,ES,POINT (-1.33166758479959 38.4058655470707),FALSE,2022,22,Invasive Alien Species in Europe,https://easin.jrc.ec.europa.eu/ias/speciesreport/details/636e3ef0598ba69d8442b65e,2025-07-11T16:39:31.517
[WGS84 - EPSG:4326],Esox lucius,EC52F1FE-645E-F011-9112-08F1EAD81ED0,139947197,R05980,ES,POINT (-1.12760066986084 39.7862796753851),FALSE,2022,22,Invasive Alien Species in Europe,https://easin.jrc.ec.europa.eu/ias/speciesreport/details/629bbdf9f1f4fdc7bf21dad3,2025-07-11T16:39:31.517
[WGS84 - EPSG:4326],Ailanthus altissima,ED52F1FE-645E-F011-9112-08F1EAD81ED0,139947205,R00460,IT,POINT (8.8237189 45.8223306),FALSE,2022,22,Invasive Alien Species in Europe,https://easin.jrc.ec.europa.eu/ias/speciesreport/details/6295b9009f2af7dc30dfbb85,2025-07-11T16:39:31.517
[WGS84 - EPSG:4326],Ailanthus altissima,EE52F1FE-645E-F011-9112-08F1EAD81ED0,139947213,R00460,IT,POINT (8.8346734 45.797053),FALSE,2022,22,Invasive Alien Species in Europe,https://easin.jrc.ec.europa.eu/ias/speciesreport/details/63207b4b079496b951c59488,2025-07-11T16:39:31.517
[WGS84 - EPSG:4326],Ailanthus altissima,E052F1FE-645E-F011-9112-08F1EAD81ED0,139947221,R00460,IT,POINT (8.7992886 45.8326311),FALSE,2022,22,Invasive Alien Species in Europe,https://easin.jrc.ec.europa.eu/ias/speciesreport/details/63248d07c09991bfd4e9e1a5,2025-07-11T16:39:31.517
[WGS84 - EPSG:4326],Myocastor coypus,F952F1FE-645E-F011-9112-08F1EAD81ED0,139947229,R09720,IT,POINT (12.0458221435547 41.9624898137624),FALSE,2022,22,Invasive Alien Species in Europe,https://easin.jrc.ec.europa.eu/ias/speciesreport/details/62655e4a2d65e7312cc0bee4,2025-07-11T16:39:31.517
[WGS84 - EPSG:4326],Ailanthus altissima,F652F1FE-645E-F011-9112-08F1EAD81ED0,139947237,R00460,IT,POINT (8.6505245 45.8940074),FALSE,2022,22,Invasive Alien Species in Europe,https://easin.jrc.ec.europa.eu/ias/speciesreport/details/6319ac5b2f934d53a39b27c8,2025-07-11T16:39:31.517
[WGS84 - EPSG:4326],Ailanthus altissima,F352F1FE-645E-F011-9112-08F1EAD81ED0,139947245,R00460,IT,POINT (8.8167517 45.7835313),FALSE,2022,22,Invasive Alien Species in Europe,https://easin.jrc.ec.europa.eu/ias/speciesreport/details/6322bb78079496b951c5949b,2025-07-11T16:39:31.517
[WGS84 - EPSG:4326],Lepomis gibbosus,0153F1FE-645E-F011-9112-08F1EAD81ED0,139947253,R08376,ES,POINT (-4.56573797222222 40.4215969722222),FALSE,2022,22,Invasive Alien Species in Europe,https://easin.jrc.ec.europa.eu/ias/speciesreport/details/62a4df01fa19f2a4655c92b8,2025-07-11T16:39:31.517
[WGS84 - EPSG:4326],Myiopsitta monachus,FD52F1FE-645E-F011-9112-08F1EAD81ED0,139947261,R09715,ES,POINT (-3.716092 40.3879937),FALSE,2022,22,Invasive Alien Species in Europe,https://easin.jrc.ec.europa.eu/ias/speciesreport/details/629845baf1f4fdc7bf21dac1,2025-07-11T16:39:31.517
[WGS84 - EPSG:4326],Lepomis gibbosus,FE52F1FE-645E-F011-9112-08F1EAD81ED0,139947269,R08376,ES,POINT (-0.3196366 39.3127138),FALSE,2022,22,Invasive Alien Species in Europe,https://easin.jrc.ec.europa.eu/ias/speciesreport/details/62b03ca43dac78588a2ad6b5,2025-07-11T16:39:31.517
[WGS84 - EPSG:4326],Ailanthus altissima,0C53F1FE-645E-F011-9112-08F1EAD81ED0,139947277,R00460,IT,POINT (8.7096088 45.6809889),FALSE,2022,22,Invasive Alien Species in Europe,https://easin.jrc.ec.europa.eu/ias/speciesreport/details/6322e3c86a4c1405979f3c19,2025-07-11T16:39:31.517
[WGS84 - EPSG:4326],Dreissena polymorpha,EE50F1FE-645E-F011-9112-08F1EAD81ED0,139947285,R05292,ES,POINT (-0.388898849814723 39.2928417512954),FALSE,2022,22,Invasive Alien Species in Europe,https://easin.jrc.ec.europa.eu/ias/speciesreport/details/62a76a25c92ab31a0025b2eb,2025-07-11T16:39:31.517
[WGS84 - EPSG:4326],Fallopia baldschuanica,EF50F1FE-645E-F011-9112-08F1EAD81ED0,139947293,R18445,PL,POINT (20.069908 49.0864925997222),FALSE,2022,22,Invasive Alien Species in Europe,https://easin.jrc.ec.europa.eu/ias/speciesreport/details/63394d815b04d206d148a0d9,2025-07-11T16:39:31.517
[WGS84 - EPSG:4326],Ailanthus altissima,EC50F1FE-645E-F011-9112-08F1EAD81ED0,139947301,R00460,IT,POINT (8.8238958 45.8177732),FALSE,2022,22,Invasive Alien Species in Europe,https://easin.jrc.ec.europa.eu/ias/speciesreport/details/62ef7a0ff1eeb00973292662,2025-07-11T16:39:31.517
[WGS84 - EPSG:4326],Arundo donax,E250F1FE-645E-F011-9112-08F1EAD81ED0,139947309,R01515,ES,POINT (-1.2164711895243 37.995143457499),FALSE,2022,22,Invasive Alien Species in Europe,https://easin.jrc.ec.europa.eu/ias/speciesreport/details/6378b54c11845ea53a6e6feb,2025-07-11T16:39:31.517
[WGS84 - EPSG:4326],Ailanthus altissima,E850F1FE-645E-F011-9112-08F1EAD81ED0,139947317,R00460,IT,POINT (8.8190838 45.8167805),FALSE,2022,22,Invasive Alien Species in Europe,https://easin.jrc.ec.europa.eu/ias/speciesreport/details/63206d77079496b951c5947c,2025-07-11T16:39:31.517
[WGS84 - EPSG:4326],Ailanthus altissima,E650F1FE-645E-F011-9112-08F1EAD81ED0,139947325,R00460,IT,POINT (8.8091424 45.817963),FALSE,2022,22,Invasive Alien Species in Europe,https://easin.jrc.ec.europa.eu/ias/speciesreport/details/6311c5158d5f7ca8dbea0877,2025-07-11T16:39:31.517
[WGS84 - EPSG:4326],Ailanthus altissima,D150F1FE-645E-F011-9112-08F1EAD81ED0,139947333,R00460,IT,POINT (8.8225603 45.828642),FALSE,2022,22,Invasive Alien Species in Europe,https://easin.jrc.ec.europa.eu/ias/speciesreport/details/6311a7028d5f7ca8dbea085b,2025-07-11T16:39:31.517
[WGS84 - EPSG:4326],Ailanthus altissima,D950F1FE-645E-F011-9112-08F1EAD81ED0,139947341,R00460,IT,POINT (8.8074569 45.8105709),FALSE,2022,22,Invasive Alien Species in Europe,https://easin.jrc.ec.europa.eu/ias/speciesreport/details/6316fe302f934d53a39b27a2,2025-07-11T16:39:31.517
[WGS84 - EPSG:4326],Ailanthus altissima,DA50F1FE-645E-F011-9112-08F1EAD81ED0,139947349,R00460,IT,POINT (8.8225011 45.828563),FALSE,2022,22,Invasive Alien Species in Europe,https://easin.jrc.ec.europa.eu/ias/speciesreport/details/6311a1ae8d5f7ca8dbea0854,2025-07-11T16:39:31.517
[WGS84 - EPSG:4326],Ailanthus altissima,B850F1FE-645E-F011-9112-08F1EAD81ED0,139947357,R00460,IT,POINT (8.8040352 45.8253796),FALSE,2022,22,Invasive Alien Species in Europe,https://easin.jrc.ec.europa.eu/ias/speciesreport/details/631f31d2079496b951c59475,2025-07-11T16:39:31.517
[WGS84 - EPSG:4326],Dreissena polymorpha,AE50F1FE-645E-F011-9112-08F1EAD81ED0,139947365,R05292,BG,POINT (23.3284431303036 42.8383985516086),FALSE,2022,22,Invasive Alien Species in Europe,https://easin.jrc.ec.europa.eu/ias/speciesreport/details/627f88a6ace2b39c9ee26e2d,2025-07-11T16:39:31.517
[WGS84 - EPSG:4326],Alburnus alburnus,A250F1FE-645E-F011-9112-08F1EAD81ED0,139947373,R00481,ES,POINT (-4.7430609 41.6292712),FALSE,2022,22,Invasive Alien Species in Europe,https://easin.jrc.ec.europa.eu/ias/speciesreport/details/62af70883dac78588a2ad6b1,2025-07-11T16:39:31.517
[WGS84 - EPSG:4326],Micropterus salmoides,C250F1FE-645E-F011-9112-08F1EAD81ED0,139947381,R09442,ES,POINT (-0.570648239809088 40.0950923347319),FALSE,2022,22,Invasive Alien Species in Europe,https://easin.jrc.ec.europa.eu/ias/speciesreport/details/62a9fce3c92ab31a0025b2f7,2025-07-11T16:39:31.517
[WGS84 - EPSG:4326],Myiopsitta monachus,CD50F1FE-645E-F011-9112-08F1EAD81ED0,139947389,R09715,ES,POINT (-3.7341848 40.3702188),FALSE,2022,22,Invasive Alien Species in Europe,https://easin.jrc.ec.europa.eu/ias/speciesreport/details/62b99b5ee286802e41d2463a,2025-07-11T16:39:31.517
[WGS84 - EPSG:4326],Misgurnus anguillicaudatus,C650F1FE-645E-F011-9112-08F1EAD81ED0,139947397,R09519,ES,POINT (-0.3186487 39.3126981),FALSE,2022,22,Invasive Alien Species in Europe,https://easin.jrc.ec.europa.eu/ias/speciesreport/details/629e0a16f1f4fdc7bf21dad9,2025-07-11T16:39:31.517
[WGS84 - EPSG:4326],Ailanthus altissima,BC50F1FE-645E-F011-9112-08F1EAD81ED0,139947405,R00460,IT,POINT (8.7040944 45.6544789),FALSE,2022,22,Invasive Alien Species in Europe,https://easin.jrc.ec.europa.eu/ias/speciesreport/details/6322df646a4c1405979f3c15,2025-07-11T16:39:31.517
[WGS84 - EPSG:4326],Arundo donax,3C51F1FE-645E-F011-9112-08F1EAD81ED0,139947413,R01515,ES,POINT (-0.3196361 39.3127143),FALSE,2022,22,Invasive Alien Species in Europe,https://easin.jrc.ec.europa.eu/ias/speciesreport/details/629dff3bf1f4fdc7bf21dad8,2025-07-11T16:39:31.517
[WGS84 - EPSG:4326],Gambusia holbrooki,3851F1FE-645E-F011-9112-08F1EAD81ED0,139947421,R06574,BG,POINT (23.1078207492828 42.8764043949749),FALSE,2022,22,Invasive Alien Species in Europe,https://easin.jrc.ec.europa.eu/ias/speciesreport/details/628c906c9f2af7dc30dfbb79,2025-07-11T16:39:31.517
[WGS84 - EPSG:4326],Ricinus communis,3551F1FE-645E-F011-9112-08F1EAD81ED0,139947429,R13044,MT,POINT (14.5157454 35.871733999999996),FALSE,2022,22,Invasive Alien Species in Europe,https://easin.jrc.ec.europa.eu/ias/speciesreport/details/6272ad4304666a07594de6df,2025-07-11T16:39:31.517
[WGS84 - EPSG:4326],Ailanthus altissima,3651F1FE-645E-F011-9112-08F1EAD81ED0,139947437,R00460,IT,POINT (8.814119 45.8234648),FALSE,2022,22,Invasive Alien Species in Europe,https://easin.jrc.ec.europa.eu/ias/speciesreport/details/6315fe402f934d53a39b278c,2025-07-11T16:39:31.517
[WGS84 - EPSG:4326],Ailanthus altissima,3151F1FE-645E-F011-9112-08F1EAD81ED0,139947445,R00460,IT,POINT (8.8048103 45.8404874),FALSE,2022,22,Invasive Alien Species in Europe,https://easin.jrc.ec.europa.eu/ias/speciesreport/details/632490b5c09991bfd4e9e1aa,2025-07-11T16:39:31.517
[WGS84 - EPSG:4326],Ailanthus altissima,3351F1FE-645E-F011-9112-08F1EAD81ED0,139947453,R00460,IT,POINT (8.8079537 45.804866),FALSE,2022,22,Invasive Alien Species in Europe,https://easin.jrc.ec.europa.eu/ias/speciesreport/details/631700ce2f934d53a39b27a5,2025-07-11T16:39:31.517
[WGS84 - EPSG:4326],Ailanthus altissima,2851F1FE-645E-F011-9112-08F1EAD81ED0,139947461,R00460,IT,POINT (8.8220175 45.8283696),FALSE,2022,22,Invasive Alien Species in Europe,https://easin.jrc.ec.europa.eu/ias/speciesreport/details/6311a21e8d5f7ca8dbea0855,2025-07-11T16:39:31.517
[WGS84 - EPSG:4326],Lepomis gibbosus,2E51F1FE-645E-F011-9112-08F1EAD81ED0,139947469,R08376,BG,POINT (23.4237989 42.5867475),FALSE,2022,22,Invasive Alien Species in Europe,https://easin.jrc.ec.europa.eu/ias/speciesreport/details/6288c4e3ace2b39c9ee26e41,2025-07-11T16:39:31.517
[WGS84 - EPSG:4326],Ailanthus altissima,2051F1FE-645E-F011-9112-08F1EAD81ED0,139947477,R00460,IT,POINT (8.8227647 45.8280074),FALSE,2022,22,Invasive Alien Species in Europe,https://easin.jrc.ec.europa.eu/ias/speciesreport/details/6311a6108d5f7ca8dbea085a,2025-07-11T16:39:31.517
[WGS84 - EPSG:4326],Myiopsitta monachus,1D51F1FE-645E-F011-9112-08F1EAD81ED0,139947485,R09715,ES,POINT (-3.7251379 40.3871133),FALSE,2022,22,Invasive Alien Species in Europe,https://easin.jrc.ec.europa.eu/ias/speciesreport/details/62973941f1f4fdc7bf21dabb,2025-07-11T16:39:31.517
[WGS84 - EPSG:4326],Lepomis gibbosus,2551F1FE-645E-F011-9112-08F1EAD81ED0,139947493,R08376,BG,POINT (23.421402 42.5882069722222),FALSE,2022,22,Invasive Alien Species in Europe,https://easin.jrc.ec.europa.eu/ias/speciesreport/details/627e65faace2b39c9ee26e23,2025-07-11T16:39:31.517
[WGS84 - EPSG:4326],Procambarus clarkii,1051F1FE-645E-F011-9112-08F1EAD81ED0,139947501,R12250,ES,POINT (-0.1941396 39.7700835),FALSE,2022,22,Invasive Alien Species in Europe,https://easin.jrc.ec.europa.eu/ias/speciesreport/details/62b18d883dac78588a2ad6c1,2025-07-11T16:39:31.517
[WGS84 - EPSG:4326],Ailanthus altissima,1151F1FE-645E-F011-9112-08F1EAD81ED0,139947509,R00460,IT,POINT (13.5498297 43.4037688),FALSE,2022,22,Invasive Alien Species in Europe,https://easin.jrc.ec.europa.eu/ias/speciesreport/details/62a613ca5f0c430ec091e886,2025-07-11T16:39:31.517
[WGS84 - EPSG:4326],Ailanthus altissima,1751F1FE-645E-F011-9112-08F1EAD81ED0,139947517,R00460,IT,POINT (8.7139271 45.8167149),FALSE,2022,22,Invasive Alien Species in Europe,https://easin.jrc.ec.europa.eu/ias/speciesreport/details/631710b62f934d53a39b27ab,2025-07-11T16:39:31.517
[WGS84 - EPSG:4326],Ailanthus altissima,1851F1FE-645E-F011-9112-08F1EAD81ED0,139947525,R00460,IT,POINT (8.6102963 45.8775255),FALSE,2022,22,Invasive Alien Species in Europe,https://easin.jrc.ec.europa.eu/ias/speciesreport/details/6319b8972f934d53a39b27d6,2025-07-11T16:39:31.517
[WGS84 - EPSG:4326],Faxonius limosus,0951F1FE-645E-F011-9112-08F1EAD81ED0,139947533,R10443,IT,POINT (11.2191748147234 46.0857417588979),FALSE,2022,22,Invasive Alien Species in Europe,https://easin.jrc.ec.europa.eu/ias/speciesreport/details/667c07c146d6df4bc5882d19,2025-07-11T16:39:31.517
[WGS84 - EPSG:4326],Pseudorasbora parva,0351F1FE-645E-F011-9112-08F1EAD81ED0,139947541,R12451,BG,POINT (23.7609171867371 41.5938178717747),FALSE,2022,22,Invasive Alien Species in Europe,https://easin.jrc.ec.europa.eu/ias/speciesreport/details/62ae31553dac78588a2ad6a7,2025-07-11T16:39:31.517
[WGS84 - EPSG:4326],Gambusia holbrooki,F850F1FE-645E-F011-9112-08F1EAD81ED0,139947549,R06574,ES,POINT (-0.3811624 39.4481278),FALSE,2022,22,Invasive Alien Species in Europe,https://easin.jrc.ec.europa.eu/ias/speciesreport/details/62a1ecb3fa19f2a4655c92ab,2025-07-11T16:39:31.517
[WGS84 - EPSG:4326],Cyprinus carpio,EA50F1FE-645E-F011-9112-08F1EAD81ED0,139947557,R04750,ES,POINT (-0.307531356811523 39.1896242972867),FALSE,2022,22,Invasive Alien Species in Europe,https://easin.jrc.ec.europa.eu/ias/speciesreport/details/62a76876c92ab31a0025b2e9,2025-07-11T16:39:31.517
[WGS84 - EPSG:4326],Ailanthus altissima,1A51F1FE-645E-F011-9112-08F1EAD81ED0,139947565,R00460,IT,POINT (8.8198216 45.8272268),FALSE,2022,22,Invasive Alien Species in Europe,https://easin.jrc.ec.europa.eu/ias/speciesreport/details/6311ab0d8d5f7ca8dbea085d,2025-07-11T16:39:31.517
[WGS84 - EPSG:4326],Gambusia holbrooki,4651F1FE-645E-F011-9112-08F1EAD81ED0,139947573,R06574,ES,POINT (-0.2783654 39.2793039),FALSE,2022,22,Invasive Alien Species in Europe,https://easin.jrc.ec.europa.eu/ias/speciesreport/details/62b1cc9849719c03a987d890,2025-07-11T16:39:31.517
[WGS84 - EPSG:4326],Ailanthus altissima,4751F1FE-645E-F011-9112-08F1EAD81ED0,139947581,R00460,IT,POINT (8.6482727 45.824604),FALSE,2022,22,Invasive Alien Species in Europe,https://easin.jrc.ec.europa.eu/ias/speciesreport/details/62ecbfcdf1eeb0097329265f,2025-07-11T16:39:31.517
[WGS84 - EPSG:4326],Ailanthus altissima,4E51F1FE-645E-F011-9112-08F1EAD81ED0,139947589,R00460,ES,POINT (-3.4417471 40.8810264),FALSE,2022,22,Invasive Alien Species in Europe,https://easin.jrc.ec.europa.eu/ias/speciesreport/details/635d390b6e40c2fc8d6574b8,2025-07-11T16:39:31.517
[WGS84 - EPSG:4326],Micropterus salmoides,4F51F1FE-645E-F011-9112-08F1EAD81ED0,139947597,R09442,ES,POINT (-0.1739351 39.7765539),FALSE,2022,22,Invasive Alien Species in Europe,https://easin.jrc.ec.europa.eu/ias/speciesreport/details/62b17cf43dac78588a2ad6ba,2025-07-11T16:39:31.517
[WGS84 - EPSG:4326],Trachemys scripta,6451F1FE-645E-F011-9112-08F1EAD81ED0,139947605,R18154,IT,POINT (12.0468091964722 41.9606389425687),FALSE,2022,22,Invasive Alien Species in Europe,https://easin.jrc.ec.europa.eu/ias/speciesreport/details/62655e422d65e7312cc0bee3,2025-07-11T16:39:31.517
[WGS84 - EPSG:4326],Ailanthus altissima,6551F1FE-645E-F011-9112-08F1EAD81ED0,139947613,R00460,IT,POINT (8.8179563 45.8260862),FALSE,2022,22,Invasive Alien Species in Europe,https://easin.jrc.ec.europa.eu/ias/speciesreport/details/6311ac848d5f7ca8dbea085f,2025-07-11T16:39:31.517
[WGS84 - EPSG:4326],Ailanthus altissima,6751F1FE-645E-F011-9112-08F1EAD81ED0,139947621,R00460,IT,POINT (8.706554 45.6775002),FALSE,2022,22,Invasive Alien Species in Europe,https://easin.jrc.ec.europa.eu/ias/speciesreport/details/6322e9386a4c1405979f3c1e,2025-07-11T16:39:31.517
[WGS84 - EPSG:4326],Gambusia holbrooki,5F51F1FE-645E-F011-9112-08F1EAD81ED0,139947629,R06574,ES,POINT (-0.4150217 39.1924747),FALSE,2022,22,Invasive Alien Species in Europe,https://easin.jrc.ec.europa.eu/ias/speciesreport/details/629f33aff1f4fdc7bf21dae4,2025-07-11T16:39:31.517
[WGS84 - EPSG:4326],Carassius auratus,6051F1FE-645E-F011-9112-08F1EAD81ED0,139947637,R02742,ES,POINT (-0.315294 39.3271706),FALSE,2022,22,Invasive Alien Species in Europe,https://easin.jrc.ec.europa.eu/ias/speciesreport/details/62a0b721fa19f2a4655c92a5,2025-07-11T16:39:31.517
[WGS84 - EPSG:4326],Myiopsitta monachus,6151F1FE-645E-F011-9112-08F1EAD81ED0,139947645,R09715,ES,POINT (-3.6926153 40.4101804),FALSE,2022,22,Invasive Alien Species in Europe,https://easin.jrc.ec.europa.eu/ias/speciesreport/details/6332bf255b04d206d148a0d7,2025-07-11T16:39:31.517
[WGS84 - EPSG:4326],Ailanthus altissima,5751F1FE-645E-F011-9112-08F1EAD81ED0,139947653,R00460,IT,POINT (8.839994 45.8457024),FALSE,2022,22,Invasive Alien Species in Europe,https://easin.jrc.ec.europa.eu/ias/speciesreport/details/63209bf8079496b951c59496,2025-07-11T16:39:31.517
[WGS84 - EPSG:4326],Sander lucioperca,5851F1FE-645E-F011-9112-08F1EAD81ED0,139947661,R13510,ES,POINT (-0.581791618606076 40.104467618757),FALSE,2022,22,Invasive Alien Species in Europe,https://easin.jrc.ec.europa.eu/ias/speciesreport/details/62a9febec92ab31a0025b2fb,2025-07-11T16:39:31.517
[WGS84 - EPSG:4326],Ailanthus altissima,8151F1FE-645E-F011-9112-08F1EAD81ED0,139947669,R00460,IT,POINT (8.6502794 45.8935888),FALSE,2022,22,Invasive Alien Species in Europe,https://easin.jrc.ec.europa.eu/ias/speciesreport/details/6319ad952f934d53a39b27ca,2025-07-11T16:39:31.517
[WGS84 - EPSG:4326],Ailanthus altissima,7E51F1FE-645E-F011-9112-08F1EAD81ED0,139947677,R00460,RS,POINT (21.0961856 44.9226461),FALSE,2022,22,Invasive Alien Species in Europe,https://easin.jrc.ec.europa.eu/ias/speciesreport/details/62820941ace2b39c9ee26e32,2025-07-11T16:39:31.517
[WGS84 - EPSG:4326],Ailanthus altissima,7B51F1FE-645E-F011-9112-08F1EAD81ED0,139947685,R00460,IT,POINT (8.6059523 45.7974024),FALSE,2022,22,Invasive Alien Species in Europe,https://easin.jrc.ec.europa.eu/ias/speciesreport/details/6310bf698d5f7ca8dbea084c,2025-07-11T16:39:31.517
[WGS84 - EPSG:4326],Esox lucius,8D51F1FE-645E-F011-9112-08F1EAD81ED0,139947693,R05980,ES,POINT (-0.938941259519197 39.7059667048143),FALSE,2022,22,Invasive Alien Species in Europe,https://easin.jrc.ec.europa.eu/ias/speciesreport/details/6299b3a9f1f4fdc7bf21dac7,2025-07-11T16:39:31.517
[WGS84 - EPSG:4326],Micropterus salmoides,8551F1FE-645E-F011-9112-08F1EAD81ED0,139947701,R09442,ES,POINT (-0.937887536420021 39.7053857844483),FALSE,2022,22,Invasive Alien Species in Europe,https://easin.jrc.ec.europa.eu/ias/speciesreport/details/6299b3a5f1f4fdc7bf21dac6,2025-07-11T16:39:31.517
[WGS84 - EPSG:4326],Ailanthus altissima,8651F1FE-645E-F011-9112-08F1EAD81ED0,139947709,R00460,IT,POINT (8.6655885 45.8952762),FALSE,2022,22,Invasive Alien Species in Europe,https://easin.jrc.ec.europa.eu/ias/speciesreport/details/6319a2e62f934d53a39b27bf,2025-07-11T16:39:31.517
[WGS84 - EPSG:4326],Ailanthus altissima,6E51F1FE-645E-F011-9112-08F1EAD81ED0,139947717,R00460,IT,POINT (8.833669 45.7989413),FALSE,2022,22,Invasive Alien Species in Europe,https://easin.jrc.ec.europa.eu/ias/speciesreport/details/632078df079496b951c59485,2025-07-11T16:39:31.517
[WGS84 - EPSG:4326],Ailanthus altissima,6B51F1FE-645E-F011-9112-08F1EAD81ED0,139947725,R00460,IT,POINT (8.6520684 45.8953749),FALSE,2022,22,Invasive Alien Species in Europe,https://easin.jrc.ec.europa.eu/ias/speciesreport/details/6319abdd2f934d53a39b27c7,2025-07-11T16:39:31.517
[WGS84 - EPSG:4326],Ailanthus altissima,B051F1FE-645E-F011-9112-08F1EAD81ED0,139947733,R00460,IT,POINT (8.7966857 45.8381226),FALSE,2022,22,Invasive Alien Species in Europe,https://easin.jrc.ec.europa.eu/ias/speciesreport/details/630f001f8d5f7ca8dbea083c,2025-07-11T16:39:31.517
[WGS84 - EPSG:4326],Ailanthus altissima,B151F1FE-645E-F011-9112-08F1EAD81ED0,139947741,R00460,IT,POINT (8.7140907 45.6787171),FALSE,2022,22,Invasive Alien Species in Europe,https://easin.jrc.ec.europa.eu/ias/speciesreport/details/6322ebaf6a4c1405979f3c20,2025-07-11T16:39:31.517
[WGS84 - EPSG:4326],Ailanthus altissima,9D51F1FE-645E-F011-9112-08F1EAD81ED0,139947749,R00460,IT,POINT (8.86562347412109 45.743568608913),FALSE,2022,22,Invasive Alien Species in Europe,https://easin.jrc.ec.europa.eu/ias/speciesreport/details/632c1ac163bb55410c8bb99c,2025-07-11T16:39:31.517
[WGS84 - EPSG:4326],Ailanthus altissima,A151F1FE-645E-F011-9112-08F1EAD81ED0,139947757,R00460,IT,POINT (8.8227205 45.828584),FALSE,2022,22,Invasive Alien Species in Europe,https://easin.jrc.ec.europa.eu/ias/speciesreport/details/6311a14e8d5f7ca8dbea0853,2025-07-11T16:39:31.517
[WGS84 - EPSG:4326],Myocastor coypus,A251F1FE-645E-F011-9112-08F1EAD81ED0,139947765,R09720,BG,POINT (24.7951660155556 42.4629478452778),FALSE,2022,22,Invasive Alien Species in Europe,https://easin.jrc.ec.europa.eu/ias/speciesreport/details/634139c9bbac7c435b17e3fb,2025-07-11T16:39:31.517
[WGS84 - EPSG:4326],Ailanthus altissima,A351F1FE-645E-F011-9112-08F1EAD81ED0,139947773,R00460,IT,POINT (8.7141159 45.8386532),FALSE,2022,22,Invasive Alien Species in Europe,https://easin.jrc.ec.europa.eu/ias/speciesreport/details/631718222f934d53a39b27b1,2025-07-11T16:39:31.517
[WGS84 - EPSG:4326],Cyprinus carpio,9251F1FE-645E-F011-9112-08F1EAD81ED0,139947781,R04750,ES,POINT (-0.3311629 39.2174332),FALSE,2022,22,Invasive Alien Species in Europe,https://easin.jrc.ec.europa.eu/ias/speciesreport/details/62b4847b96b97cf63866213a,2025-07-11T16:39:31.517
[WGS84 - EPSG:4326],Myiopsitta monachus,9B51F1FE-645E-F011-9112-08F1EAD81ED0,139947789,R09715,ES,POINT (-3.776231 40.5192066),FALSE,2022,22,Invasive Alien Species in Europe,https://easin.jrc.ec.europa.eu/ias/speciesreport/details/629a1ec0f1f4fdc7bf21daca,2025-07-11T16:39:31.517
[WGS84 - EPSG:4326],Ailanthus altissima,9851F1FE-645E-F011-9112-08F1EAD81ED0,139947797,R00460,IT,POINT (8.7726822 45.6642073),FALSE,2022,22,Invasive Alien Species in Europe,https://easin.jrc.ec.europa.eu/ias/speciesreport/details/6322d1f4079496b951c594a2,2025-07-11T16:39:31.517
[WGS84 - EPSG:4326],Elodea nuttallii,B951F1FE-645E-F011-9112-08F1EAD81ED0,139947805,R05501,BG,POINT (24.1265003 41.8070178),FALSE,2022,22,Invasive Alien Species in Europe,https://easin.jrc.ec.europa.eu/ias/speciesreport/details/62af04bf3dac78588a2ad6ab,2025-07-11T16:39:31.517
[WGS84 - EPSG:4326],Ailanthus altissima,B451F1FE-645E-F011-9112-08F1EAD81ED0,139947813,R00460,IT,POINT (8.7288952 45.8427398),FALSE,2022,22,Invasive Alien Species in Europe,https://easin.jrc.ec.europa.eu/ias/speciesreport/details/630f06a28d5f7ca8dbea0840,2025-07-11T16:39:31.517
[WGS84 - EPSG:4326],Trachemys scripta,BE51F1FE-645E-F011-9112-08F1EAD81ED0,139947821,R18154,IT,POINT (7.73035597222222 44.4214259722222),FALSE,2022,22,Invasive Alien Species in Europe,https://easin.jrc.ec.europa.eu/ias/speciesreport/details/62430c55acbdb2ab893274df,2025-07-11T16:39:31.517
[WGS84 - EPSG:4326],Ailanthus altissima,BF51F1FE-645E-F011-9112-08F1EAD81ED0,139947829,R00460,IT,POINT (8.7267132 45.8427613),FALSE,2022,22,Invasive Alien Species in Europe,https://easin.jrc.ec.europa.eu/ias/speciesreport/details/630f07338d5f7ca8dbea0841,2025-07-11T16:39:31.517
[WGS84 - EPSG:4326],Ailanthus altissima,C051F1FE-645E-F011-9112-08F1EAD81ED0,139947837,R00460,IT,POINT (8.6113512 45.8781896),FALSE,2022,22,Invasive Alien Species in Europe,https://easin.jrc.ec.europa.eu/ias/speciesreport/details/6319b6972f934d53a39b27d5,2025-07-11T16:39:31.517
[WGS84 - EPSG:4326],Ailanthus altissima,C651F1FE-645E-F011-9112-08F1EAD81ED0,139947845,R00460,IT,POINT (8.66889946017182 45.8019402080338),FALSE,2022,22,Invasive Alien Species in Europe,https://easin.jrc.ec.europa.eu/ias/speciesreport/details/6322f6c86a4c1405979f3c27,2025-07-11T16:39:31.517
[WGS84 - EPSG:4326],Elodea canadensis,D651F1FE-645E-F011-9112-08F1EAD81ED0,139947853,R05500,BG,POINT (24.7072222222222 42.1513888888889),FALSE,2022,22,Invasive Alien Species in Europe,https://easin.jrc.ec.europa.eu/ias/speciesreport/details/63413bf9bbac7c435b17e3ff,2025-07-11T16:39:31.517
[WGS84 - EPSG:4326],Ailanthus altissima,CF51F1FE-645E-F011-9112-08F1EAD81ED0,139947861,R00460,IT,POINT (8.768636 45.7887456),FALSE,2022,22,Invasive Alien Species in Europe,https://easin.jrc.ec.europa.eu/ias/speciesreport/details/6317053d2f934d53a39b27a6,2025-07-11T16:39:31.517
[WGS84 - EPSG:4326],Ailanthus altissima,D051F1FE-645E-F011-9112-08F1EAD81ED0,139947869,R00460,IT,POINT (8.8106635 45.8261108),FALSE,2022,22,Invasive Alien Species in Europe,https://easin.jrc.ec.europa.eu/ias/speciesreport/details/631f358e079496b951c5947a,2025-07-11T16:39:31.517
[WGS84 - EPSG:4326],Ailanthus altissima,CC51F1FE-645E-F011-9112-08F1EAD81ED0,139947877,R00460,IT,POINT (8.8226293 45.8287021),FALSE,2022,22,Invasive Alien Species in Europe,https://easin.jrc.ec.europa.eu/ias/speciesreport/details/6295bc2f9f2af7dc30dfbb89,2025-07-11T16:39:31.517
[WGS84 - EPSG:4326],Ailanthus altissima,C851F1FE-645E-F011-9112-08F1EAD81ED0,139947885,R00460,IT,POINT (8.8421478 45.8321321),FALSE,2022,22,Invasive Alien Species in Europe,https://easin.jrc.ec.europa.eu/ias/speciesreport/details/632098f3079496b951c59495,2025-07-11T16:39:31.517
[WGS84 - EPSG:4326],Elodea nuttallii,9B55F1FE-645E-F011-9112-08F1EAD81ED0,139947917,R05501,BG,POINT (23.4214857 42.5882134),FALSE,2022,22,Invasive Alien Species in Europe,https://easin.jrc.ec.europa.eu/ias/speciesreport/details/627e6932ace2b39c9ee26e27,2025-07-11T16:39:31.517
[WGS84 - EPSG:4326],Zantedeschia aethiopica,8E55F1FE-645E-F011-9112-08F1EAD81ED0,139947941,R16299,ES,POINT (-0.1917965 39.76558),FALSE,2022,22,Invasive Alien Species in Europe,https://easin.jrc.ec.europa.eu/ias/speciesreport/details/62b187a53dac78588a2ad6bf,2025-07-11T16:39:31.517
[WGS84 - EPSG:4326],Micropterus salmoides,8F55F1FE-645E-F011-9112-08F1EAD81ED0,139947949,R09442,ES,POINT (-1.12678527832031 39.7845318335389),FALSE,2022,22,Invasive Alien Species in Europe,https://easin.jrc.ec.europa.eu/ias/speciesreport/details/6299b3a0f1f4fdc7bf21dac5,2025-07-11T16:39:31.517
[WGS84 - EPSG:4326],Nicotiana glauca,9355F1FE-645E-F011-9112-08F1EAD81ED0,139947957,R10004,ES,POINT (-1.21554276479275 37.9952917011522),FALSE,2022,22,Invasive Alien Species in Europe,https://easin.jrc.ec.europa.eu/ias/speciesreport/details/6378b87611845ea53a6e6ff0,2025-07-11T16:39:31.517
[WGS84 - EPSG:4326],Sander lucioperca,9755F1FE-645E-F011-9112-08F1EAD81ED0,139947965,R13510,ES,POINT (-0.556869506835938 40.0892352425683),FALSE,2022,22,Invasive Alien Species in Europe,https://easin.jrc.ec.europa.eu/ias/speciesreport/details/62a8b80bc92ab31a0025b2f4,2025-07-11T16:39:31.517
[WGS84 - EPSG:4326],Gambusia holbrooki,9955F1FE-645E-F011-9112-08F1EAD81ED0,139947973,R06574,BG,POINT (23.3280802565969 42.8386348339781),FALSE,2022,22,Invasive Alien Species in Europe,https://easin.jrc.ec.europa.eu/ias/speciesreport/details/627f8829ace2b39c9ee26e2c,2025-07-11T16:39:31.517
[WGS84 - EPSG:4326],Sander lucioperca,7855F1FE-645E-F011-9112-08F1EAD81ED0,139947981,R13510,ES,POINT (-0.942807305618771 39.5892126435822),FALSE,2022,22,Invasive Alien Species in Europe,https://easin.jrc.ec.europa.eu/ias/speciesreport/details/62b089803dac78588a2ad6b7,2025-07-11T16:39:31.517
[WGS84 - EPSG:4326],Ailanthus altissima,8155F1FE-645E-F011-9112-08F1EAD81ED0,139947989,R00460,IT,POINT (8.87813712906791 45.7621184778714),FALSE,2022,22,Invasive Alien Species in Europe,https://easin.jrc.ec.europa.eu/ias/speciesreport/details/632c169f63bb55410c8bb99a,2025-07-11T16:39:31.517
[WGS84 - EPSG:4326],Carassius gibelio,7F55F1FE-645E-F011-9112-08F1EAD81ED0,139947997,R02744,BG,POINT (23.4214774 42.5881475),FALSE,2022,22,Invasive Alien Species in Europe,https://easin.jrc.ec.europa.eu/ias/speciesreport/details/627e67f2ace2b39c9ee26e24,2025-07-11T16:39:31.517
[WGS84 - EPSG:4326],Tamias sibiricus,7C55F1FE-645E-F011-9112-08F1EAD81ED0,139948005,R14882,ES,POINT (-13.9193505048752 28.7013445645101),FALSE,2022,22,Invasive Alien Species in Europe,https://easin.jrc.ec.europa.eu/ias/speciesreport/details/627a77bcace2b39c9ee26e21,2025-07-11T16:39:31.517
[WGS84 - EPSG:4326],Ailanthus altissima,5D55F1FE-645E-F011-9112-08F1EAD81ED0,139948013,R00460,IT,POINT (16.1763965 41.8778175),FALSE,2022,22,Invasive Alien Species in Europe,https://easin.jrc.ec.europa.eu/ias/speciesreport/details/629cd61cf1f4fdc7bf21dad4,2025-07-11T16:39:31.517
[WGS84 - EPSG:4326],Arundo donax,5855F1FE-645E-F011-9112-08F1EAD81ED0,139948021,R01515,ES,POINT (-0.4156108 39.1771983),FALSE,2022,22,Invasive Alien Species in Europe,https://easin.jrc.ec.europa.eu/ias/speciesreport/details/629f3430f1f4fdc7bf21dae5,2025-07-11T16:39:31.517
[WGS84 - EPSG:4326],Micropterus salmoides,5955F1FE-645E-F011-9112-08F1EAD81ED0,139948029,R09442,ES,POINT (-0.1739351 39.7765539),FALSE,2022,22,Invasive Alien Species in Europe,https://easin.jrc.ec.europa.eu/ias/speciesreport/details/62b17cd53dac78588a2ad6b9,2025-07-11T16:39:31.517
[WGS84 - EPSG:4326],Arundo donax,5455F1FE-645E-F011-9112-08F1EAD81ED0,139948037,R01515,ES,POINT (-1.93132518 38.51379812),FALSE,2022,22,Invasive Alien Species in Europe,https://easin.jrc.ec.europa.eu/ias/speciesreport/details/62a72f845f0c430ec091e889,2025-07-11T16:39:31.517
[WGS84 - EPSG:4326],Myocastor coypus,5555F1FE-645E-F011-9112-08F1EAD81ED0,139948045,R09720,BG,POINT (25.4562549588889 42.0794563291667),FALSE,2022,22,Invasive Alien Species in Europe,https://easin.jrc.ec.europa.eu/ias/speciesreport/details/63413a02bbac7c435b17e3fc,2025-07-11T16:39:31.517
[WGS84 - EPSG:4326],Ailanthus altissima,6255F1FE-645E-F011-9112-08F1EAD81ED0,139948053,R00460,IT,POINT (8.8223621 45.8238404),FALSE,2022,22,Invasive Alien Species in Europe,https://easin.jrc.ec.europa.eu/ias/speciesreport/details/6316024d2f934d53a39b278e,2025-07-11T16:39:31.517
[WGS84 - EPSG:4326],Ailanthus altissima,5F55F1FE-645E-F011-9112-08F1EAD81ED0,139948061,R00460,IT,POINT (8.8137566 45.843139),FALSE,2022,22,Invasive Alien Species in Europe,https://easin.jrc.ec.europa.eu/ias/speciesreport/details/62f5114afdeaaa18ae203b4f,2025-07-11T16:39:31.517
[WGS84 - EPSG:4326],Ailanthus altissima,6855F1FE-645E-F011-9112-08F1EAD81ED0,139948069,R00460,IT,POINT (8.6656423 45.8954992),FALSE,2022,22,Invasive Alien Species in Europe,https://easin.jrc.ec.europa.eu/ias/speciesreport/details/6319a5442f934d53a39b27c1,2025-07-11T16:39:31.517
[WGS84 - EPSG:4326],Corbicula fluminea,6D55F1FE-645E-F011-9112-08F1EAD81ED0,139948077,R04013,ES,POINT (-0.36086283 39.29483069),FALSE,2022,22,Invasive Alien Species in Europe,https://easin.jrc.ec.europa.eu/ias/speciesreport/details/629e11acf1f4fdc7bf21dadb,2025-07-11T16:39:31.517
[WGS84 - EPSG:4326],Ailanthus altissima,6E55F1FE-645E-F011-9112-08F1EAD81ED0,139948085,R00460,IT,POINT (8.665344 45.8954353),FALSE,2022,22,Invasive Alien Species in Europe,https://easin.jrc.ec.europa.eu/ias/speciesreport/details/6319a66f2f934d53a39b27c2,2025-07-11T16:39:31.517
[WGS84 - EPSG:4326],Ailanthus altissima,E553F1FE-645E-F011-9112-08F1EAD81ED0,139948421,R00460,RO,POINT (21.1383831 44.801687),FALSE,2022,22,Invasive Alien Species in Europe,https://easin.jrc.ec.europa.eu/ias/speciesreport/details/6282094cace2b39c9ee26e36,2025-07-11T16:39:31.517
[WGS84 - EPSG:4326],Micropterus salmoides,E253F1FE-645E-F011-9112-08F1EAD81ED0,139948429,R09442,ES,POINT (-1.13639009592589 39.7979464779243),FALSE,2022,22,Invasive Alien Species in Europe,https://easin.jrc.ec.europa.eu/ias/speciesreport/details/62b5d13896b97cf63866213b,2025-07-11T16:39:31.517
[WGS84 - EPSG:4326],Silurus glanis,E853F1FE-645E-F011-9112-08F1EAD81ED0,139948437,R14099,BG,POINT (23.2629047 41.4583778),FALSE,2022,22,Invasive Alien Species in Europe,https://easin.jrc.ec.europa.eu/ias/speciesreport/details/62ad6dec3dac78588a2ad6a1,2025-07-11T16:39:31.517
[WGS84 - EPSG:4326],Lepomis gibbosus,DD53F1FE-645E-F011-9112-08F1EAD81ED0,139948445,R08376,BG,POINT (24.158935546875 41.6563849706588),FALSE,2022,22,Invasive Alien Species in Europe,https://easin.jrc.ec.europa.eu/ias/speciesreport/details/62ae202a3dac78588a2ad6a6,2025-07-11T16:39:31.517
[WGS84 - EPSG:4326],Ailanthus altissima,C953F1FE-645E-F011-9112-08F1EAD81ED0,139948453,R00460,IT,POINT (8.716089 45.8447173),FALSE,2022,22,Invasive Alien Species in Europe,https://easin.jrc.ec.europa.eu/ias/speciesreport/details/63171f1d2f934d53a39b27b4,2025-07-11T16:39:31.517
[WGS84 - EPSG:4326],Branta canadensis,C653F1FE-645E-F011-9112-08F1EAD81ED0,139948461,R02253,ES,POINT (-3.90281897222222 40.327336),FALSE,2022,22,Invasive Alien Species in Europe,https://easin.jrc.ec.europa.eu/ias/speciesreport/details/62b202686f4ce42ba54e94d9,2025-07-11T16:39:31.517
[WGS84 - EPSG:4326],Azolla filiculoides,C153F1FE-645E-F011-9112-08F1EAD81ED0,139948469,R01826,ES,POINT (-0.3843998 39.2854456),FALSE,2022,22,Invasive Alien Species in Europe,https://easin.jrc.ec.europa.eu/ias/speciesreport/details/62a8aa2cc92ab31a0025b2f3,2025-07-11T16:39:31.517
[WGS84 - EPSG:4326],Ailanthus altissima,BD53F1FE-645E-F011-9112-08F1EAD81ED0,139948477,R00460,IT,POINT (8.7251196 45.653468),FALSE,2022,22,Invasive Alien Species in Europe,https://easin.jrc.ec.europa.eu/ias/speciesreport/details/6322d7dc6a4c1405979f3c0f,2025-07-11T16:39:31.517
[WGS84 - EPSG:4326],Pueraria montana (Lour.) Merr. var. lobata,B253F1FE-645E-F011-9112-08F1EAD81ED0,139948485,R12644,IT,POINT (8.8246698 45.8255899),FALSE,2022,22,Invasive Alien Species in Europe,https://easin.jrc.ec.europa.eu/ias/speciesreport/details/63206c2d079496b951c5947b,2025-07-11T16:39:31.517
[WGS84 - EPSG:4326],Sorghum halepense,B353F1FE-645E-F011-9112-08F1EAD81ED0,139948493,R14348,BG,POINT (25.7429718325875 43.0323593217619),FALSE,2022,22,Invasive Alien Species in Europe,https://easin.jrc.ec.europa.eu/ias/speciesreport/details/63419838bbac7c435b17e405,2025-07-11T16:39:31.517
[WGS84 - EPSG:4326],Ailanthus altissima,AF53F1FE-645E-F011-9112-08F1EAD81ED0,139948501,R00460,IT,POINT (8.8778098 45.7512609),FALSE,2022,22,Invasive Alien Species in Europe,https://easin.jrc.ec.europa.eu/ias/speciesreport/details/632c18fb63bb55410c8bb99b,2025-07-11T16:39:31.517
[WGS84 - EPSG:4326],Ailanthus altissima,3554F1FE-645E-F011-9112-08F1EAD81ED0,139948509,R00460,IT,POINT (16.1136634 41.7360211),FALSE,2022,22,Invasive Alien Species in Europe,https://easin.jrc.ec.europa.eu/ias/speciesreport/details/62a1c65cfa19f2a4655c92aa,2025-07-11T16:39:31.517
[WGS84 - EPSG:4326],Procambarus clarkii,2854F1FE-645E-F011-9112-08F1EAD81ED0,139948517,R12250,ES,POINT (-0.4150217 39.1924747),FALSE,2022,22,Invasive Alien Species in Europe,https://easin.jrc.ec.europa.eu/ias/speciesreport/details/629f3104f1f4fdc7bf21dae1,2025-07-11T16:39:31.517
[WGS84 - EPSG:4326],Acacia saligna,2F54F1FE-645E-F011-9112-08F1EAD81ED0,139948525,R00053,MT,POINT (14.3609815835953 35.9442337635354),FALSE,2022,22,Invasive Alien Species in Europe,https://easin.jrc.ec.europa.eu/ias/speciesreport/details/61dade12db4ba0e5b9073425,2025-07-11T16:39:31.517
[WGS84 - EPSG:4326],Ailanthus altissima,2B54F1FE-645E-F011-9112-08F1EAD81ED0,139948533,R00460,IT,POINT (8.6508619 45.897203),FALSE,2022,22,Invasive Alien Species in Europe,https://easin.jrc.ec.europa.eu/ias/speciesreport/details/6319a98b2f934d53a39b27c5,2025-07-11T16:39:31.517
[WGS84 - EPSG:4326],Ailanthus altissima,1654F1FE-645E-F011-9112-08F1EAD81ED0,139948541,R00460,IT,POINT (8.8323728 45.8051533),FALSE,2022,22,Invasive Alien Species in Europe,https://easin.jrc.ec.europa.eu/ias/speciesreport/details/6320753e079496b951c59482,2025-07-11T16:39:31.517
[WGS84 - EPSG:4326],Myocastor coypus,FC53F1FE-645E-F011-9112-08F1EAD81ED0,139948549,R09720,BG,POINT (24.4227161405556 42.1416358947222),FALSE,2022,22,Invasive Alien Species in Europe,https://easin.jrc.ec.europa.eu/ias/speciesreport/details/63413ddebbac7c435b17e403,2025-07-11T16:39:31.517
[WGS84 - EPSG:4326],Micropterus salmoides,FF53F1FE-645E-F011-9112-08F1EAD81ED0,139948557,R09442,ES,POINT (-1.14292144775391 39.8035248658694),FALSE,2022,22,Invasive Alien Species in Europe,https://easin.jrc.ec.europa.eu/ias/speciesreport/details/6299b3adf1f4fdc7bf21dac8,2025-07-11T16:39:31.517
[WGS84 - EPSG:4326],Micropterus salmoides,0054F1FE-645E-F011-9112-08F1EAD81ED0,139948565,R09442,ES,POINT (-0.586395263671875 40.1015789769685),FALSE,2022,22,Invasive Alien Species in Europe,https://easin.jrc.ec.europa.eu/ias/speciesreport/details/62a9fdd7c92ab31a0025b2f9,2025-07-11T16:39:31.517
[WGS84 - EPSG:4326],Ailanthus altissima,E053F1FE-645E-F011-9112-08F1EAD81ED0,139948573,R00460,IT,POINT (8.830556 45.8201636),FALSE,2022,22,Invasive Alien Species in Europe,https://easin.jrc.ec.europa.eu/ias/speciesreport/details/631daf96079496b951c59472,2025-07-11T16:39:31.517
[WGS84 - EPSG:4326],Perca fluviatilis,F453F1FE-645E-F011-9112-08F1EAD81ED0,139948581,R11032,ES,POINT (-0.557293599704281 40.0884830828918),FALSE,2022,22,Invasive Alien Species in Europe,https://easin.jrc.ec.europa.eu/ias/speciesreport/details/62a9fc7bc92ab31a0025b2f6,2025-07-11T16:39:31.517
[WGS84 - EPSG:4326],Vespa velutina nigrithorax,F253F1FE-645E-F011-9112-08F1EAD81ED0,139948589,R15970,BE,POINT (6.13451882511417 49.6316208250147),FALSE,2022,22,Invasive Alien Species in Europe,https://easin.jrc.ec.europa.eu/ias/speciesreport/details/6378b38b11845ea53a6e6fe7,2025-07-11T16:39:31.517
[WGS84 - EPSG:4326],Vespa velutina nigrithorax,0B54F1FE-645E-F011-9112-08F1EAD81ED0,139948597,R15970,FR,POINT (8.20199249972222 48.9843126),FALSE,2022,22,Invasive Alien Species in Europe,https://easin.jrc.ec.europa.eu/ias/speciesreport/details/63c73c7f3e0a9a2bc7138ec1,2025-07-11T16:39:31.517
[WGS84 - EPSG:4326],Ailanthus altissima,0C54F1FE-645E-F011-9112-08F1EAD81ED0,139948605,R00460,IT,POINT (8.812635 45.8258591),FALSE,2022,22,Invasive Alien Species in Europe,https://easin.jrc.ec.europa.eu/ias/speciesreport/details/6311b7aa8d5f7ca8dbea086a,2025-07-11T16:39:31.517
[WGS84 - EPSG:4326],Callinectes sapidus,0D54F1FE-645E-F011-9112-08F1EAD81ED0,139948613,R02554,BG,POINT (25.4665705 43.4149537),FALSE,2022,22,Invasive Alien Species in Europe,https://easin.jrc.ec.europa.eu/ias/speciesreport/details/63a446d5dc8baba37bbdc3cc,2025-07-11T16:39:31.517
[WGS84 - EPSG:4326],Ailanthus altissima,0F54F1FE-645E-F011-9112-08F1EAD81ED0,139948621,R00460,IT,POINT (8.8205448 45.8301109),FALSE,2022,22,Invasive Alien Species in Europe,https://easin.jrc.ec.europa.eu/ias/speciesreport/details/6311a7ad8d5f7ca8dbea085c,2025-07-11T16:39:31.517
[WGS84 - EPSG:4326],Ailanthus altissima,1054F1FE-645E-F011-9112-08F1EAD81ED0,139948629,R00460,IT,POINT (8.68125915527344 45.7206826025669),FALSE,2022,22,Invasive Alien Species in Europe,https://easin.jrc.ec.europa.eu/ias/speciesreport/details/6322f0eb6a4c1405979f3c22,2025-07-11T16:39:31.517
[WGS84 - EPSG:4326],Alopochen aegyptiaca,1354F1FE-645E-F011-9112-08F1EAD81ED0,139948637,R00644,BE,POINT (6.00431799888611 49.59813902046),FALSE,2022,22,Invasive Alien Species in Europe,https://easin.jrc.ec.europa.eu/ias/speciesreport/details/63aab37a6401dbf794f8fe29,2025-07-11T16:39:31.517
[WGS84 - EPSG:4326],Ailanthus altissima,1454F1FE-645E-F011-9112-08F1EAD81ED0,139948645,R00460,IT,POINT (8.8084843 45.8250083),FALSE,2022,22,Invasive Alien Species in Europe,https://easin.jrc.ec.europa.eu/ias/speciesreport/details/631f338f079496b951c59478,2025-07-11T16:39:31.517
[WGS84 - EPSG:4326],Ailanthus altissima,0254F1FE-645E-F011-9112-08F1EAD81ED0,139948653,R00460,IT,POINT (8.8129589 45.8427907),FALSE,2022,22,Invasive Alien Species in Europe,https://easin.jrc.ec.europa.eu/ias/speciesreport/details/6316f0fe2f934d53a39b2795,2025-07-11T16:39:31.517
[WGS84 - EPSG:4326],Ailanthus altissima,0454F1FE-645E-F011-9112-08F1EAD81ED0,139948661,R00460,IT,POINT (8.8131301 45.8252066),FALSE,2022,22,Invasive Alien Species in Europe,https://easin.jrc.ec.europa.eu/ias/speciesreport/details/6311b5b08d5f7ca8dbea0867,2025-07-11T16:39:31.517
[WGS84 - EPSG:4326],Elodea nuttallii,0854F1FE-645E-F011-9112-08F1EAD81ED0,139948669,R05501,BG,POINT (24.13121 41.8289672),FALSE,2022,22,Invasive Alien Species in Europe,https://easin.jrc.ec.europa.eu/ias/speciesreport/details/62aef7f23dac78588a2ad6aa,2025-07-11T16:39:31.517
[WGS84 - EPSG:4326],Carassius gibelio,0954F1FE-645E-F011-9112-08F1EAD81ED0,139948677,R02744,BG,POINT (23.4224545955658 42.5887065868927),FALSE,2022,22,Invasive Alien Species in Europe,https://easin.jrc.ec.europa.eu/ias/speciesreport/details/62892fbcace2b39c9ee26e46,2025-07-11T16:39:31.517
[WGS84 - EPSG:4326],Ailanthus altissima,7753F1FE-645E-F011-9112-08F1EAD81ED0,139948685,R00460,IT,POINT (8.8061424 45.825189),FALSE,2022,22,Invasive Alien Species in Europe,https://easin.jrc.ec.europa.eu/ias/speciesreport/details/631f3295079496b951c59476,2025-07-11T16:39:31.517
[WGS84 - EPSG:4326],Ailanthus altissima,8353F1FE-645E-F011-9112-08F1EAD81ED0,139948693,R00460,IT,POINT (8.7754652 45.6843516),FALSE,2022,22,Invasive Alien Species in Europe,https://easin.jrc.ec.europa.eu/ias/speciesreport/details/6322c963079496b951c594a0,2025-07-11T16:39:31.517
[WGS84 - EPSG:4326],Ailanthus altissima,7B53F1FE-645E-F011-9112-08F1EAD81ED0,139948701,R00460,IT,POINT (8.8054773 45.8193916),FALSE,2022,22,Invasive Alien Species in Europe,https://easin.jrc.ec.europa.eu/ias/speciesreport/details/6311c21c8d5f7ca8dbea0875,2025-07-11T16:39:31.517
[WGS84 - EPSG:4326],Esox lucius,6753F1FE-645E-F011-9112-08F1EAD81ED0,139948709,R05980,ES,POINT (-0.5915588 40.1048821),FALSE,2022,22,Invasive Alien Species in Europe,https://easin.jrc.ec.europa.eu/ias/speciesreport/details/62a87ac6c92ab31a0025b2f1,2025-07-11T16:39:31.517
[WGS84 - EPSG:4326],Vespa velutina nigrithorax,6153F1FE-645E-F011-9112-08F1EAD81ED0,139948717,R15970,BE,POINT (6.13451882511417 49.6316208250147),FALSE,2022,22,Invasive Alien Species in Europe,https://easin.jrc.ec.europa.eu/ias/speciesreport/details/6378b38911845ea53a6e6fe6,2025-07-11T16:39:31.517
[WGS84 - EPSG:4326],Fallopia baldschuanica,6253F1FE-645E-F011-9112-08F1EAD81ED0,139948725,R18445,FR,POINT (0.7108899 42.8101065997222),FALSE,2022,22,Invasive Alien Species in Europe,https://easin.jrc.ec.europa.eu/ias/speciesreport/details/62cc60905c103510337ed720,2025-07-11T16:39:31.517
[WGS84 - EPSG:4326],Ailanthus altissima,6353F1FE-645E-F011-9112-08F1EAD81ED0,139948733,R00460,ES,POINT (-3.6894027 40.3738869),FALSE,2022,22,Invasive Alien Species in Europe,https://easin.jrc.ec.europa.eu/ias/speciesreport/details/629635fdf1f4fdc7bf21dab8,2025-07-11T16:39:31.517
[WGS84 - EPSG:4326],Pomacea maculata,6953F1FE-645E-F011-9112-08F1EAD81ED0,139948741,R19289,ES,POINT (-0.179988525342196 38.99219001416),FALSE,2022,22,Invasive Alien Species in Europe,https://easin.jrc.ec.europa.eu/ias/speciesreport/details/62b20cc56f4ce42ba54e94dd,2025-07-11T16:39:31.517
[WGS84 - EPSG:4326],Micropterus salmoides,6F53F1FE-645E-F011-9112-08F1EAD81ED0,139948749,R09442,ES,POINT (-0.1739351 39.7765539),FALSE,2022,22,Invasive Alien Species in Europe,https://easin.jrc.ec.europa.eu/ias/speciesreport/details/62b17d453dac78588a2ad6bc,2025-07-11T16:39:31.517
[WGS84 - EPSG:4326],Ailanthus altissima,6D53F1FE-645E-F011-9112-08F1EAD81ED0,139948757,R00460,IT,POINT (8.8115912 45.8151349),FALSE,2022,22,Invasive Alien Species in Europe,https://easin.jrc.ec.europa.eu/ias/speciesreport/details/6316fc242f934d53a39b279f,2025-07-11T16:39:31.517
[WGS84 - EPSG:4326],Ailanthus altissima,9B53F1FE-645E-F011-9112-08F1EAD81ED0,139948765,R00460,IT,POINT (8.8334215 45.8003706),FALSE,2022,22,Invasive Alien Species in Europe,https://easin.jrc.ec.europa.eu/ias/speciesreport/details/63207601079496b951c59483,2025-07-11T16:39:31.517
[WGS84 - EPSG:4326],Ailanthus altissima,9153F1FE-645E-F011-9112-08F1EAD81ED0,139948773,R00460,IT,POINT (8.7135017 45.8384537),FALSE,2022,22,Invasive Alien Species in Europe,https://easin.jrc.ec.europa.eu/ias/speciesreport/details/631717802f934d53a39b27b0,2025-07-11T16:39:31.517
[WGS84 - EPSG:4326],Ailanthus altissima,9F53F1FE-645E-F011-9112-08F1EAD81ED0,139948781,R00460,RS,POINT (21.1081351 44.8072266),FALSE,2022,22,Invasive Alien Species in Europe,https://easin.jrc.ec.europa.eu/ias/speciesreport/details/62820944ace2b39c9ee26e33,2025-07-11T16:39:31.517
[WGS84 - EPSG:4326],Alternanthera philoxeroides,A453F1FE-645E-F011-9112-08F1EAD81ED0,139948789,R00669,ES,POINT (-6.00465816774431 37.3975749362302),FALSE,2022,22,Invasive Alien Species in Europe,https://easin.jrc.ec.europa.eu/ias/speciesreport/details/62934d609f2af7dc30dfbb81,2025-07-11T16:39:31.517
[WGS84 - EPSG:4326],Physella acuta,A953F1FE-645E-F011-9112-08F1EAD81ED0,139948797,R11467,BG,POINT (23.4026527402778 42.770412445),FALSE,2022,22,Invasive Alien Species in Europe,https://easin.jrc.ec.europa.eu/ias/speciesreport/details/635a78bed19b81fba84bc155,2025-07-11T16:39:31.517
[WGS84 - EPSG:4326],Sander lucioperca,A653F1FE-645E-F011-9112-08F1EAD81ED0,139948805,R13510,ES,POINT (-0.5915588 40.1048821),FALSE,2022,22,Invasive Alien Species in Europe,https://easin.jrc.ec.europa.eu/ias/speciesreport/details/62a87981c92ab31a0025b2ef,2025-07-11T16:39:31.517
[WGS84 - EPSG:4326],Micropterus salmoides,9553F1FE-645E-F011-9112-08F1EAD81ED0,139948813,R09442,ES,POINT (-0.181908405829745 38.9923608864062),FALSE,2022,22,Invasive Alien Species in Europe,https://easin.jrc.ec.europa.eu/ias/speciesreport/details/62b20f616f4ce42ba54e94e4,2025-07-11T16:39:31.517
[WGS84 - EPSG:4326],Arundo donax,7953F1FE-645E-F011-9112-08F1EAD81ED0,139948821,R01515,ES,POINT (-3.6827664 40.3685027),FALSE,2022,22,Invasive Alien Species in Europe,https://easin.jrc.ec.europa.eu/ias/speciesreport/details/62963c65f1f4fdc7bf21daba,2025-07-11T16:39:31.517
[WGS84 - EPSG:4326],Ailanthus altissima,7F53F1FE-645E-F011-9112-08F1EAD81ED0,139948829,R00460,IT,POINT (8.6095439 45.8019569),FALSE,2022,22,Invasive Alien Species in Europe,https://easin.jrc.ec.europa.eu/ias/speciesreport/details/6310be068d5f7ca8dbea084a,2025-07-11T16:39:31.517
[WGS84 - EPSG:4326],Ailanthus altissima,8053F1FE-645E-F011-9112-08F1EAD81ED0,139948837,R00460,IT,POINT (8.8181842 45.8255761),FALSE,2022,22,Invasive Alien Species in Europe,https://easin.jrc.ec.europa.eu/ias/speciesreport/details/6311af768d5f7ca8dbea0860,2025-07-11T16:39:31.517
[WGS84 - EPSG:4326],Ailanthus altissima,1A53F1FE-645E-F011-9112-08F1EAD81ED0,139948845,R00460,IT,POINT (8.8738727 45.7722647),FALSE,2022,22,Invasive Alien Species in Europe,https://easin.jrc.ec.europa.eu/ias/speciesreport/details/632c0c9463bb55410c8bb992,2025-07-11T16:39:31.517
[WGS84 - EPSG:4326],Ailanthus altissima,2053F1FE-645E-F011-9112-08F1EAD81ED0,139948853,R00460,IT,POINT (8.8143377 45.8431525),FALSE,2022,22,Invasive Alien Species in Europe,https://easin.jrc.ec.europa.eu/ias/speciesreport/details/6316f1ca2f934d53a39b2797,2025-07-11T16:39:31.517
[WGS84 - EPSG:4326],Ailanthus altissima,1553F1FE-645E-F011-9112-08F1EAD81ED0,139948861,R00460,IT,POINT (8.6047849 45.7962484),FALSE,2022,22,Invasive Alien Species in Europe,https://easin.jrc.ec.europa.eu/ias/speciesreport/details/6310c0b68d5f7ca8dbea084e,2025-07-11T16:39:31.517
[WGS84 - EPSG:4326],Ailanthus altissima,4553F1FE-645E-F011-9112-08F1EAD81ED0,139948869,R00460,IT,POINT (8.8073215 45.8310526),FALSE,2022,22,Invasive Alien Species in Europe,https://easin.jrc.ec.europa.eu/ias/speciesreport/details/631f2c8e079496b951c59474,2025-07-11T16:39:31.517
[WGS84 - EPSG:4326],Ailanthus altissima,4B53F1FE-645E-F011-9112-08F1EAD81ED0,139948877,R00460,IT,POINT (8.8237658 45.8223959),FALSE,2022,22,Invasive Alien Species in Europe,https://easin.jrc.ec.europa.eu/ias/speciesreport/details/6311b2888d5f7ca8dbea0863,2025-07-11T16:39:31.517
[WGS84 - EPSG:4326],Ailanthus altissima,4353F1FE-645E-F011-9112-08F1EAD81ED0,139948885,R00460,IT,POINT (8.7990403 45.8345438),FALSE,2022,22,Invasive Alien Species in Europe,https://easin.jrc.ec.europa.eu/ias/speciesreport/details/63248e12c09991bfd4e9e1a6,2025-07-11T16:39:31.517
[WGS84 - EPSG:4326],Ailanthus altissima,3D53F1FE-645E-F011-9112-08F1EAD81ED0,139948893,R00460,BG,POINT (25.6221803 43.080792),FALSE,2022,22,Invasive Alien Species in Europe,https://easin.jrc.ec.europa.eu/ias/speciesreport/details/6340447bbbac7c435b17e3f5,2025-07-11T16:39:31.517
[WGS84 - EPSG:4326],Ailanthus altissima,3E53F1FE-645E-F011-9112-08F1EAD81ED0,139948901,R00460,IT,POINT (8.8238149 45.8224462),FALSE,2022,22,Invasive Alien Species in Europe,https://easin.jrc.ec.europa.eu/ias/speciesreport/details/6295b84b9f2af7dc30dfbb83,2025-07-11T16:39:31.517
[WGS84 - EPSG:4326],Ailanthus altissima,2F53F1FE-645E-F011-9112-08F1EAD81ED0,139948909,R00460,IT,POINT (8.6051156 45.7966839),FALSE,2022,22,Invasive Alien Species in Europe,https://easin.jrc.ec.europa.eu/ias/speciesreport/details/6310c04e8d5f7ca8dbea084d,2025-07-11T16:39:31.517
[WGS84 - EPSG:4326],Ailanthus altissima,2453F1FE-645E-F011-9112-08F1EAD81ED0,139948917,R00460,IT,POINT (8.7989213 45.8377107),FALSE,2022,22,Invasive Alien Species in Europe,https://easin.jrc.ec.europa.eu/ias/speciesreport/details/63248f7bc09991bfd4e9e1a9,2025-07-11T16:39:31.517
[WGS84 - EPSG:4326],Perca fluviatilis,3B53F1FE-645E-F011-9112-08F1EAD81ED0,139948925,R11032,ES,POINT (0.7457616 42.3868515997222),FALSE,2022,22,Invasive Alien Species in Europe,https://easin.jrc.ec.europa.eu/ias/speciesreport/details/629f5c25f1f4fdc7bf21daeb,2025-07-11T16:39:31.517
[WGS84 - EPSG:4326],Ricinus communis,5753F1FE-645E-F011-9112-08F1EAD81ED0,139948933,R13044,MT,POINT (14.5061534643173 35.8889588132442),FALSE,2022,22,Invasive Alien Species in Europe,https://easin.jrc.ec.europa.eu/ias/speciesreport/details/61ef9d5e318606238df7da4e,2025-07-11T16:39:31.517
[WGS84 - EPSG:4326],Ailanthus altissima,5853F1FE-645E-F011-9112-08F1EAD81ED0,139948941,R00460,IT,POINT (8.8238963 45.8223783),FALSE,2022,22,Invasive Alien Species in Europe,https://easin.jrc.ec.europa.eu/ias/speciesreport/details/6295b8a49f2af7dc30dfbb84,2025-07-11T16:39:31.517
[WGS84 - EPSG:4326],Ailanthus altissima,5053F1FE-645E-F011-9112-08F1EAD81ED0,139948949,R00460,IT,POINT (8.7967538 45.8380704),FALSE,2022,22,Invasive Alien Species in Europe,https://easin.jrc.ec.europa.eu/ias/speciesreport/details/630efe378d5f7ca8dbea083b,2025-07-11T16:39:31.517
[WGS84 - EPSG:4326],Arundo donax,5453F1FE-645E-F011-9112-08F1EAD81ED0,139948957,R01515,ES,POINT (-1.21608014746966 37.9948068975371),FALSE,2022,22,Invasive Alien Species in Europe,https://easin.jrc.ec.europa.eu/ias/speciesreport/details/6378b4af11845ea53a6e6fe8,2025-07-11T16:39:31.517
[WGS84 - EPSG:4326],Ailanthus altissima,4054F1FE-645E-F011-9112-08F1EAD81ED0,139948965,R00460,IT,POINT (8.8091919 45.8139831),FALSE,2022,22,Invasive Alien Species in Europe,https://easin.jrc.ec.europa.eu/ias/speciesreport/details/6316fdd12f934d53a39b27a1,2025-07-11T16:39:31.517
[WGS84 - EPSG:4326],Ailanthus altissima,4254F1FE-645E-F011-9112-08F1EAD81ED0,139948973,R00460,RO,POINT (21.1796566 44.7264567),FALSE,2022,22,Invasive Alien Species in Europe,https://easin.jrc.ec.europa.eu/ias/speciesreport/details/6282093bace2b39c9ee26e30,2025-07-11T16:39:31.517
[WGS84 - EPSG:4326],Micropterus salmoides,3354F1FE-645E-F011-9112-08F1EAD81ED0,139948981,R09442,ES,POINT (-4.56643797222222 40.415553),FALSE,2022,22,Invasive Alien Species in Europe,https://easin.jrc.ec.europa.eu/ias/speciesreport/details/62a4ca91fa19f2a4655c92b5,2025-07-11T16:39:31.517
[WGS84 - EPSG:4326],Phytolacca americana,3754F1FE-645E-F011-9112-08F1EAD81ED0,139948989,R11485,BG,POINT (25.2205944061111 42.1065444944444),FALSE,2022,22,Invasive Alien Species in Europe,https://easin.jrc.ec.europa.eu/ias/speciesreport/details/634138debbac7c435b17e3f8,2025-07-11T16:39:31.517
[WGS84 - EPSG:4326],Ailanthus altissima,3D54F1FE-645E-F011-9112-08F1EAD81ED0,139948997,R00460,IT,POINT (8.8303752 45.8304569),FALSE,2022,22,Invasive Alien Species in Europe,https://easin.jrc.ec.europa.eu/ias/speciesreport/details/6316f6eb2f934d53a39b279c,2025-07-11T16:39:31.517
[WGS84 - EPSG:4326],Ailanthus altissima,3E54F1FE-645E-F011-9112-08F1EAD81ED0,139949005,R00460,IT,POINT (8.8199371 45.8231877),FALSE,2022,22,Invasive Alien Species in Europe,https://easin.jrc.ec.europa.eu/ias/speciesreport/details/6311b3ff8d5f7ca8dbea0865,2025-07-11T16:39:31.517
[WGS84 - EPSG:4326],Carassius gibelio,4E54F1FE-645E-F011-9112-08F1EAD81ED0,139949013,R02744,BG,POINT (23.4214149722222 42.5882379722222),FALSE,2022,22,Invasive Alien Species in Europe,https://easin.jrc.ec.europa.eu/ias/speciesreport/details/627e692dace2b39c9ee26e26,2025-07-11T16:39:31.517
[WGS84 - EPSG:4326],Ailanthus altissima,5454F1FE-645E-F011-9112-08F1EAD81ED0,139949021,R00460,IT,POINT (8.8109017 45.8242256),FALSE,2022,22,Invasive Alien Species in Europe,https://easin.jrc.ec.europa.eu/ias/speciesreport/details/6315fcf72f934d53a39b278a,2025-07-11T16:39:31.517
[WGS84 - EPSG:4326],Ailanthus altissima,5154F1FE-645E-F011-9112-08F1EAD81ED0,139949029,R00460,IT,POINT (8.813796 45.8384414),FALSE,2022,22,Invasive Alien Species in Europe,https://easin.jrc.ec.europa.eu/ias/speciesreport/details/6316ecdf2f934d53a39b2791,2025-07-11T16:39:31.517
[WGS84 - EPSG:4326],Ailanthus altissima,5254F1FE-645E-F011-9112-08F1EAD81ED0,139949037,R00460,IT,POINT (8.74054903717479 45.6548393847549),FALSE,2022,22,Invasive Alien Species in Europe,https://easin.jrc.ec.europa.eu/ias/speciesreport/details/632c133263bb55410c8bb998,2025-07-11T16:39:31.517
[WGS84 - EPSG:4326],Lepomis gibbosus,5B54F1FE-645E-F011-9112-08F1EAD81ED0,139949045,R08376,BG,POINT (23.4090328216553 42.5973872176453),FALSE,2022,22,Invasive Alien Species in Europe,https://easin.jrc.ec.europa.eu/ias/speciesreport/details/627e6813ace2b39c9ee26e25,2025-07-11T16:39:31.517
[WGS84 - EPSG:4326],Ailanthus altissima,6D54F1FE-645E-F011-9112-08F1EAD81ED0,139949053,R00460,IT,POINT (8.821915 45.8282829),FALSE,2022,22,Invasive Alien Species in Europe,https://easin.jrc.ec.europa.eu/ias/speciesreport/details/6311a57c8d5f7ca8dbea0859,2025-07-11T16:39:31.517
[WGS84 - EPSG:4326],Ailanthus altissima,6954F1FE-645E-F011-9112-08F1EAD81ED0,139949061,R00460,IT,POINT (8.8089189 45.8184489),FALSE,2022,22,Invasive Alien Species in Europe,https://easin.jrc.ec.europa.eu/ias/speciesreport/details/6311c2b88d5f7ca8dbea0876,2025-07-11T16:39:31.517
[WGS84 - EPSG:4326],Ailanthus altissima,6054F1FE-645E-F011-9112-08F1EAD81ED0,139949069,R00460,IT,POINT (8.8629449 45.957609),FALSE,2022,22,Invasive Alien Species in Europe,https://easin.jrc.ec.europa.eu/ias/speciesreport/details/631491882f934d53a39b2788,2025-07-11T16:39:31.517
[WGS84 - EPSG:4326],Ailanthus altissima,6B54F1FE-645E-F011-9112-08F1EAD81ED0,139949077,R00460,IT,POINT (8.6453139 45.8201884),FALSE,2022,22,Invasive Alien Species in Europe,https://easin.jrc.ec.europa.eu/ias/speciesreport/details/62ecc0a6f1eeb00973292660,2025-07-11T16:39:31.517
[WGS84 - EPSG:4326],Ailanthus altissima,6754F1FE-645E-F011-9112-08F1EAD81ED0,139949085,R00460,IT,POINT (8.715387734701 45.6477171248861),FALSE,2022,22,Invasive Alien Species in Europe,https://easin.jrc.ec.europa.eu/ias/speciesreport/details/6322dad36a4c1405979f3c11,2025-07-11T16:39:31.517
[WGS84 - EPSG:4326],Ailanthus altissima,5754F1FE-645E-F011-9112-08F1EAD81ED0,139949093,R00460,IT,POINT (8.6483041 45.8942801),FALSE,2022,22,Invasive Alien Species in Europe,https://easin.jrc.ec.europa.eu/ias/speciesreport/details/6319b0682f934d53a39b27ce,2025-07-11T16:39:31.517
[WGS84 - EPSG:4326],Ailanthus altissima,5E54F1FE-645E-F011-9112-08F1EAD81ED0,139949101,R00460,IT,POINT (8.7991265 45.8346218),FALSE,2022,22,Invasive Alien Species in Europe,https://easin.jrc.ec.europa.eu/ias/speciesreport/details/63248e5dc09991bfd4e9e1a7,2025-07-11T16:39:31.517
[WGS84 - EPSG:4326],Ailanthus altissima,8354F1FE-645E-F011-9112-08F1EAD81ED0,139949109,R00460,IT,POINT (8.8106421 45.8266272),FALSE,2022,22,Invasive Alien Species in Europe,https://easin.jrc.ec.europa.eu/ias/speciesreport/details/6311b95a8d5f7ca8dbea086c,2025-07-11T16:39:31.517
[WGS84 - EPSG:4326],Micropterus salmoides,8654F1FE-645E-F011-9112-08F1EAD81ED0,139949117,R09442,ES,POINT (-0.178171859151917 38.993011352402),FALSE,2022,22,Invasive Alien Species in Europe,https://easin.jrc.ec.europa.eu/ias/speciesreport/details/62b20eb36f4ce42ba54e94e2,2025-07-11T16:39:31.517
[WGS84 - EPSG:4326],Ailanthus altissima,8854F1FE-645E-F011-9112-08F1EAD81ED0,139949125,R00460,IT,POINT (8.8304324 45.8369362),FALSE,2022,22,Invasive Alien Species in Europe,https://easin.jrc.ec.europa.eu/ias/speciesreport/details/6316f5032f934d53a39b279a,2025-07-11T16:39:31.517
[WGS84 - EPSG:4326],Ailanthus altissima,9054F1FE-645E-F011-9112-08F1EAD81ED0,139949133,R00460,IT,POINT (8.7296885 45.7958974),FALSE,2022,22,Invasive Alien Species in Europe,https://easin.jrc.ec.europa.eu/ias/speciesreport/details/632c296263bb55410c8bb99e,2025-07-11T16:39:31.517
[WGS84 - EPSG:4326],Ailanthus altissima,9454F1FE-645E-F011-9112-08F1EAD81ED0,139949141,R00460,IT,POINT (8.6892519 45.8442076),FALSE,2022,22,Invasive Alien Species in Europe,https://easin.jrc.ec.europa.eu/ias/speciesreport/details/6321f58e079496b951c59499,2025-07-11T16:39:31.517
[WGS84 - EPSG:4326],Ailanthus altissima,9554F1FE-645E-F011-9112-08F1EAD81ED0,139949149,R00460,IT,POINT (8.8052938 45.8445102),FALSE,2022,22,Invasive Alien Species in Europe,https://easin.jrc.ec.europa.eu/ias/speciesreport/details/6316f09d2f934d53a39b2794,2025-07-11T16:39:31.517
[WGS84 - EPSG:4326],Callinectes sapidus,9754F1FE-645E-F011-9112-08F1EAD81ED0,139949157,R02554,ES,POINT (-0.318526 39.312893),FALSE,2022,22,Invasive Alien Species in Europe,https://easin.jrc.ec.europa.eu/ias/speciesreport/details/62b012c83dac78588a2ad6b3,2025-07-11T16:39:31.517
[WGS84 - EPSG:4326],Ailanthus altissima,9854F1FE-645E-F011-9112-08F1EAD81ED0,139949165,R00460,IT,POINT (8.8115617 45.8152601),FALSE,2022,22,Invasive Alien Species in Europe,https://easin.jrc.ec.europa.eu/ias/speciesreport/details/6316fb522f934d53a39b279e,2025-07-11T16:39:31.517
[WGS84 - EPSG:4326],Procambarus clarkii,B454F1FE-645E-F011-9112-08F1EAD81ED0,139949173,R12250,ES,POINT (-4.7434169 41.6289545),FALSE,2022,22,Invasive Alien Species in Europe,https://easin.jrc.ec.europa.eu/ias/speciesreport/details/62af6ec13dac78588a2ad6ae,2025-07-11T16:39:31.517
[WGS84 - EPSG:4326],Ailanthus altissima,C054F1FE-645E-F011-9112-08F1EAD81ED0,139949181,R00460,EL,POINT (24.0128709 35.5177225),FALSE,2022,22,Invasive Alien Species in Europe,https://easin.jrc.ec.europa.eu/ias/speciesreport/details/62bc0572f464c3e48e5076d3,2025-07-11T16:39:31.517
[WGS84 - EPSG:4326],Ailanthus altissima,C154F1FE-645E-F011-9112-08F1EAD81ED0,139949189,R00460,IT,POINT (8.62057744394406 45.8561872271878),FALSE,2022,22,Invasive Alien Species in Europe,https://easin.jrc.ec.europa.eu/ias/speciesreport/details/6319be002f934d53a39b27d7,2025-07-11T16:39:31.517
[WGS84 - EPSG:4326],Ailanthus altissima,A754F1FE-645E-F011-9112-08F1EAD81ED0,139949197,R00460,IT,POINT (16.062732 41.7051775),FALSE,2022,22,Invasive Alien Species in Europe,https://easin.jrc.ec.europa.eu/ias/speciesreport/details/629b0e43f1f4fdc7bf21dacb,2025-07-11T16:39:31.517
[WGS84 - EPSG:4326],Vespa velutina nigrithorax,9F54F1FE-645E-F011-9112-08F1EAD81ED0,139949205,R15970,FR,POINT (1.85906295610058 48.651732887488),FALSE,2022,22,Invasive Alien Species in Europe,https://easin.jrc.ec.europa.eu/ias/speciesreport/details/62fe744dfdeaaa18ae203b55,2025-07-11T16:39:31.517
[WGS84 - EPSG:4326],Gambusia holbrooki,8A54F1FE-645E-F011-9112-08F1EAD81ED0,139949213,R06574,ES,POINT (-0.30787467956543 39.1891253667037),FALSE,2022,22,Invasive Alien Species in Europe,https://easin.jrc.ec.europa.eu/ias/speciesreport/details/62a76d0fc92ab31a0025b2ee,2025-07-11T16:39:31.517
[WGS84 - EPSG:4326],Ludwigia grandiflora,A154F1FE-645E-F011-9112-08F1EAD81ED0,139949221,R17663,ES,POINT (-0.4150217 39.1924747),FALSE,2022,22,Invasive Alien Species in Europe,https://easin.jrc.ec.europa.eu/ias/speciesreport/details/629f3328f1f4fdc7bf21dae2,2025-07-11T16:39:31.517
[WGS84 - EPSG:4326],Ailanthus altissima,AD54F1FE-645E-F011-9112-08F1EAD81ED0,139949229,R00460,IT,POINT (8.6315993 45.888651),FALSE,2022,22,Invasive Alien Species in Europe,https://easin.jrc.ec.europa.eu/ias/speciesreport/details/6319b3342f934d53a39b27d1,2025-07-11T16:39:31.517
[WGS84 - EPSG:4326],Micropterus salmoides,AE54F1FE-645E-F011-9112-08F1EAD81ED0,139949237,R09442,ES,POINT (-0.1739351 39.7765539),FALSE,2022,22,Invasive Alien Species in Europe,https://easin.jrc.ec.europa.eu/ias/speciesreport/details/62b17d693dac78588a2ad6bd,2025-07-11T16:39:31.517
[WGS84 - EPSG:4326],Lepomis gibbosus,AA54F1FE-645E-F011-9112-08F1EAD81ED0,139949245,R08376,BG,POINT (23.4232485294342 42.5884577711649),FALSE,2022,22,Invasive Alien Species in Europe,https://easin.jrc.ec.europa.eu/ias/speciesreport/details/6289271face2b39c9ee26e44,2025-07-11T16:39:31.517
[WGS84 - EPSG:4326],Lepomis gibbosus,4E55F1FE-645E-F011-9112-08F1EAD81ED0,139949253,R08376,BG,POINT (23.1078629089461 42.8763330800961),FALSE,2022,22,Invasive Alien Species in Europe,https://easin.jrc.ec.europa.eu/ias/speciesreport/details/628c90749f2af7dc30dfbb7a,2025-07-11T16:39:31.517
[WGS84 - EPSG:4326],Myiopsitta monachus,5055F1FE-645E-F011-9112-08F1EAD81ED0,139949261,R09715,ES,POINT (-3.7392219 40.3833926),FALSE,2022,22,Invasive Alien Species in Europe,https://easin.jrc.ec.europa.eu/ias/speciesreport/details/62b7758996b97cf638662143,2025-07-11T16:39:31.517
[WGS84 - EPSG:4326],Ailanthus altissima,4355F1FE-645E-F011-9112-08F1EAD81ED0,139949269,R00460,IT,POINT (8.7128412 45.6495691),FALSE,2022,22,Invasive Alien Species in Europe,https://easin.jrc.ec.europa.eu/ias/speciesreport/details/6322db4a6a4c1405979f3c12,2025-07-11T16:39:31.517
[WGS84 - EPSG:4326],Gambusia holbrooki,3B55F1FE-645E-F011-9112-08F1EAD81ED0,139949277,R06574,BG,POINT (23.4239861814422 42.5878375439517),FALSE,2022,22,Invasive Alien Species in Europe,https://easin.jrc.ec.europa.eu/ias/speciesreport/details/62894c91ace2b39c9ee26e4a,2025-07-11T16:39:31.517
[WGS84 - EPSG:4326],Ailanthus altissima,4555F1FE-645E-F011-9112-08F1EAD81ED0,139949285,R00460,IT,POINT (8.6739197 45.8737244),FALSE,2022,22,Invasive Alien Species in Europe,https://easin.jrc.ec.europa.eu/ias/speciesreport/details/63199ce52f934d53a39b27b9,2025-07-11T16:39:31.517
[WGS84 - EPSG:4326],Ailanthus altissima,3155F1FE-645E-F011-9112-08F1EAD81ED0,139949293,R00460,IT,POINT (8.820879 45.823223),FALSE,2022,22,Invasive Alien Species in Europe,https://easin.jrc.ec.europa.eu/ias/speciesreport/details/6311b3668d5f7ca8dbea0864,2025-07-11T16:39:31.517
[WGS84 - EPSG:4326],Ailanthus altissima,3255F1FE-645E-F011-9112-08F1EAD81ED0,139949301,R00460,IT,POINT (8.6682272 45.8046414),FALSE,2022,22,Invasive Alien Species in Europe,https://easin.jrc.ec.europa.eu/ias/speciesreport/details/6322f88c6a4c1405979f3c2a,2025-07-11T16:39:31.517
[WGS84 - EPSG:4326],Dreissena polymorpha,3D55F1FE-645E-F011-9112-08F1EAD81ED0,139949309,R05292,BG,POINT (23.4272718429565 42.7506049781223),FALSE,2022,22,Invasive Alien Species in Europe,https://easin.jrc.ec.europa.eu/ias/speciesreport/details/635b06a3d19b81fba84bc15e,2025-07-11T16:39:31.517
[WGS84 - EPSG:4326],Micropterus salmoides,3955F1FE-645E-F011-9112-08F1EAD81ED0,139949317,R09442,ES,POINT (-1.10892365220934 39.7313308330832),FALSE,2022,22,Invasive Alien Species in Europe,https://easin.jrc.ec.europa.eu/ias/speciesreport/details/62b6142596b97cf63866213e,2025-07-11T16:39:31.517
[WGS84 - EPSG:4326],Ailanthus altissima,3F55F1FE-645E-F011-9112-08F1EAD81ED0,139949325,R00460,IT,POINT (8.67194021786418 45.8806022534597),FALSE,2022,22,Invasive Alien Species in Europe,https://easin.jrc.ec.europa.eu/ias/speciesreport/details/63199e382f934d53a39b27ba,2025-07-11T16:39:31.517
[WGS84 - EPSG:4326],Melanoides tuberculata,4155F1FE-645E-F011-9112-08F1EAD81ED0,139949333,R09246,ES,POINT (0.400829315185547 40.3706126295336),FALSE,2022,22,Invasive Alien Species in Europe,https://easin.jrc.ec.europa.eu/ias/speciesreport/details/62ad72763dac78588a2ad6a3,2025-07-11T16:39:31.517
[WGS84 - EPSG:4326],Dreissena polymorpha,1F55F1FE-645E-F011-9112-08F1EAD81ED0,139949341,R05292,BG,POINT (23.4024410247222 42.6671829222222),FALSE,2022,22,Invasive Alien Species in Europe,https://easin.jrc.ec.europa.eu/ias/speciesreport/details/63590bfb3c21febd9b38d41c,2025-07-11T16:39:31.517
[WGS84 - EPSG:4326],Myiopsitta monachus,1755F1FE-645E-F011-9112-08F1EAD81ED0,139949349,R09715,ES,POINT (-3.72546666666667 40.3813111111111),FALSE,2022,22,Invasive Alien Species in Europe,https://easin.jrc.ec.europa.eu/ias/speciesreport/details/632aeec2c1e29cc38b25dda7,2025-07-11T16:39:31.517
[WGS84 - EPSG:4326],Ailanthus altissima,1855F1FE-645E-F011-9112-08F1EAD81ED0,139949357,R00460,IT,POINT (8.8201663 45.8274636),FALSE,2022,22,Invasive Alien Species in Europe,https://easin.jrc.ec.europa.eu/ias/speciesreport/details/6311abcd8d5f7ca8dbea085e,2025-07-11T16:39:31.517
[WGS84 - EPSG:4326],Physella acuta,0D55F1FE-645E-F011-9112-08F1EAD81ED0,139949365,R11467,BG,POINT (23.2061833 42.7107586),FALSE,2022,22,Invasive Alien Species in Europe,https://easin.jrc.ec.europa.eu/ias/speciesreport/details/63592b9664133782a237cc25,2025-07-11T16:39:31.517
[WGS84 - EPSG:4326],Gambusia holbrooki,2355F1FE-645E-F011-9112-08F1EAD81ED0,139949373,R06574,ES,POINT (-0.1941396 39.7700835),FALSE,2022,22,Invasive Alien Species in Europe,https://easin.jrc.ec.europa.eu/ias/speciesreport/details/62b18ba43dac78588a2ad6c0,2025-07-11T16:39:31.517
[WGS84 - EPSG:4326],Ailanthus altissima,C354F1FE-645E-F011-9112-08F1EAD81ED0,139949381,R00460,IT,POINT (8.6663632 45.895159),FALSE,2022,22,Invasive Alien Species in Europe,https://easin.jrc.ec.europa.eu/ias/speciesreport/details/6319a2522f934d53a39b27be,2025-07-11T16:39:31.517
[WGS84 - EPSG:4326],Ailanthus altissima,C454F1FE-645E-F011-9112-08F1EAD81ED0,139949389,R00460,IT,POINT (8.8125553 45.8254471),FALSE,2022,22,Invasive Alien Species in Europe,https://easin.jrc.ec.europa.eu/ias/speciesreport/details/6311b7038d5f7ca8dbea0869,2025-07-11T16:39:31.517
[WGS84 - EPSG:4326],Ailanthus altissima,D354F1FE-645E-F011-9112-08F1EAD81ED0,139949397,R00460,BG,POINT (24.9118232725 42.1943511961111),FALSE,2022,22,Invasive Alien Species in Europe,https://easin.jrc.ec.europa.eu/ias/speciesreport/details/63413841bbac7c435b17e3f6,2025-07-11T16:39:31.517
[WGS84 - EPSG:4326],Ailanthus altissima,CC54F1FE-645E-F011-9112-08F1EAD81ED0,139949405,R00460,IT,POINT (8.830908 45.7925892),FALSE,2022,22,Invasive Alien Species in Europe,https://easin.jrc.ec.europa.eu/ias/speciesreport/details/63207bcb079496b951c59489,2025-07-11T16:39:31.517
[WGS84 - EPSG:4326],Pseudorasbora parva,E154F1FE-645E-F011-9112-08F1EAD81ED0,139949413,R12451,BG,POINT (23.2628417015076 41.4583229811191),FALSE,2022,22,Invasive Alien Species in Europe,https://easin.jrc.ec.europa.eu/ias/speciesreport/details/62ae347b3dac78588a2ad6a9,2025-07-11T16:39:31.517
[WGS84 - EPSG:4326],Corbicula fluminea,E254F1FE-645E-F011-9112-08F1EAD81ED0,139949421,R04013,ES,POINT (-4.6303463 36.7320107),FALSE,2022,22,Invasive Alien Species in Europe,https://easin.jrc.ec.europa.eu/ias/speciesreport/details/6220898153df42b929c8ec7e,2025-07-11T16:39:31.517
[WGS84 - EPSG:4326],Ailanthus altissima,E654F1FE-645E-F011-9112-08F1EAD81ED0,139949429,R00460,IT,POINT (8.7148725 45.8453923),FALSE,2022,22,Invasive Alien Species in Europe,https://easin.jrc.ec.europa.eu/ias/speciesreport/details/631720802f934d53a39b27b6,2025-07-11T16:39:31.517
[WGS84 - EPSG:4326],Vespa velutina nigrithorax,DC54F1FE-645E-F011-9112-08F1EAD81ED0,139949437,R15970,FR,POINT (-2.09653973568493 49.1794989080693),FALSE,2022,22,Invasive Alien Species in Europe,https://easin.jrc.ec.europa.eu/ias/speciesreport/details/628e20219f2af7dc30dfbb7d,2025-07-11T16:39:31.517
[WGS84 - EPSG:4326],Ailanthus altissima,DD54F1FE-645E-F011-9112-08F1EAD81ED0,139949445,R00460,IT,POINT (8.8628924 45.9575102),FALSE,2022,22,Invasive Alien Species in Europe,https://easin.jrc.ec.europa.eu/ias/speciesreport/details/631490212f934d53a39b2787,2025-07-11T16:39:31.517
[WGS84 - EPSG:4326],Vespa velutina nigrithorax,DE54F1FE-645E-F011-9112-08F1EAD81ED0,139949453,R15970,BE,POINT (6.13451882511417 49.6316208250147),FALSE,2022,22,Invasive Alien Species in Europe,https://easin.jrc.ec.europa.eu/ias/speciesreport/details/6378b38911845ea53a6e6fe5,2025-07-11T16:39:31.517
[WGS84 - EPSG:4326],Ailanthus altissima,D954F1FE-645E-F011-9112-08F1EAD81ED0,139949461,R00460,IT,POINT (8.721719 45.8437721),FALSE,2022,22,Invasive Alien Species in Europe,https://easin.jrc.ec.europa.eu/ias/speciesreport/details/63171e962f934d53a39b27b3,2025-07-11T16:39:31.517
[WGS84 - EPSG:4326],Ailanthus altissima,F554F1FE-645E-F011-9112-08F1EAD81ED0,139949469,R00460,IT,POINT (8.6189691 45.7864939),FALSE,2022,22,Invasive Alien Species in Europe,https://easin.jrc.ec.europa.eu/ias/speciesreport/details/6310cc2f8d5f7ca8dbea0852,2025-07-11T16:39:31.517
[WGS84 - EPSG:4326],Alburnus alburnus,0955F1FE-645E-F011-9112-08F1EAD81ED0,139949477,R00481,ES,POINT (-1.54134750366211 39.6089945118931),FALSE,2022,22,Invasive Alien Species in Europe,https://easin.jrc.ec.europa.eu/ias/speciesreport/details/62a3a82afa19f2a4655c92b1,2025-07-11T16:39:31.517
[WGS84 - EPSG:4326],Procambarus clarkii,FE54F1FE-645E-F011-9112-08F1EAD81ED0,139949485,R12250,ES,POINT (-0.181157372162488 38.9923728016265),FALSE,2022,22,Invasive Alien Species in Europe,https://easin.jrc.ec.europa.eu/ias/speciesreport/details/62b20da66f4ce42ba54e94df,2025-07-11T16:39:31.517
[WGS84 - EPSG:4326],Gambusia holbrooki,0055F1FE-645E-F011-9112-08F1EAD81ED0,139949493,R06574,BG,POINT (23.3944187163889 42.7689666747222),FALSE,2022,22,Invasive Alien Species in Europe,https://easin.jrc.ec.europa.eu/ias/speciesreport/details/635a7912d19b81fba84bc156,2025-07-11T16:39:31.517
[WGS84 - EPSG:4326],Ailanthus altissima,EE54F1FE-645E-F011-9112-08F1EAD81ED0,139949501,R00460,IT,POINT (8.8782761 45.747407),FALSE,2022,22,Invasive Alien Species in Europe,https://easin.jrc.ec.europa.eu/ias/speciesreport/details/632c132363bb55410c8bb997,2025-07-11T16:39:31.517
[WGS84 - EPSG:4326],Robinia pseudoacacia,F054F1FE-645E-F011-9112-08F1EAD81ED0,139949509,R13059,ES,POINT (0.777627732149995 42.4748926916945),FALSE,2022,22,Invasive Alien Species in Europe,https://easin.jrc.ec.europa.eu/ias/speciesreport/details/62a306c0fa19f2a4655c92ac,2025-07-11T16:39:31.517
[WGS84 - EPSG:4326],Cyprinus carpio,F154F1FE-645E-F011-9112-08F1EAD81ED0,139949517,R04750,ES,POINT (-0.2680195 39.2578598),FALSE,2022,22,Invasive Alien Species in Europe,https://easin.jrc.ec.europa.eu/ias/speciesreport/details/62b1ed846f4ce42ba54e94d8,2025-07-11T16:39:31.517
[WGS84 - EPSG:4326],Ailanthus altissima,F954F1FE-645E-F011-9112-08F1EAD81ED0,139949525,R00460,IT,POINT (8.8130482 45.8252352),FALSE,2022,22,Invasive Alien Species in Europe,https://easin.jrc.ec.europa.eu/ias/speciesreport/details/6311b65b8d5f7ca8dbea0868,2025-07-11T16:39:31.517
[WGS84 - EPSG:4326],Ailanthus altissima,DF56F1FE-645E-F011-9112-08F1EAD81ED0,141816633,R00460,IT,POINT (8.6666967 45.8044216),FALSE,2022,22,Invasive Alien Species in Europe,https://easin.jrc.ec.europa.eu/ias/speciesreport/details/6322f70f6a4c1405979f3c28,2025-07-11T16:39:31.517
[WGS84 - EPSG:4326],Acacia saligna,E156F1FE-645E-F011-9112-08F1EAD81ED0,141816635,R00053,ES,POINT (-3.53470705555556 36.7277603055556),FALSE,2022,22,Invasive Alien Species in Europe,https://easin.jrc.ec.europa.eu/ias/speciesreport/details/6263c2ef2d65e7312cc0bee2,2025-07-11T16:39:31.517
[WGS84 - EPSG:4326],Ailanthus altissima,E256F1FE-645E-F011-9112-08F1EAD81ED0,141816637,R00460,IT,POINT (8.8047424 45.8406269),FALSE,2022,22,Invasive Alien Species in Europe,https://easin.jrc.ec.europa.eu/ias/speciesreport/details/62f510d9fdeaaa18ae203b4e,2025-07-11T16:39:31.517
[WGS84 - EPSG:4326],Cardiospermum grandiflorum,E356F1FE-645E-F011-9112-08F1EAD81ED0,141816639,R02783,MT,POINT (14.4835729722222 35.9047569722222),FALSE,2022,22,Invasive Alien Species in Europe,https://easin.jrc.ec.europa.eu/ias/speciesreport/details/61f6426eeb4a72e95833bc39,2025-07-11T16:39:31.517
[WGS84 - EPSG:4326],Trachemys scripta,D156F1FE-645E-F011-9112-08F1EAD81ED0,141816641,R18154,BG,POINT (23.2629047 41.4583778),FALSE,2022,22,Invasive Alien Species in Europe,https://easin.jrc.ec.europa.eu/ias/speciesreport/details/62ac61403dac78588a2ad6a0,2025-07-11T16:39:31.517
[WGS84 - EPSG:4326],Robinia pseudoacacia,D256F1FE-645E-F011-9112-08F1EAD81ED0,141816643,R13059,BG,POINT (24.73666041 41.56924324),FALSE,2022,22,Invasive Alien Species in Europe,https://easin.jrc.ec.europa.eu/ias/speciesreport/details/63496e096bb891c1a16e3696,2025-07-11T16:39:31.517
[WGS84 - EPSG:4326],Ailanthus altissima,D356F1FE-645E-F011-9112-08F1EAD81ED0,141816645,R00460,IT,POINT (8.67559529375285 45.7923619001345),FALSE,2022,22,Invasive Alien Species in Europe,https://easin.jrc.ec.europa.eu/ias/speciesreport/details/6322f5906a4c1405979f3c26,2025-07-11T16:39:31.517
[WGS84 - EPSG:4326],Lepomis gibbosus,CA56F1FE-645E-F011-9112-08F1EAD81ED0,141816647,R08376,BG,POINT (23.4211245 42.5843384),FALSE,2022,22,Invasive Alien Species in Europe,https://easin.jrc.ec.europa.eu/ias/speciesreport/details/6288c1deace2b39c9ee26e3e,2025-07-11T16:39:31.517
[WGS84 - EPSG:4326],Ailanthus altissima,0157F1FE-645E-F011-9112-08F1EAD81ED0,141816649,R00460,RO,POINT (21.1796566 44.7264567),FALSE,2022,22,Invasive Alien Species in Europe,https://easin.jrc.ec.europa.eu/ias/speciesreport/details/62820938ace2b39c9ee26e2f,2025-07-11T16:39:31.517
[WGS84 - EPSG:4326],Lepomis gibbosus,0257F1FE-645E-F011-9112-08F1EAD81ED0,141816651,R08376,ES,POINT (-0.3186483 39.3129081),FALSE,2022,22,Invasive Alien Species in Europe,https://easin.jrc.ec.europa.eu/ias/speciesreport/details/62b161993dac78588a2ad6b8,2025-07-11T16:39:31.517
[WGS84 - EPSG:4326],Ailanthus altissima,FB56F1FE-645E-F011-9112-08F1EAD81ED0,141816653,R00460,IT,POINT (8.609447 45.8018832),FALSE,2022,22,Invasive Alien Species in Europe,https://easin.jrc.ec.europa.eu/ias/speciesreport/details/6310bd228d5f7ca8dbea0849,2025-07-11T16:39:31.517
[WGS84 - EPSG:4326],Ailanthus altissima,0457F1FE-645E-F011-9112-08F1EAD81ED0,141816655,R00460,IT,POINT (8.7765137 45.7892449),FALSE,2022,22,Invasive Alien Species in Europe,https://easin.jrc.ec.europa.eu/ias/speciesreport/details/631706542f934d53a39b27a8,2025-07-11T16:39:31.517
[WGS84 - EPSG:4326],Myiopsitta monachus,FE56F1FE-645E-F011-9112-08F1EAD81ED0,141816657,R09715,ES,POINT (-3.7200225 40.3844627),FALSE,2022,22,Invasive Alien Species in Europe,https://easin.jrc.ec.europa.eu/ias/speciesreport/details/632aecf1c1e29cc38b25dda6,2025-07-11T16:39:31.517
[WGS84 - EPSG:4326],Micropterus salmoides,EE56F1FE-645E-F011-9112-08F1EAD81ED0,141816659,R09442,ES,POINT (-0.180887262795295 38.9924288984627),FALSE,2022,22,Invasive Alien Species in Europe,https://easin.jrc.ec.europa.eu/ias/speciesreport/details/62b20ef36f4ce42ba54e94e3,2025-07-11T16:39:31.517
[WGS84 - EPSG:4326],Perca fluviatilis,E656F1FE-645E-F011-9112-08F1EAD81ED0,141816661,R11032,ES,POINT (0.7457616 42.3868515997222),FALSE,2022,22,Invasive Alien Species in Europe,https://easin.jrc.ec.europa.eu/ias/speciesreport/details/629f4443f1f4fdc7bf21daea,2025-07-11T16:39:31.517
[WGS84 - EPSG:4326],Ailanthus altissima,E756F1FE-645E-F011-9112-08F1EAD81ED0,141816663,R00460,IT,POINT (8.7761785 45.6829251),FALSE,2022,22,Invasive Alien Species in Europe,https://easin.jrc.ec.europa.eu/ias/speciesreport/details/6322c859079496b951c5949f,2025-07-11T16:39:31.517
[WGS84 - EPSG:4326],Ailanthus altissima,E856F1FE-645E-F011-9112-08F1EAD81ED0,141816665,R00460,IT,POINT (8.835042 45.7986612),FALSE,2022,22,Invasive Alien Species in Europe,https://easin.jrc.ec.europa.eu/ias/speciesreport/details/63207997079496b951c59486,2025-07-11T16:39:31.517
[WGS84 - EPSG:4326],Cyprinus carpio,E956F1FE-645E-F011-9112-08F1EAD81ED0,141816667,R04750,ES,POINT (-0.2853371 39.283458),FALSE,2022,22,Invasive Alien Species in Europe,https://easin.jrc.ec.europa.eu/ias/speciesreport/details/62b1e4086f4ce42ba54e94d7,2025-07-11T16:39:31.517
[WGS84 - EPSG:4326],Ailanthus altissima,F656F1FE-645E-F011-9112-08F1EAD81ED0,141816669,R00460,RS,POINT (21.1081351 44.8072266),FALSE,2022,22,Invasive Alien Species in Europe,https://easin.jrc.ec.europa.eu/ias/speciesreport/details/62820947ace2b39c9ee26e34,2025-07-11T16:39:31.517
[WGS84 - EPSG:4326],Ailanthus altissima,F756F1FE-645E-F011-9112-08F1EAD81ED0,141816671,R00460,IT,POINT (8.6655122 45.8953541),FALSE,2022,22,Invasive Alien Species in Europe,https://easin.jrc.ec.europa.eu/ias/speciesreport/details/6319a48a2f934d53a39b27c0,2025-07-11T16:39:31.517
[WGS84 - EPSG:4326],Micropterus salmoides,F056F1FE-645E-F011-9112-08F1EAD81ED0,141816673,R09442,ES,POINT (-0.565452575683594 40.1034172139272),FALSE,2022,22,Invasive Alien Species in Europe,https://easin.jrc.ec.europa.eu/ias/speciesreport/details/62a9fd61c92ab31a0025b2f8,2025-07-11T16:39:31.517
[WGS84 - EPSG:4326],Gambusia holbrooki,F156F1FE-645E-F011-9112-08F1EAD81ED0,141816675,R06574,ES,POINT (-0.6040416 38.8171601),FALSE,2022,22,Invasive Alien Species in Europe,https://easin.jrc.ec.europa.eu/ias/speciesreport/details/62ab101dc92ab31a0025b31e,2025-07-11T16:39:31.517
[WGS84 - EPSG:4326],Ailanthus altissima,5457F1FE-645E-F011-9112-08F1EAD81ED0,141816677,R00460,IT,POINT (8.724971 45.6533516),FALSE,2022,22,Invasive Alien Species in Europe,https://easin.jrc.ec.europa.eu/ias/speciesreport/details/6322d8656a4c1405979f3c10,2025-07-11T16:39:31.517
[WGS84 - EPSG:4326],Ailanthus altissima,4E57F1FE-645E-F011-9112-08F1EAD81ED0,141816679,R00460,IT,POINT (8.6709551 45.8857774),FALSE,2022,22,Invasive Alien Species in Europe,https://easin.jrc.ec.europa.eu/ias/speciesreport/details/63199eea2f934d53a39b27bc,2025-07-11T16:39:31.517
[WGS84 - EPSG:4326],Asclepias syriaca,4F57F1FE-645E-F011-9112-08F1EAD81ED0,141816681,R01529,IT,POINT (8.8356079 45.7847101),FALSE,2022,22,Invasive Alien Species in Europe,https://easin.jrc.ec.europa.eu/ias/speciesreport/details/63208270079496b951c5948b,2025-07-11T16:39:31.517
[WGS84 - EPSG:4326],Ailanthus altissima,4B57F1FE-645E-F011-9112-08F1EAD81ED0,141816683,R00460,IT,POINT (8.806704 45.8252409),FALSE,2022,22,Invasive Alien Species in Europe,https://easin.jrc.ec.europa.eu/ias/speciesreport/details/631f3347079496b951c59477,2025-07-11T16:39:31.517
[WGS84 - EPSG:4326],Ailanthus altissima,4957F1FE-645E-F011-9112-08F1EAD81ED0,141816685,R00460,IT,POINT (8.6315201 45.8885689),FALSE,2022,22,Invasive Alien Species in Europe,https://easin.jrc.ec.europa.eu/ias/speciesreport/details/6319b3b72f934d53a39b27d3,2025-07-11T16:39:31.517
[WGS84 - EPSG:4326],Ailanthus altissima,4557F1FE-645E-F011-9112-08F1EAD81ED0,141816687,R00460,IT,POINT (8.8145071 45.8386296),FALSE,2022,22,Invasive Alien Species in Europe,https://easin.jrc.ec.europa.eu/ias/speciesreport/details/6316ec112f934d53a39b2790,2025-07-11T16:39:31.517
[WGS84 - EPSG:4326],Ficopomatus enigmaticus,2F57F1FE-645E-F011-9112-08F1EAD81ED0,141816689,R06316,ES,POINT (-0.2781417 39.2791653),FALSE,2022,22,Invasive Alien Species in Europe,https://easin.jrc.ec.europa.eu/ias/speciesreport/details/62b1cc0149719c03a987d88f,2025-07-11T16:39:31.517
[WGS84 - EPSG:4326],Ailanthus altissima,3057F1FE-645E-F011-9112-08F1EAD81ED0,141816691,R00460,IT,POINT (8.812784 45.8389328),FALSE,2022,22,Invasive Alien Species in Europe,https://easin.jrc.ec.europa.eu/ias/speciesreport/details/6316eec02f934d53a39b2792,2025-07-11T16:39:31.517
[WGS84 - EPSG:4326],Ailanthus altissima,4057F1FE-645E-F011-9112-08F1EAD81ED0,141816693,R00460,IT,POINT (8.8427136 45.8300022),FALSE,2022,22,Invasive Alien Species in Europe,https://easin.jrc.ec.europa.eu/ias/speciesreport/details/632097c0079496b951c59493,2025-07-11T16:39:31.517
[WGS84 - EPSG:4326],Procambarus clarkii,4157F1FE-645E-F011-9112-08F1EAD81ED0,141816695,R12250,IT,POINT (12.0457148551941 41.9621387905983),FALSE,2022,22,Invasive Alien Species in Europe,https://easin.jrc.ec.europa.eu/ias/speciesreport/details/6359359cd19b81fba84bc154,2025-07-11T16:39:31.517
[WGS84 - EPSG:4326],Phytolacca americana,3C57F1FE-645E-F011-9112-08F1EAD81ED0,141816697,R11485,BG,POINT (25.744454 43.0302445),FALSE,2022,22,Invasive Alien Species in Europe,https://easin.jrc.ec.europa.eu/ias/speciesreport/details/6341884ebbac7c435b17e404,2025-07-11T16:39:31.517
[WGS84 - EPSG:4326],Gambusia holbrooki,1457F1FE-645E-F011-9112-08F1EAD81ED0,141816699,R06574,ES,POINT (-0.3196361 39.3127143),FALSE,2022,22,Invasive Alien Species in Europe,https://easin.jrc.ec.europa.eu/ias/speciesreport/details/629da0c5f1f4fdc7bf21dad5,2025-07-11T16:39:31.517
[WGS84 - EPSG:4326],Ailanthus altissima,0D57F1FE-645E-F011-9112-08F1EAD81ED0,141816701,R00460,IT,POINT (8.8228818 45.828062),FALSE,2022,22,Invasive Alien Species in Europe,https://easin.jrc.ec.europa.eu/ias/speciesreport/details/6295baa79f2af7dc30dfbb86,2025-07-11T16:39:31.517
[WGS84 - EPSG:4326],Ailanthus altissima,1757F1FE-645E-F011-9112-08F1EAD81ED0,141816703,R00460,IT,POINT (13.5518783 43.4038466),FALSE,2022,22,Invasive Alien Species in Europe,https://easin.jrc.ec.europa.eu/ias/speciesreport/details/62a598cd5f0c430ec091e884,2025-07-11T16:39:31.517
[WGS84 - EPSG:4326],Ailanthus altissima,1857F1FE-645E-F011-9112-08F1EAD81ED0,141816705,R00460,IT,POINT (8.8098249 45.8247985),FALSE,2022,22,Invasive Alien Species in Europe,https://easin.jrc.ec.europa.eu/ias/speciesreport/details/6315fc582f934d53a39b2789,2025-07-11T16:39:31.517
[WGS84 - EPSG:4326],Ailanthus altissima,1957F1FE-645E-F011-9112-08F1EAD81ED0,141816707,R00460,BG,POINT (23.3039252752678 42.6894775324376),FALSE,2022,22,Invasive Alien Species in Europe,https://easin.jrc.ec.europa.eu/ias/speciesreport/details/634ba0e16bb891c1a16e3698,2025-07-11T16:39:31.517
[WGS84 - EPSG:4326],Cyprinus carpio,2857F1FE-645E-F011-9112-08F1EAD81ED0,141816709,R04750,ES,POINT (-1.12725299637532 39.7858017932891),FALSE,2022,22,Invasive Alien Species in Europe,https://easin.jrc.ec.europa.eu/ias/speciesreport/details/629bbd7ef1f4fdc7bf21dad2,2025-07-11T16:39:31.517
[WGS84 - EPSG:4326],Arundo donax,2D57F1FE-645E-F011-9112-08F1EAD81ED0,141816711,R01515,ES,POINT (-1.2163786 37.9950555),FALSE,2022,22,Invasive Alien Species in Europe,https://easin.jrc.ec.europa.eu/ias/speciesreport/details/6378b4db11845ea53a6e6fea,2025-07-11T16:39:31.517
[WGS84 - EPSG:4326],Ailanthus altissima,1E57F1FE-645E-F011-9112-08F1EAD81ED0,141816713,R00460,IT,POINT (8.8201191 45.8231084),FALSE,2022,22,Invasive Alien Species in Europe,https://easin.jrc.ec.europa.eu/ias/speciesreport/details/6311b4f98d5f7ca8dbea0866,2025-07-11T16:39:31.517
[WGS84 - EPSG:4326],Ailanthus altissima,2257F1FE-645E-F011-9112-08F1EAD81ED0,141816715,R00460,IT,POINT (8.8129529 45.8428385),FALSE,2022,22,Invasive Alien Species in Europe,https://easin.jrc.ec.europa.eu/ias/speciesreport/details/6316f1772f934d53a39b2796,2025-07-11T16:39:31.517
[WGS84 - EPSG:4326],Micropterus salmoides,7057F1FE-645E-F011-9112-08F1EAD81ED0,141816717,R09442,ES,POINT (-0.178699493408203 38.9918376021142),FALSE,2022,22,Invasive Alien Species in Europe,https://easin.jrc.ec.europa.eu/ias/speciesreport/details/62b20e6c6f4ce42ba54e94e1,2025-07-11T16:39:31.517
[WGS84 - EPSG:4326],Ailanthus altissima,6C57F1FE-645E-F011-9112-08F1EAD81ED0,141816719,R00460,IT,POINT (8.8657267 45.7761427),FALSE,2022,22,Invasive Alien Species in Europe,https://easin.jrc.ec.europa.eu/ias/speciesreport/details/632c106763bb55410c8bb995,2025-07-11T16:39:31.517
[WGS84 - EPSG:4326],Ailanthus altissima,6457F1FE-645E-F011-9112-08F1EAD81ED0,141816721,R00460,IT,POINT (8.7774174 45.7888849),FALSE,2022,22,Invasive Alien Species in Europe,https://easin.jrc.ec.europa.eu/ias/speciesreport/details/631705c62f934d53a39b27a7,2025-07-11T16:39:31.517
[WGS84 - EPSG:4326],Ailanthus altissima,6557F1FE-645E-F011-9112-08F1EAD81ED0,141816723,R00460,IT,POINT (8.7127348 45.6496218),FALSE,2022,22,Invasive Alien Species in Europe,https://easin.jrc.ec.europa.eu/ias/speciesreport/details/6322dc996a4c1405979f3c13,2025-07-11T16:39:31.517
[WGS84 - EPSG:4326],Ailanthus altissima,6657F1FE-645E-F011-9112-08F1EAD81ED0,141816725,R00460,IT,POINT (8.7630045 45.7903844),FALSE,2022,22,Invasive Alien Species in Europe,https://easin.jrc.ec.europa.eu/ias/speciesreport/details/62ecbc95f1eeb0097329265d,2025-07-11T16:39:31.517
[WGS84 - EPSG:4326],Ailanthus altissima,6757F1FE-645E-F011-9112-08F1EAD81ED0,141816727,R00460,IT,POINT (8.8768248 45.7620609),FALSE,2022,22,Invasive Alien Species in Europe,https://easin.jrc.ec.europa.eu/ias/speciesreport/details/632c15a163bb55410c8bb999,2025-07-11T16:39:31.517
[WGS84 - EPSG:4326],Ailanthus altissima,5657F1FE-645E-F011-9112-08F1EAD81ED0,141816729,R00460,IT,POINT (8.6794262 45.7362373),FALSE,2022,22,Invasive Alien Species in Europe,https://easin.jrc.ec.europa.eu/ias/speciesreport/details/6322f48f6a4c1405979f3c24,2025-07-11T16:39:31.517
[WGS84 - EPSG:4326],Carassius gibelio,5F57F1FE-645E-F011-9112-08F1EAD81ED0,141816731,R02744,BG,POINT (23.2598735924466 42.7812760499702),FALSE,2022,22,Invasive Alien Species in Europe,https://easin.jrc.ec.europa.eu/ias/speciesreport/details/628c904e9f2af7dc30dfbb77,2025-07-11T16:39:31.517
[WGS84 - EPSG:4326],Micropterus salmoides,5B57F1FE-645E-F011-9112-08F1EAD81ED0,141816733,R09442,ES,POINT (-0.3528198 39.4219637),FALSE,2022,22,Invasive Alien Species in Europe,https://easin.jrc.ec.europa.eu/ias/speciesreport/details/62b75f9096b97cf638662141,2025-07-11T16:39:31.517
[WGS84 - EPSG:4326],Ailanthus altissima,5C57F1FE-645E-F011-9112-08F1EAD81ED0,141816735,R00460,IT,POINT (8.7768099 45.6818329),FALSE,2022,22,Invasive Alien Species in Europe,https://easin.jrc.ec.europa.eu/ias/speciesreport/details/6322c7f5079496b951c5949e,2025-07-11T16:39:31.517
[WGS84 - EPSG:4326],Ailanthus altissima,6056F1FE-645E-F011-9112-08F1EAD81ED0,141816737,R00460,IT,POINT (8.8057395 45.8285035),FALSE,2022,22,Invasive Alien Species in Europe,https://easin.jrc.ec.europa.eu/ias/speciesreport/details/635cda8dd19b81fba84bc15f,2025-07-11T16:39:31.517
[WGS84 - EPSG:4326],Ailanthus altissima,6156F1FE-645E-F011-9112-08F1EAD81ED0,141816739,R00460,IT,POINT (8.8190742 45.8168205),FALSE,2022,22,Invasive Alien Species in Europe,https://easin.jrc.ec.europa.eu/ias/speciesreport/details/63206f2e079496b951c5947d,2025-07-11T16:39:31.517
[WGS84 - EPSG:4326],Sander lucioperca,5C56F1FE-645E-F011-9112-08F1EAD81ED0,141816741,R13510,ES,POINT (-0.5915588 40.1048821),FALSE,2022,22,Invasive Alien Species in Europe,https://easin.jrc.ec.europa.eu/ias/speciesreport/details/62a879dbc92ab31a0025b2f0,2025-07-11T16:39:31.517
[WGS84 - EPSG:4326],Ailanthus altissima,6556F1FE-645E-F011-9112-08F1EAD81ED0,141816743,R00460,IT,POINT (8.8405523 45.7842367),FALSE,2022,22,Invasive Alien Species in Europe,https://easin.jrc.ec.europa.eu/ias/speciesreport/details/632083f4079496b951c5948c,2025-07-11T16:39:31.517
[WGS84 - EPSG:4326],Micropterus salmoides,6756F1FE-645E-F011-9112-08F1EAD81ED0,141816745,R09442,ES,POINT (-1.54495239257812 39.6109782362526),FALSE,2022,22,Invasive Alien Species in Europe,https://easin.jrc.ec.europa.eu/ias/speciesreport/details/62a3a883fa19f2a4655c92b2,2025-07-11T16:39:31.517
[WGS84 - EPSG:4326],Ailanthus altissima,6B56F1FE-645E-F011-9112-08F1EAD81ED0,141816747,R00460,IT,POINT (8.6464613 45.8943007),FALSE,2022,22,Invasive Alien Species in Europe,https://easin.jrc.ec.europa.eu/ias/speciesreport/details/6319b0fa2f934d53a39b27cf,2025-07-11T16:39:31.517
[WGS84 - EPSG:4326],Ailanthus altissima,7756F1FE-645E-F011-9112-08F1EAD81ED0,141816749,R00460,IT,POINT (16.0675575 41.7061249),FALSE,2022,22,Invasive Alien Species in Europe,https://easin.jrc.ec.europa.eu/ias/speciesreport/details/629b1136f1f4fdc7bf21dacc,2025-07-11T16:39:31.517
[WGS84 - EPSG:4326],Ailanthus altissima,7156F1FE-645E-F011-9112-08F1EAD81ED0,141816751,R00460,IT,POINT (16.067297 41.7061041),FALSE,2022,22,Invasive Alien Species in Europe,https://easin.jrc.ec.europa.eu/ias/speciesreport/details/629b12a8f1f4fdc7bf21dacd,2025-07-11T16:39:31.517
[WGS84 - EPSG:4326],Ailanthus altissima,7356F1FE-645E-F011-9112-08F1EAD81ED0,141816753,R00460,IT,POINT (8.6483361 45.8943207),FALSE,2022,22,Invasive Alien Species in Europe,https://easin.jrc.ec.europa.eu/ias/speciesreport/details/6319afe62f934d53a39b27cd,2025-07-11T16:39:31.517
[WGS84 - EPSG:4326],Ailanthus altissima,3D56F1FE-645E-F011-9112-08F1EAD81ED0,141816755,R00460,IT,POINT (8.8312752 45.8068596),FALSE,2022,22,Invasive Alien Species in Europe,https://easin.jrc.ec.europa.eu/ias/speciesreport/details/632073fe079496b951c59481,2025-07-11T16:39:31.517
[WGS84 - EPSG:4326],Ailanthus altissima,5256F1FE-645E-F011-9112-08F1EAD81ED0,141816757,R00460,IT,POINT (8.8156019 45.8127507),FALSE,2022,22,Invasive Alien Species in Europe,https://easin.jrc.ec.europa.eu/ias/speciesreport/details/6320731f079496b951c59480,2025-07-11T16:39:31.517
[WGS84 - EPSG:4326],Alburnus alburnus,4F56F1FE-645E-F011-9112-08F1EAD81ED0,141816759,R00481,ES,POINT (-4.73235043052682 37.9030113224905),FALSE,2022,22,Invasive Alien Species in Europe,https://easin.jrc.ec.europa.eu/ias/speciesreport/details/61e6b8fa0111799d2b84ab27,2025-07-11T16:39:31.517
[WGS84 - EPSG:4326],Ailanthus altissima,3356F1FE-645E-F011-9112-08F1EAD81ED0,141816761,R00460,IT,POINT (8.63219618797302 45.8898513372064),FALSE,2022,22,Invasive Alien Species in Europe,https://easin.jrc.ec.europa.eu/ias/speciesreport/details/6319b3792f934d53a39b27d2,2025-07-11T16:39:31.517
[WGS84 - EPSG:4326],Ailanthus altissima,3A56F1FE-645E-F011-9112-08F1EAD81ED0,141816763,R00460,IT,POINT (8.821915 45.8282829),FALSE,2022,22,Invasive Alien Species in Europe,https://easin.jrc.ec.europa.eu/ias/speciesreport/details/6311a3a88d5f7ca8dbea0858,2025-07-11T16:39:31.517
[WGS84 - EPSG:4326],Ailanthus altissima,4356F1FE-645E-F011-9112-08F1EAD81ED0,141816765,R00460,IT,POINT (8.8095768 45.8141268),FALSE,2022,22,Invasive Alien Species in Europe,https://easin.jrc.ec.europa.eu/ias/speciesreport/details/6316fcfb2f934d53a39b27a0,2025-07-11T16:39:31.517
[WGS84 - EPSG:4326],Ailanthus altissima,4056F1FE-645E-F011-9112-08F1EAD81ED0,141816767,R00460,IT,POINT (8.7026435 45.6926556),FALSE,2022,22,Invasive Alien Species in Europe,https://easin.jrc.ec.europa.eu/ias/speciesreport/details/6322ee436a4c1405979f3c21,2025-07-11T16:39:31.517
[WGS84 - EPSG:4326],Ailanthus altissima,4556F1FE-645E-F011-9112-08F1EAD81ED0,141816769,R00460,IT,POINT (8.6676649 45.8042259),FALSE,2022,22,Invasive Alien Species in Europe,https://easin.jrc.ec.europa.eu/ias/speciesreport/details/6322f7da6a4c1405979f3c29,2025-07-11T16:39:31.517
[WGS84 - EPSG:4326],Ailanthus altissima,B456F1FE-645E-F011-9112-08F1EAD81ED0,141816771,R00460,IT,POINT (8.7278159 45.8348992),FALSE,2022,22,Invasive Alien Species in Europe,https://easin.jrc.ec.europa.eu/ias/speciesreport/details/6317157f2f934d53a39b27ad,2025-07-11T16:39:31.517
[WGS84 - EPSG:4326],Carassius gibelio,C356F1FE-645E-F011-9112-08F1EAD81ED0,141816773,R02744,BG,POINT (23.422669172287 42.5884814679437),FALSE,2022,22,Invasive Alien Species in Europe,https://easin.jrc.ec.europa.eu/ias/speciesreport/details/627f380dace2b39c9ee26e2a,2025-07-11T16:39:31.517
[WGS84 - EPSG:4326],Ailanthus altissima,BE56F1FE-645E-F011-9112-08F1EAD81ED0,141816775,R00460,IT,POINT (8.7729119 45.6659086),FALSE,2022,22,Invasive Alien Species in Europe,https://easin.jrc.ec.europa.eu/ias/speciesreport/details/6322d31c079496b951c594a4,2025-07-11T16:39:31.517
[WGS84 - EPSG:4326],Corbicula fluminea,BF56F1FE-645E-F011-9112-08F1EAD81ED0,141816777,R04013,ES,POINT (-0.5915588 40.1048821),FALSE,2022,22,Invasive Alien Species in Europe,https://easin.jrc.ec.europa.eu/ias/speciesreport/details/62a87b1bc92ab31a0025b2f2,2025-07-11T16:39:31.517
[WGS84 - EPSG:4326],Silurus glanis,C056F1FE-645E-F011-9112-08F1EAD81ED0,141816779,R14099,GI,POINT (-5.5706296954304 36.2551474544725),FALSE,2022,22,Invasive Alien Species in Europe,https://easin.jrc.ec.europa.eu/ias/speciesreport/details/631c42f6079496b951c59470,2025-07-11T16:39:31.517
[WGS84 - EPSG:4326],Ailanthus altissima,BA56F1FE-645E-F011-9112-08F1EAD81ED0,141816781,R00460,IT,POINT (8.6802543 45.8594502),FALSE,2022,22,Invasive Alien Species in Europe,https://easin.jrc.ec.europa.eu/ias/speciesreport/details/63199c242f934d53a39b27b7,2025-07-11T16:39:31.517
[WGS84 - EPSG:4326],Alburnus alburnus,B056F1FE-645E-F011-9112-08F1EAD81ED0,141816783,R00481,ES,POINT (-4.7436615 41.6292949),FALSE,2022,22,Invasive Alien Species in Europe,https://easin.jrc.ec.europa.eu/ias/speciesreport/details/62af704c3dac78588a2ad6b0,2025-07-11T16:39:31.517
[WGS84 - EPSG:4326],Oncorhynchus mykiss,AB56F1FE-645E-F011-9112-08F1EAD81ED0,141816785,R10330,ES,POINT (-1.90020451205783 38.5103521682533),FALSE,2022,22,Invasive Alien Species in Europe,https://easin.jrc.ec.europa.eu/ias/speciesreport/details/62a5895c5f0c430ec091e883,2025-07-11T16:39:31.517
[WGS84 - EPSG:4326],Ailanthus altissima,AC56F1FE-645E-F011-9112-08F1EAD81ED0,141816787,R00460,IT,POINT (8.6061481 45.7974864),FALSE,2022,22,Invasive Alien Species in Europe,https://easin.jrc.ec.europa.eu/ias/speciesreport/details/6310c3198d5f7ca8dbea084f,2025-07-11T16:39:31.517
[WGS84 - EPSG:4326],Vespa velutina nigrithorax,A356F1FE-645E-F011-9112-08F1EAD81ED0,141816789,R15970,BE,POINT (6.13451882511417 49.6316208250147),FALSE,2022,22,Invasive Alien Species in Europe,https://easin.jrc.ec.europa.eu/ias/speciesreport/details/6374dc1a11845ea53a6e6fe4,2025-07-11T16:39:31.517
[WGS84 - EPSG:4326],Ailanthus altissima,9856F1FE-645E-F011-9112-08F1EAD81ED0,141816791,R00460,IT,POINT (8.7992606 45.8349311),FALSE,2022,22,Invasive Alien Species in Europe,https://easin.jrc.ec.europa.eu/ias/speciesreport/details/63248efdc09991bfd4e9e1a8,2025-07-11T16:39:31.517
[WGS84 - EPSG:4326],Cyprinus carpio,9556F1FE-645E-F011-9112-08F1EAD81ED0,141816793,R04750,ES,POINT (-1.13193578 39.79467603),FALSE,2022,22,Invasive Alien Species in Europe,https://easin.jrc.ec.europa.eu/ias/speciesreport/details/62b5d14496b97cf63866213c,2025-07-11T16:39:31.517
[WGS84 - EPSG:4326],Carassius gibelio,9656F1FE-645E-F011-9112-08F1EAD81ED0,141816795,R02744,BG,POINT (23.4237867861157 42.5878715945012),FALSE,2022,22,Invasive Alien Species in Europe,https://easin.jrc.ec.europa.eu/ias/speciesreport/details/6288cde7ace2b39c9ee26e43,2025-07-11T16:39:31.517
[WGS84 - EPSG:4326],Alternanthera philoxeroides,9256F1FE-645E-F011-9112-08F1EAD81ED0,141816797,R00669,ES,POINT (-5.98887302777778 37.41516875),FALSE,2022,22,Invasive Alien Species in Europe,https://easin.jrc.ec.europa.eu/ias/speciesreport/details/6364c6896e40c2fc8d6574c1,2025-07-11T16:39:31.517
[WGS84 - EPSG:4326],Ailanthus altissima,A056F1FE-645E-F011-9112-08F1EAD81ED0,141816799,R00460,IT,POINT (8.7064832 45.6479072),FALSE,2022,22,Invasive Alien Species in Europe,https://easin.jrc.ec.europa.eu/ias/speciesreport/details/6322ddc26a4c1405979f3c14,2025-07-11T16:39:31.517
[WGS84 - EPSG:4326],Dreissena polymorpha,9B56F1FE-645E-F011-9112-08F1EAD81ED0,141816801,R05292,BG,POINT (23.4607486722222 42.7272071836111),FALSE,2022,22,Invasive Alien Species in Europe,https://easin.jrc.ec.europa.eu/ias/speciesreport/details/635b056fd19b81fba84bc15a,2025-07-11T16:39:31.517
[WGS84 - EPSG:4326],Ailanthus altissima,8656F1FE-645E-F011-9112-08F1EAD81ED0,141816803,R00460,IT,POINT (8.8077087 45.8307665),FALSE,2022,22,Invasive Alien Species in Europe,https://easin.jrc.ec.europa.eu/ias/speciesreport/details/631f2bf0079496b951c59473,2025-07-11T16:39:31.517
[WGS84 - EPSG:4326],Cyprinus carpio,7F56F1FE-645E-F011-9112-08F1EAD81ED0,141816805,R04750,ES,POINT (-0.4156108 39.1771983),FALSE,2022,22,Invasive Alien Species in Europe,https://easin.jrc.ec.europa.eu/ias/speciesreport/details/629f337af1f4fdc7bf21dae3,2025-07-11T16:39:31.517
[WGS84 - EPSG:4326],Ailanthus altissima,8456F1FE-645E-F011-9112-08F1EAD81ED0,141816807,R00460,IT,POINT (8.8679324 45.7749625),FALSE,2022,22,Invasive Alien Species in Europe,https://easin.jrc.ec.europa.eu/ias/speciesreport/details/632c0b4063bb55410c8bb990,2025-07-11T16:39:31.517
[WGS84 - EPSG:4326],Pseudorasbora parva,1256F1FE-645E-F011-9112-08F1EAD81ED0,141816809,R12451,BG,POINT (23.2597839832306 42.7813488875012),FALSE,2022,22,Invasive Alien Species in Europe,https://easin.jrc.ec.europa.eu/ias/speciesreport/details/628c90469f2af7dc30dfbb76,2025-07-11T16:39:31.517
[WGS84 - EPSG:4326],Myiopsitta monachus,1856F1FE-645E-F011-9112-08F1EAD81ED0,141816811,R09715,ES,POINT (-3.7211109 40.3838439),FALSE,2022,22,Invasive Alien Species in Europe,https://easin.jrc.ec.europa.eu/ias/speciesreport/details/632aec2bc1e29cc38b25dda5,2025-07-11T16:39:31.517
[WGS84 - EPSG:4326],Pseudorasbora parva,1D56F1FE-645E-F011-9112-08F1EAD81ED0,141816813,R12451,BG,POINT (23.2627107 41.4584359),FALSE,2022,22,Invasive Alien Species in Europe,https://easin.jrc.ec.europa.eu/ias/speciesreport/details/62ac5f593dac78588a2ad69e,2025-07-11T16:39:31.517
[WGS84 - EPSG:4326],Ailanthus altissima,1B56F1FE-645E-F011-9112-08F1EAD81ED0,141816815,R00460,IT,POINT (8.7092795 45.6795216),FALSE,2022,22,Invasive Alien Species in Europe,https://easin.jrc.ec.europa.eu/ias/speciesreport/details/6322e5146a4c1405979f3c1b,2025-07-11T16:39:31.517
[WGS84 - EPSG:4326],Ailanthus altissima,2256F1FE-645E-F011-9112-08F1EAD81ED0,141816817,R00460,IT,POINT (8.67837309837341 45.788332441194),FALSE,2022,22,Invasive Alien Species in Europe,https://easin.jrc.ec.europa.eu/ias/speciesreport/details/6322f4dd6a4c1405979f3c25,2025-07-11T16:39:31.517
[WGS84 - EPSG:4326],Ailanthus altissima,2556F1FE-645E-F011-9112-08F1EAD81ED0,141816819,R00460,BG,POINT (25.2205944061111 42.1065444944444),FALSE,2022,22,Invasive Alien Species in Europe,https://easin.jrc.ec.europa.eu/ias/speciesreport/details/6341387fbbac7c435b17e3f7,2025-07-11T16:39:31.517
[WGS84 - EPSG:4326],Myiopsitta monachus,2656F1FE-645E-F011-9112-08F1EAD81ED0,141816821,R09715,ES,POINT (-3.7158117 40.3873726),FALSE,2022,22,Invasive Alien Species in Europe,https://easin.jrc.ec.europa.eu/ias/speciesreport/details/62a1b4aafa19f2a4655c92a7,2025-07-11T16:39:31.517
[WGS84 - EPSG:4326],Ailanthus altissima,2756F1FE-645E-F011-9112-08F1EAD81ED0,141816823,R00460,BG,POINT (23.3332776529278 42.6834624907225),FALSE,2022,22,Invasive Alien Species in Europe,https://easin.jrc.ec.europa.eu/ias/speciesreport/details/6287c407ace2b39c9ee26e39,2025-07-11T16:39:31.517
[WGS84 - EPSG:4326],Gambusia holbrooki,2C56F1FE-645E-F011-9112-08F1EAD81ED0,141816825,R06574,BG,POINT (23.4214464943293 42.5881512703635),FALSE,2022,22,Invasive Alien Species in Europe,https://easin.jrc.ec.europa.eu/ias/speciesreport/details/6288c17cace2b39c9ee26e3d,2025-07-11T16:39:31.517
[WGS84 - EPSG:4326],Ailanthus altissima,E855F1FE-645E-F011-9112-08F1EAD81ED0,141816827,R00460,IT,POINT (8.8099873 45.8256993),FALSE,2022,22,Invasive Alien Species in Europe,https://easin.jrc.ec.europa.eu/ias/speciesreport/details/631f3445079496b951c59479,2025-07-11T16:39:31.517
[WGS84 - EPSG:4326],Corbicula fluminea,E955F1FE-645E-F011-9112-08F1EAD81ED0,141816829,R04013,ES,POINT (-0.4114872 39.2084075),FALSE,2022,22,Invasive Alien Species in Europe,https://easin.jrc.ec.europa.eu/ias/speciesreport/details/629f39a6f1f4fdc7bf21dae8,2025-07-11T16:39:31.517
[WGS84 - EPSG:4326],Alopochen aegyptiaca,ED55F1FE-645E-F011-9112-08F1EAD81ED0,141816831,R00644,ES,POINT (-3.68552997222222 40.3717729722222),FALSE,2022,22,Invasive Alien Species in Europe,https://easin.jrc.ec.europa.eu/ias/speciesreport/details/629638a6f1f4fdc7bf21dab9,2025-07-11T16:39:31.517
[WGS84 - EPSG:4326],Ailanthus altissima,F155F1FE-645E-F011-9112-08F1EAD81ED0,141816833,R00460,IT,POINT (8.8224014 45.8286243),FALSE,2022,22,Invasive Alien Species in Europe,https://easin.jrc.ec.europa.eu/ias/speciesreport/details/6295bb9c9f2af7dc30dfbb88,2025-07-11T16:39:31.517
[WGS84 - EPSG:4326],Ailanthus altissima,F255F1FE-645E-F011-9112-08F1EAD81ED0,141816835,R00460,IT,POINT (8.8073829 45.8053443),FALSE,2022,22,Invasive Alien Species in Europe,https://easin.jrc.ec.europa.eu/ias/speciesreport/details/6316fffe2f934d53a39b27a4,2025-07-11T16:39:31.517
[WGS84 - EPSG:4326],Ailanthus altissima,0F56F1FE-645E-F011-9112-08F1EAD81ED0,141816837,R00460,IT,POINT (8.7633045 45.7903957),FALSE,2022,22,Invasive Alien Species in Europe,https://easin.jrc.ec.europa.eu/ias/speciesreport/details/62ecb96bf1eeb0097329265c,2025-07-11T16:39:31.517
[WGS84 - EPSG:4326],Esox lucius,0B56F1FE-645E-F011-9112-08F1EAD81ED0,141816839,R05980,ES,POINT (-1.54117584228516 39.6136231136491),FALSE,2022,22,Invasive Alien Species in Europe,https://easin.jrc.ec.europa.eu/ias/speciesreport/details/62a3a916fa19f2a4655c92b3,2025-07-11T16:39:31.517
[WGS84 - EPSG:4326],Rhynchophorus ferrugineus,0756F1FE-645E-F011-9112-08F1EAD81ED0,141816841,R13007,ES,POINT (-3.59853571908388 40.0630259034325),FALSE,2022,22,Invasive Alien Species in Europe,https://easin.jrc.ec.europa.eu/ias/speciesreport/details/6342e59bbbac7c435b17e407,2025-07-11T16:39:31.517
[WGS84 - EPSG:4326],Micropterus salmoides,D955F1FE-645E-F011-9112-08F1EAD81ED0,141816843,R09442,ES,POINT (-1.11128893622663 39.7443702087072),FALSE,2022,22,Invasive Alien Species in Europe,https://easin.jrc.ec.europa.eu/ias/speciesreport/details/6299b39af1f4fdc7bf21dac4,2025-07-11T16:39:31.517
[WGS84 - EPSG:4326],Ailanthus altissima,D755F1FE-645E-F011-9112-08F1EAD81ED0,141816845,R00460,IT,POINT (8.708482 45.6793403),FALSE,2022,22,Invasive Alien Species in Europe,https://easin.jrc.ec.europa.eu/ias/speciesreport/details/6322e63d6a4c1405979f3c1c,2025-07-11T16:39:31.517
[WGS84 - EPSG:4326],Micropterus salmoides,E155F1FE-645E-F011-9112-08F1EAD81ED0,141816847,R09442,ES,POINT (-0.586176058568526 40.1045001369294),FALSE,2022,22,Invasive Alien Species in Europe,https://easin.jrc.ec.europa.eu/ias/speciesreport/details/62a9fe26c92ab31a0025b2fa,2025-07-11T16:39:31.517
[WGS84 - EPSG:4326],Ailanthus altissima,C255F1FE-645E-F011-9112-08F1EAD81ED0,141816849,R00460,IT,POINT (8.89377593994141 45.8108541928826),FALSE,2022,22,Invasive Alien Species in Europe,https://easin.jrc.ec.europa.eu/ias/speciesreport/details/6357f30efa8e3fcccb96c705,2025-07-11T16:39:31.517
[WGS84 - EPSG:4326],Alburnus alburnus,C555F1FE-645E-F011-9112-08F1EAD81ED0,141816851,R00481,ES,POINT (-4.7432814 41.6292091),FALSE,2022,22,Invasive Alien Species in Europe,https://easin.jrc.ec.europa.eu/ias/speciesreport/details/62af70b83dac78588a2ad6b2,2025-07-11T16:39:31.517
[WGS84 - EPSG:4326],Procambarus clarkii,B355F1FE-645E-F011-9112-08F1EAD81ED0,141816853,R12250,ES,POINT (-4.7434181 41.6289975),FALSE,2022,22,Invasive Alien Species in Europe,https://easin.jrc.ec.europa.eu/ias/speciesreport/details/62af70133dac78588a2ad6af,2025-07-11T16:39:31.517
[WGS84 - EPSG:4326],Ailanthus altissima,B755F1FE-645E-F011-9112-08F1EAD81ED0,141816855,R00460,IT,POINT (8.7262233 45.8427044),FALSE,2022,22,Invasive Alien Species in Europe,https://easin.jrc.ec.europa.eu/ias/speciesreport/details/630f08d08d5f7ca8dbea0842,2025-07-11T16:39:31.517
[WGS84 - EPSG:4326],Alburnus alburnus,BB55F1FE-645E-F011-9112-08F1EAD81ED0,141816857,R00481,ES,POINT (-1.12760542 39.7855422),FALSE,2022,22,Invasive Alien Species in Europe,https://easin.jrc.ec.europa.eu/ias/speciesreport/details/62b5d14d96b97cf63866213d,2025-07-11T16:39:31.517
[WGS84 - EPSG:4326],Ailanthus altissima,AA55F1FE-645E-F011-9112-08F1EAD81ED0,141816859,R00460,IT,POINT (8.8220175 45.8283696),FALSE,2022,22,Invasive Alien Species in Europe,https://easin.jrc.ec.europa.eu/ias/speciesreport/details/6311a3138d5f7ca8dbea0856,2025-07-11T16:39:31.517
[WGS84 - EPSG:4326],Ailanthus altissima,AB55F1FE-645E-F011-9112-08F1EAD81ED0,141816861,R00460,IT,POINT (8.821915 45.8282829),FALSE,2022,22,Invasive Alien Species in Europe,https://easin.jrc.ec.europa.eu/ias/speciesreport/details/6311a3608d5f7ca8dbea0857,2025-07-11T16:39:31.517
[WGS84 - EPSG:4326],Ailanthus altissima,AC55F1FE-645E-F011-9112-08F1EAD81ED0,141816863,R00460,IT,POINT (8.7044307 45.6569869),FALSE,2022,22,Invasive Alien Species in Europe,https://easin.jrc.ec.europa.eu/ias/speciesreport/details/6322e2286a4c1405979f3c18,2025-07-11T16:39:31.517
[WGS84 - EPSG:4326],Ailanthus altissima,AF55F1FE-645E-F011-9112-08F1EAD81ED0,141816865,R00460,IT,POINT (8.8059289 45.8254509),FALSE,2022,22,Invasive Alien Species in Europe,https://easin.jrc.ec.europa.eu/ias/speciesreport/details/6311be988d5f7ca8dbea0872,2025-07-11T16:39:31.517
[WGS84 - EPSG:4326],Ailanthus altissima,C955F1FE-645E-F011-9112-08F1EAD81ED0,141860156,R00460,BG,POINT (23.3132350444794 42.6603399605506),FALSE,2023,22,Invasive Alien Species in Europe,https://easin.jrc.ec.europa.eu/ias/speciesreport/details/64728266d2908f934ec0e0d0,2025-07-11T16:39:31.517
[WGS84 - EPSG:4326],Pseudorasbora parva,D355F1FE-645E-F011-9112-08F1EAD81ED0,141860164,R12451,BG,POINT (23.3073251613314 42.6595984923968),FALSE,2023,22,Invasive Alien Species in Europe,https://easin.jrc.ec.europa.eu/ias/speciesreport/details/64728155d2908f934ec0e0ce,2025-07-11T16:39:31.517
[WGS84 - EPSG:4326],Robinia pseudoacacia,E655F1FE-645E-F011-9112-08F1EAD81ED0,141860172,R13059,ES,POINT (-0.3176622 42.55441),FALSE,2023,22,Invasive Alien Species in Europe,https://easin.jrc.ec.europa.eu/ias/speciesreport/details/655ca5f61440de683e9d23fc,2025-07-11T16:39:31.517
[WGS84 - EPSG:4326],Impatiens glandulifera,F055F1FE-645E-F011-9112-08F1EAD81ED0,141860180,R07719,UK,POINT (0.1026388 50.9700826),FALSE,2023,22,Invasive Alien Species in Europe,https://easin.jrc.ec.europa.eu/ias/speciesreport/details/64cf7dcd27f4b7ab7f3b90a3,2025-07-11T16:39:31.517
[WGS84 - EPSG:4326],Lepomis gibbosus,F555F1FE-645E-F011-9112-08F1EAD81ED0,141860188,R08376,PT,POINT (-8.47755813583333 41.1058807372222),FALSE,2023,22,Invasive Alien Species in Europe,https://easin.jrc.ec.europa.eu/ias/speciesreport/details/646e733c708817afbb2c98fa,2025-07-11T16:39:31.517
[WGS84 - EPSG:4326],Myiopsitta monachus,2D56F1FE-645E-F011-9112-08F1EAD81ED0,141860196,R09715,ES,POINT (-3.7180394 40.3848365),FALSE,2023,22,Invasive Alien Species in Europe,https://easin.jrc.ec.europa.eu/ias/speciesreport/details/640b16c81e2419753218f539,2025-07-11T16:39:31.517
[WGS84 - EPSG:4326],Gambusia holbrooki,2E56F1FE-645E-F011-9112-08F1EAD81ED0,141860204,R06574,BG,POINT (23.307409286499 42.6596298733564),FALSE,2023,22,Invasive Alien Species in Europe,https://easin.jrc.ec.europa.eu/ias/speciesreport/details/647280add2908f934ec0e0cd,2025-07-11T16:39:31.517
[WGS84 - EPSG:4326],Lepomis gibbosus,2F56F1FE-645E-F011-9112-08F1EAD81ED0,141860212,R08376,PT,POINT (-8.48478031138889 41.0971527097222),FALSE,2023,22,Invasive Alien Species in Europe,https://easin.jrc.ec.europa.eu/ias/speciesreport/details/6527d8d134067d260a34631f,2025-07-11T16:39:31.517
[WGS84 - EPSG:4326],Impatiens glandulifera,9456F1FE-645E-F011-9112-08F1EAD81ED0,141860220,R07719,UK,POINT (0.1048853 50.9713514),FALSE,2023,22,Invasive Alien Species in Europe,https://easin.jrc.ec.europa.eu/ias/speciesreport/details/64cf7a7727f4b7ab7f3b90a1,2025-07-11T16:39:31.517
[WGS84 - EPSG:4326],Gambusia holbrooki,A856F1FE-645E-F011-9112-08F1EAD81ED0,141860228,R06574,BG,POINT (23.3077418804169 42.6603794096013),FALSE,2023,22,Invasive Alien Species in Europe,https://easin.jrc.ec.europa.eu/ias/speciesreport/details/6473a3afed0fdf9ca77c4356,2025-07-11T16:39:31.517
[WGS84 - EPSG:4326],Trachemys scripta,B256F1FE-645E-F011-9112-08F1EAD81ED0,141860236,R18154,BG,POINT (23.3084285259247 42.6621861493033),FALSE,2023,22,Invasive Alien Species in Europe,https://easin.jrc.ec.europa.eu/ias/speciesreport/details/6473aa81ed0fdf9ca77c4359,2025-07-11T16:39:31.517
[WGS84 - EPSG:4326],Oxalis pes-caprae,6A56F1FE-645E-F011-9112-08F1EAD81ED0,141860244,R10619,ES,POINT (-5.90995788574219 37.3352243593064),FALSE,2023,22,Invasive Alien Species in Europe,https://easin.jrc.ec.europa.eu/ias/speciesreport/details/65880e7e1440de683e9d2406,2025-07-11T16:39:31.517
[WGS84 - EPSG:4326],Oenothera biennis,6856F1FE-645E-F011-9112-08F1EAD81ED0,141860252,R10174,ES,POINT (-3.4815556 43.2544541),FALSE,2023,22,Invasive Alien Species in Europe,https://easin.jrc.ec.europa.eu/ias/speciesreport/details/648842d7bc50ea21a9f2045a,2025-07-11T16:39:31.517
[WGS84 - EPSG:4326],Oxalis pes-caprae,6656F1FE-645E-F011-9112-08F1EAD81ED0,141860260,R10619,ES,POINT (-6.0720705986023 37.38121102502),FALSE,2023,22,Invasive Alien Species in Europe,https://easin.jrc.ec.europa.eu/ias/speciesreport/details/6587f8dc1440de683e9d2405,2025-07-11T16:39:31.517
[WGS84 - EPSG:4326],Arundo donax,6456F1FE-645E-F011-9112-08F1EAD81ED0,141860268,R01515,PT,POINT (-8.49136922293837 41.0989398826086),FALSE,2023,22,Invasive Alien Species in Europe,https://easin.jrc.ec.europa.eu/ias/speciesreport/details/6534d9df34067d260a346332,2025-07-11T16:39:31.517
[WGS84 - EPSG:4326],Myiopsitta monachus,6B57F1FE-645E-F011-9112-08F1EAD81ED0,141860276,R09715,ES,POINT (-3.7211029 40.3828108),FALSE,2023,22,Invasive Alien Species in Europe,https://easin.jrc.ec.europa.eu/ias/speciesreport/details/640b0e501e2419753218f536,2025-07-11T16:39:31.517
[WGS84 - EPSG:4326],Myriophyllum aquaticum,2357F1FE-645E-F011-9112-08F1EAD81ED0,141860492,R18934,PT,POINT (-8.499510765 41.1130065916667),FALSE,2023,22,Invasive Alien Species in Europe,https://easin.jrc.ec.europa.eu/ias/speciesreport/details/6527dcf334067d260a346323,2025-07-11T16:39:31.517
[WGS84 - EPSG:4326],Myiopsitta monachus,2757F1FE-645E-F011-9112-08F1EAD81ED0,141860500,R09715,ES,POINT (-3.7197644 40.382166),FALSE,2023,22,Invasive Alien Species in Europe,https://easin.jrc.ec.europa.eu/ias/speciesreport/details/640b09831e2419753218f533,2025-07-11T16:39:31.517
[WGS84 - EPSG:4326],Vespa velutina nigrithorax,1657F1FE-645E-F011-9112-08F1EAD81ED0,141860508,R15970,DE,POINT (8.963858 50.038013),FALSE,2023,22,Invasive Alien Species in Europe,https://easin.jrc.ec.europa.eu/ias/speciesreport/details/65645a801440de683e9d2400,2025-07-11T16:39:31.517
[WGS84 - EPSG:4326],Alburnus alburnus,C556F1FE-645E-F011-9112-08F1EAD81ED0,141860516,R00481,PT,POINT (-8.48485851277778 41.0970993041667),FALSE,2023,22,Invasive Alien Species in Europe,https://easin.jrc.ec.europa.eu/ias/speciesreport/details/652805f034067d260a346324,2025-07-11T16:39:31.517
[WGS84 - EPSG:4326],Procambarus clarkii,D556F1FE-645E-F011-9112-08F1EAD81ED0,141860524,R12250,PT,POINT (-8.48488044722222 41.0971298216667),FALSE,2023,22,Invasive Alien Species in Europe,https://easin.jrc.ec.europa.eu/ias/speciesreport/details/646e72bb708817afbb2c98f9,2025-07-11T16:39:31.517
[WGS84 - EPSG:4326],Trachemys scripta,ED54F1FE-645E-F011-9112-08F1EAD81ED0,142325747,R18154,IT,POINT (12.0516157150269 41.958851843506),FALSE,2023,22,Invasive Alien Species in Europe,https://easin.jrc.ec.europa.eu/ias/speciesreport/details/644e9ff9fdaea5d68fc8cd1c,2025-07-11T16:39:31.517
[WGS84 - EPSG:4326],Carassius gibelio,0455F1FE-645E-F011-9112-08F1EAD81ED0,142325755,R02744,BG,POINT (23.3031241 42.705484),FALSE,2023,22,Invasive Alien Species in Europe,https://easin.jrc.ec.europa.eu/ias/speciesreport/details/6473a32bed0fdf9ca77c4355,2025-07-11T16:39:31.517
[WGS84 - EPSG:4326],Myiopsitta monachus,FC54F1FE-645E-F011-9112-08F1EAD81ED0,142325763,R09715,ES,POINT (-3.7222279 40.3777692),FALSE,2023,22,Invasive Alien Species in Europe,https://easin.jrc.ec.europa.eu/ias/speciesreport/details/640c66e024207985fa189835,2025-07-11T16:39:31.517
[WGS84 - EPSG:4326],Lepomis gibbosus,E354F1FE-645E-F011-9112-08F1EAD81ED0,142325771,R08376,BG,POINT (23.3073612674434 42.6596477820222),FALSE,2023,22,Invasive Alien Species in Europe,https://easin.jrc.ec.europa.eu/ias/speciesreport/details/647281d7d2908f934ec0e0cf,2025-07-11T16:39:31.517
[WGS84 - EPSG:4326],Myiopsitta monachus,D154F1FE-645E-F011-9112-08F1EAD81ED0,142325779,R09715,ES,POINT (-3.7191282 40.3828813),FALSE,2023,22,Invasive Alien Species in Europe,https://easin.jrc.ec.europa.eu/ias/speciesreport/details/640b022a1e2419753218f530,2025-07-11T16:39:31.517
[WGS84 - EPSG:4326],Myriophyllum aquaticum,D254F1FE-645E-F011-9112-08F1EAD81ED0,142325787,R18934,PT,POINT (-8.48515748977661 41.0970116563266),FALSE,2023,22,Invasive Alien Species in Europe,https://easin.jrc.ec.europa.eu/ias/speciesreport/details/651c286734067d260a346318,2025-07-11T16:39:31.517
[WGS84 - EPSG:4326],Oxalis pes-caprae,1C55F1FE-645E-F011-9112-08F1EAD81ED0,142325795,R10619,ES,POINT (-6.86568444193654 37.6396751418371),FALSE,2023,22,Invasive Alien Species in Europe,https://easin.jrc.ec.europa.eu/ias/speciesreport/details/6579ca551440de683e9d2402,2025-07-11T16:39:31.517
[WGS84 - EPSG:4326],Trachemys scripta,2B55F1FE-645E-F011-9112-08F1EAD81ED0,142325803,R18154,IT,POINT (12.9529666900635 41.5748910323426),FALSE,2023,22,Invasive Alien Species in Europe,https://easin.jrc.ec.europa.eu/ias/speciesreport/details/6535349134067d260a346335,2025-07-11T16:39:31.517
[WGS84 - EPSG:4326],Myiopsitta monachus,2C55F1FE-645E-F011-9112-08F1EAD81ED0,142325811,R09715,ES,POINT (-3.7254237 40.381482),FALSE,2023,22,Invasive Alien Species in Europe,https://easin.jrc.ec.europa.eu/ias/speciesreport/details/640c70db24207985fa18983a,2025-07-11T16:39:31.517
[WGS84 - EPSG:4326],Nicotiana glauca,3A55F1FE-645E-F011-9112-08F1EAD81ED0,142325819,R10004,ES,POINT (-1.16928462870528 38.0161009217035),FALSE,2023,22,Invasive Alien Species in Europe,https://easin.jrc.ec.europa.eu/ias/speciesreport/details/63f89e25cb042949c55c5df3,2025-07-11T16:39:31.517
[WGS84 - EPSG:4326],Myriophyllum aquaticum,4F55F1FE-645E-F011-9112-08F1EAD81ED0,142325827,R18934,PT,POINT (-8.48503592336783 41.0970871182275),FALSE,2023,22,Invasive Alien Species in Europe,https://easin.jrc.ec.europa.eu/ias/speciesreport/details/653560ac34067d260a346349,2025-07-11T16:39:31.517
[WGS84 - EPSG:4326],Oncorhynchus mykiss,4755F1FE-645E-F011-9112-08F1EAD81ED0,142325835,R10330,BG,POINT (23.3048129081726 42.6650618341184),FALSE,2023,22,Invasive Alien Species in Europe,https://easin.jrc.ec.europa.eu/ias/speciesreport/details/647283cfd2908f934ec0e0d2,2025-07-11T16:39:31.517
[WGS84 - EPSG:4326],Myriophyllum aquaticum,A054F1FE-645E-F011-9112-08F1EAD81ED0,142325843,R18934,PT,POINT (-8.49153038565419 41.0987346756154),FALSE,2023,22,Invasive Alien Species in Europe,https://easin.jrc.ec.europa.eu/ias/speciesreport/details/6535421d34067d260a34633a,2025-07-11T16:39:31.517
[WGS84 - EPSG:4326],Myiopsitta monachus,B954F1FE-645E-F011-9112-08F1EAD81ED0,142325851,R09715,ES,POINT (-3.7248225 40.3876873),FALSE,2023,22,Invasive Alien Species in Europe,https://easin.jrc.ec.europa.eu/ias/speciesreport/details/641428f9b60512c6e2a9b5b7,2025-07-11T16:39:31.517
[WGS84 - EPSG:4326],Myriophyllum aquaticum,B154F1FE-645E-F011-9112-08F1EAD81ED0,142325859,R18934,PT,POINT (-8.5774658 41.1207064),FALSE,2023,22,Invasive Alien Species in Europe,https://easin.jrc.ec.europa.eu/ias/speciesreport/details/653543e134067d260a34633e,2025-07-11T16:39:31.517
[WGS84 - EPSG:4326],Ailanthus altissima,5F54F1FE-645E-F011-9112-08F1EAD81ED0,142325867,R00460,BG,POINT (23.3540066666667 42.6972819444444),FALSE,2023,22,Invasive Alien Species in Europe,https://easin.jrc.ec.europa.eu/ias/speciesreport/details/64e0eabd99fb31c56ee9d08a,2025-07-11T16:39:31.517
[WGS84 - EPSG:4326],Callinectes sapidus,3F54F1FE-645E-F011-9112-08F1EAD81ED0,142325875,R02554,PT,POINT (-7.28771409032561 37.1994468041892),FALSE,2023,22,Invasive Alien Species in Europe,https://easin.jrc.ec.europa.eu/ias/speciesreport/details/6517f0ee7da559fdb372ac3b,2025-07-11T16:39:31.517
[WGS84 - EPSG:4326],Elodea canadensis,3053F1FE-645E-F011-9112-08F1EAD81ED0,142325883,R05500,FR,POINT (1.13814302330866 42.5816738302883),FALSE,2023,22,Invasive Alien Species in Europe,https://easin.jrc.ec.europa.eu/ias/speciesreport/details/64d89c145759455a1740d823,2025-07-11T16:39:31.517
[WGS84 - EPSG:4326],Procambarus clarkii,4453F1FE-645E-F011-9112-08F1EAD81ED0,142325891,R12250,PT,POINT (-8.499510765 41.1130065916667),FALSE,2023,22,Invasive Alien Species in Europe,https://easin.jrc.ec.europa.eu/ias/speciesreport/details/6527d97734067d260a346321,2025-07-11T16:39:31.517
[WGS84 - EPSG:4326],Myiopsitta monachus,0A53F1FE-645E-F011-9112-08F1EAD81ED0,142325899,R09715,ES,POINT (-3.7192124 40.3820589),FALSE,2023,22,Invasive Alien Species in Europe,https://easin.jrc.ec.europa.eu/ias/speciesreport/details/640b03c31e2419753218f531,2025-07-11T16:39:31.517
[WGS84 - EPSG:4326],Ailanthus altissima,8E53F1FE-645E-F011-9112-08F1EAD81ED0,142325907,R00460,BG,POINT (23.3587251 42.6540055),FALSE,2023,22,Invasive Alien Species in Europe,https://easin.jrc.ec.europa.eu/ias/speciesreport/details/648072b30685f23ecff90946,2025-07-11T16:39:31.517
[WGS84 - EPSG:4326],Myriophyllum aquaticum,9D53F1FE-645E-F011-9112-08F1EAD81ED0,142325915,R18934,PT,POINT (-8.48923586208912 41.095689402865),FALSE,2023,22,Invasive Alien Species in Europe,https://easin.jrc.ec.europa.eu/ias/speciesreport/details/652aaff334067d260a34632b,2025-07-11T16:39:31.517
[WGS84 - EPSG:4326],Carassius auratus,0754F1FE-645E-F011-9112-08F1EAD81ED0,142325923,R02742,PT,POINT (-8.48479270935059 41.0971733606463),FALSE,2023,22,Invasive Alien Species in Europe,https://easin.jrc.ec.europa.eu/ias/speciesreport/details/652a9c5d34067d260a34632a,2025-07-11T16:39:31.517
[WGS84 - EPSG:4326],Myiopsitta monachus,1254F1FE-645E-F011-9112-08F1EAD81ED0,142325931,R09715,ES,POINT (-3.722406 40.3787516),FALSE,2023,22,Invasive Alien Species in Europe,https://easin.jrc.ec.europa.eu/ias/speciesreport/details/640c6ce924207985fa189837,2025-07-11T16:39:31.517
[WGS84 - EPSG:4326],Trachemys scripta,2154F1FE-645E-F011-9112-08F1EAD81ED0,142325939,R18154,ES,POINT (-3.7601743 40.5100411),FALSE,2023,22,Invasive Alien Species in Europe,https://easin.jrc.ec.europa.eu/ias/speciesreport/details/649572aefc352eb1eae5f5c4,2025-07-11T16:39:31.517
[WGS84 - EPSG:4326],Myriophyllum aquaticum,2E54F1FE-645E-F011-9112-08F1EAD81ED0,142325947,R18934,PT,POINT (-8.48819065083333 41.1097831725),FALSE,2023,22,Invasive Alien Species in Europe,https://easin.jrc.ec.europa.eu/ias/speciesreport/details/652a94c334067d260a346329,2025-07-11T16:39:31.517
[WGS84 - EPSG:4326],Oxalis pes-caprae,3254F1FE-645E-F011-9112-08F1EAD81ED0,142325955,R10619,ES,POINT (-6.86521053314209 37.6391454856029),FALSE,2023,22,Invasive Alien Species in Europe,https://easin.jrc.ec.europa.eu/ias/speciesreport/details/6579cc551440de683e9d2403,2025-07-11T16:39:31.517
[WGS84 - EPSG:4326],Pseudorasbora parva,BE53F1FE-645E-F011-9112-08F1EAD81ED0,142325963,R12451,BG,POINT (23.3077901601791 42.6603281258304),FALSE,2023,22,Invasive Alien Species in Europe,https://easin.jrc.ec.europa.eu/ias/speciesreport/details/6473a2d4ed0fdf9ca77c4354,2025-07-11T16:39:31.517
[WGS84 - EPSG:4326],Myriophyllum aquaticum,6655F1FE-645E-F011-9112-08F1EAD81ED0,142326003,R18934,PT,POINT (-8.48716527809301 41.0961128873036),FALSE,2023,22,Invasive Alien Species in Europe,https://easin.jrc.ec.europa.eu/ias/speciesreport/details/651c278434067d260a346317,2025-07-11T16:39:31.517
[WGS84 - EPSG:4326],Arundo donax,9455F1FE-645E-F011-9112-08F1EAD81ED0,142326011,R01515,PT,POINT (-8.49692344638889 41.0945549011111),FALSE,2023,22,Invasive Alien Species in Europe,https://easin.jrc.ec.europa.eu/ias/speciesreport/details/6534d12634067d260a34632f,2025-07-11T16:39:31.517
[WGS84 - EPSG:4326],Ailanthus altissima,C951F1FE-645E-F011-9112-08F1EAD81ED0,142326027,R00460,BG,POINT (25.6312702777778 43.0819794444444),FALSE,2023,22,Invasive Alien Species in Europe,https://easin.jrc.ec.europa.eu/ias/speciesreport/details/64e22ea6165e2594b8897edc,2025-07-11T16:39:31.517
[WGS84 - EPSG:4326],Myriophyllum aquaticum,D251F1FE-645E-F011-9112-08F1EAD81ED0,142326035,R18934,PT,POINT (-8.48764547912651 41.0959454124502),FALSE,2023,22,Invasive Alien Species in Europe,https://easin.jrc.ec.europa.eu/ias/speciesreport/details/653541a534067d260a346339,2025-07-11T16:39:31.517
[WGS84 - EPSG:4326],Myriophyllum aquaticum,DB51F1FE-645E-F011-9112-08F1EAD81ED0,142326043,R18934,PT,POINT (-8.48897695541382 41.0955562995356),FALSE,2023,22,Invasive Alien Species in Europe,https://easin.jrc.ec.europa.eu/ias/speciesreport/details/6535606f34067d260a346348,2025-07-11T16:39:31.517
[WGS84 - EPSG:4326],Myriophyllum aquaticum,D851F1FE-645E-F011-9112-08F1EAD81ED0,142326051,R18934,PT,POINT (-8.5774706 41.1207121),FALSE,2023,22,Invasive Alien Species in Europe,https://easin.jrc.ec.europa.eu/ias/speciesreport/details/6535433134067d260a34633d,2025-07-11T16:39:31.517
[WGS84 - EPSG:4326],Myriophyllum aquaticum,C751F1FE-645E-F011-9112-08F1EAD81ED0,142326059,R18934,PT,POINT (-8.49276423454285 41.0986771917537),FALSE,2023,22,Invasive Alien Species in Europe,https://easin.jrc.ec.europa.eu/ias/speciesreport/details/653542fe34067d260a34633c,2025-07-11T16:39:31.517
[WGS84 - EPSG:4326],Impatiens glandulifera,AE51F1FE-645E-F011-9112-08F1EAD81ED0,142326067,R07719,UK,POINT (0.1048467 50.9713303),FALSE,2023,22,Invasive Alien Species in Europe,https://easin.jrc.ec.europa.eu/ias/speciesreport/details/64cf7add27f4b7ab7f3b90a2,2025-07-11T16:39:31.517
[WGS84 - EPSG:4326],Procambarus clarkii,6F51F1FE-645E-F011-9112-08F1EAD81ED0,142326075,R12250,PT,POINT (-8.48478496198368 41.0971012362658),FALSE,2023,22,Invasive Alien Species in Europe,https://easin.jrc.ec.europa.eu/ias/speciesreport/details/651c293534067d260a34631a,2025-07-11T16:39:31.517
[WGS84 - EPSG:4326],Myiopsitta monachus,5951F1FE-645E-F011-9112-08F1EAD81ED0,142326083,R09715,ES,POINT (-3.7202091 40.3820368),FALSE,2023,22,Invasive Alien Species in Europe,https://easin.jrc.ec.europa.eu/ias/speciesreport/details/640b0bb21e2419753218f535,2025-07-11T16:39:31.517
[WGS84 - EPSG:4326],Myiopsitta monachus,6851F1FE-645E-F011-9112-08F1EAD81ED0,142326091,R09715,ES,POINT (-3.7220011 40.3803338),FALSE,2023,22,Invasive Alien Species in Europe,https://easin.jrc.ec.europa.eu/ias/speciesreport/details/640c747e24207985fa18983c,2025-07-11T16:39:31.517
[WGS84 - EPSG:4326],Vespa velutina nigrithorax,4A51F1FE-645E-F011-9112-08F1EAD81ED0,142326099,R15970,DE,POINT (9.118557 49.837228),FALSE,2023,22,Invasive Alien Species in Europe,https://easin.jrc.ec.europa.eu/ias/speciesreport/details/6564584a1440de683e9d23ff,2025-07-11T16:39:31.517
[WGS84 - EPSG:4326],Trachemys scripta,0051F1FE-645E-F011-9112-08F1EAD81ED0,142326107,R18154,ES,POINT (-4.8468163 37.9636094),FALSE,2023,22,Invasive Alien Species in Europe,https://easin.jrc.ec.europa.eu/ias/speciesreport/details/64591d823f3520d63aa8ba5e,2025-07-11T16:39:31.517
[WGS84 - EPSG:4326],Trachemys scripta,0B51F1FE-645E-F011-9112-08F1EAD81ED0,142326115,R18154,PT,POINT (-9.1772442 38.7534554),FALSE,2023,22,Invasive Alien Species in Europe,https://easin.jrc.ec.europa.eu/ias/speciesreport/details/647b1690b6888e425198f9c1,2025-07-11T16:39:31.517
[WGS84 - EPSG:4326],Ondatra zibethicus,2351F1FE-645E-F011-9112-08F1EAD81ED0,142326123,R10336,BE,POINT (6.13222181797028 49.6166952811315),FALSE,2023,22,Invasive Alien Species in Europe,https://easin.jrc.ec.europa.eu/ias/speciesreport/details/63fb43ae7cbace042ae8baa8,2025-07-11T16:39:31.517
[WGS84 - EPSG:4326],Alopochen aegyptiaca,3D51F1FE-645E-F011-9112-08F1EAD81ED0,142326131,R00644,ES,POINT (-3.62922191619873 40.7791115826966),FALSE,2023,22,Invasive Alien Species in Europe,https://easin.jrc.ec.europa.eu/ias/speciesreport/details/6420a85d2f21c053c286d8bc,2025-07-11T16:39:31.517
[WGS84 - EPSG:4326],Gambusia holbrooki,B750F1FE-645E-F011-9112-08F1EAD81ED0,142326139,R06574,BG,POINT (23.3043569326401 42.6647659879095),FALSE,2023,22,Invasive Alien Species in Europe,https://easin.jrc.ec.europa.eu/ias/speciesreport/details/6472832cd2908f934ec0e0d1,2025-07-11T16:39:31.517
[WGS84 - EPSG:4326],Myriophyllum aquaticum,DE50F1FE-645E-F011-9112-08F1EAD81ED0,142326147,R18934,PT,POINT (-8.49758148193359 41.0958958856709),FALSE,2023,22,Invasive Alien Species in Europe,https://easin.jrc.ec.europa.eu/ias/speciesreport/details/6535441434067d260a34633f,2025-07-11T16:39:31.517
[WGS84 - EPSG:4326],Myiopsitta monachus,0753F1FE-645E-F011-9112-08F1EAD81ED0,142326155,R09715,ES,POINT (-3.7190754 40.3834195),FALSE,2023,22,Invasive Alien Species in Europe,https://easin.jrc.ec.europa.eu/ias/speciesreport/details/640afda11e2419753218f52e,2025-07-11T16:39:31.517
[WGS84 - EPSG:4326],Cenchrus setaceus,E852F1FE-645E-F011-9112-08F1EAD81ED0,142326163,R03000,MT,POINT (14.376495 35.9187326),FALSE,2023,22,Invasive Alien Species in Europe,https://easin.jrc.ec.europa.eu/ias/speciesreport/details/657874661440de683e9d2401,2025-07-11T16:39:31.517
[WGS84 - EPSG:4326],Gambusia holbrooki,CD52F1FE-645E-F011-9112-08F1EAD81ED0,142326171,R06574,PT,POINT (-8.48819065083333 41.1097831725),FALSE,2023,22,Invasive Alien Species in Europe,https://easin.jrc.ec.europa.eu/ias/speciesreport/details/6527da0834067d260a346322,2025-07-11T16:39:31.517
[WGS84 - EPSG:4326],Nicotiana glauca,CB52F1FE-645E-F011-9112-08F1EAD81ED0,142326179,R10004,ES,POINT (-1.1690519 38.0169637),FALSE,2023,22,Invasive Alien Species in Europe,https://easin.jrc.ec.europa.eu/ias/speciesreport/details/63f89e2dcb042949c55c5df4,2025-07-11T16:39:31.517
[WGS84 - EPSG:4326],Procambarus clarkii,AF52F1FE-645E-F011-9112-08F1EAD81ED0,142326187,R12250,IT,POINT (11.2367606163025 46.0749424901468),FALSE,2023,22,Invasive Alien Species in Europe,https://easin.jrc.ec.europa.eu/ias/speciesreport/details/667bc95346d6df4bc5882d15,2025-07-11T16:39:31.517
[WGS84 - EPSG:4326],Myriophyllum aquaticum,A652F1FE-645E-F011-9112-08F1EAD81ED0,142326195,R18934,PT,POINT (-8.49481666075008 41.0982899181744),FALSE,2023,22,Invasive Alien Species in Europe,https://easin.jrc.ec.europa.eu/ias/speciesreport/details/6534d5ab34067d260a346330,2025-07-11T16:39:31.517
[WGS84 - EPSG:4326],Myiopsitta monachus,0452F1FE-645E-F011-9112-08F1EAD81ED0,142326203,R09715,ES,POINT (-3.7222822 40.3779291),FALSE,2023,22,Invasive Alien Species in Europe,https://easin.jrc.ec.europa.eu/ias/speciesreport/details/640c67d524207985fa189836,2025-07-11T16:39:31.517
[WGS84 - EPSG:4326],Vespa velutina nigrithorax,FF51F1FE-645E-F011-9112-08F1EAD81ED0,142326211,R15970,DE,POINT (9.16953 49.996236),FALSE,2023,22,Invasive Alien Species in Europe,https://easin.jrc.ec.europa.eu/ias/speciesreport/details/656457571440de683e9d23fe,2025-07-11T16:39:31.517
[WGS84 - EPSG:4326],Myocastor coypus,E851F1FE-645E-F011-9112-08F1EAD81ED0,142326219,R09720,IT,POINT (12.9596614837646 41.5816486751746),FALSE,2023,22,Invasive Alien Species in Europe,https://easin.jrc.ec.europa.eu/ias/speciesreport/details/6535392534067d260a346336,2025-07-11T16:39:31.517
[WGS84 - EPSG:4326],Alburnus alburnus,E151F1FE-645E-F011-9112-08F1EAD81ED0,142326227,R00481,PT,POINT (-8.48485183694445 41.0971412658333),FALSE,2023,22,Invasive Alien Species in Europe,https://easin.jrc.ec.europa.eu/ias/speciesreport/details/6527c17934067d260a34631e,2025-07-11T16:39:31.517
[WGS84 - EPSG:4326],Callinectes sapidus,3452F1FE-645E-F011-9112-08F1EAD81ED0,142326235,R02554,ES,POINT (0.178313255310059 38.7907914194177),FALSE,2023,22,Invasive Alien Species in Europe,https://easin.jrc.ec.europa.eu/ias/speciesreport/details/65f806b6e61d43a71e2e6ec6,2025-07-11T16:39:31.517
[WGS84 - EPSG:4326],Alopochen aegyptiaca,9A50F1FE-645E-F011-9112-08F1EAD81ED0,142326243,R00644,BE,POINT (6.13211989402771 49.6166118667667),FALSE,2023,22,Invasive Alien Species in Europe,https://easin.jrc.ec.europa.eu/ias/speciesreport/details/6407277acf5f2e9330c02c80,2025-07-11T16:39:31.517
[WGS84 - EPSG:4326],Ameiurus melas,A050F1FE-645E-F011-9112-08F1EAD81ED0,142326251,R00826,PT,POINT (-8.59307607552182 39.2591004489289),FALSE,2023,22,Invasive Alien Species in Europe,https://easin.jrc.ec.europa.eu/ias/speciesreport/details/65120b017da559fdb372ac39,2025-07-11T16:39:31.517
[WGS84 - EPSG:4326],Ailanthus altissima,9250F1FE-645E-F011-9112-08F1EAD81ED0,142326259,R00460,ES,POINT (-3.7570177 40.493629),FALSE,2023,22,Invasive Alien Species in Europe,https://easin.jrc.ec.europa.eu/ias/speciesreport/details/64956763fc352eb1eae5f5c3,2025-07-11T16:39:31.517
[WGS84 - EPSG:4326],Alopochen aegyptiaca,8050F1FE-645E-F011-9112-08F1EAD81ED0,142326267,R00644,ES,POINT (-3.52734804633656 40.3200252104136),FALSE,2023,22,Invasive Alien Species in Europe,https://easin.jrc.ec.europa.eu/ias/speciesreport/details/656379a01440de683e9d23fd,2025-07-11T16:39:31.517
[WGS84 - EPSG:4326],Ameiurus melas,2950F1FE-645E-F011-9112-08F1EAD81ED0,142326275,R00826,IT,POINT (11.748526096344 45.3016597851501),FALSE,2023,22,Invasive Alien Species in Europe,https://easin.jrc.ec.europa.eu/ias/speciesreport/details/647af010b6888e425198f9c0,2025-07-11T16:39:31.517
[WGS84 - EPSG:4326],Alburnus alburnus,0550F1FE-645E-F011-9112-08F1EAD81ED0,142326283,R00481,PT,POINT (-8.48819065083333 41.1097831725),FALSE,2023,22,Invasive Alien Species in Europe,https://easin.jrc.ec.europa.eu/ias/speciesreport/details/652a920134067d260a346327,2025-07-11T16:39:31.517
[WGS84 - EPSG:4326],Carassius gibelio,2D50F1FE-645E-F011-9112-08F1EAD81ED0,142326291,R02744,BG,POINT (23.3048143077212 42.665221366339),FALSE,2023,22,Invasive Alien Species in Europe,https://easin.jrc.ec.europa.eu/ias/speciesreport/details/64739990ed0fdf9ca77c4351,2025-07-11T16:39:31.517
[WGS84 - EPSG:4326],Alburnus alburnus,3450F1FE-645E-F011-9112-08F1EAD81ED0,142326299,R00481,PT,POINT (-8.48477070325316 41.0972570866914),FALSE,2023,22,Invasive Alien Species in Europe,https://easin.jrc.ec.europa.eu/ias/speciesreport/details/646e73a6708817afbb2c98fb,2025-07-11T16:39:31.517
[WGS84 - EPSG:4326],Tropaeolum majus,4B50F1FE-645E-F011-9112-08F1EAD81ED0,142326307,R15571,MT,POINT (14.4034731388092 35.8826959679769),FALSE,2023,22,Invasive Alien Species in Europe,https://easin.jrc.ec.europa.eu/ias/speciesreport/details/64503ef7616c4e45ff965c47,2025-07-11T16:39:31.517
[WGS84 - EPSG:4326],Trachemys scripta,FB4FF1FE-645E-F011-9112-08F1EAD81ED0,142326315,R18154,BG,POINT (23.3031159 42.7054793),FALSE,2023,22,Invasive Alien Species in Europe,https://easin.jrc.ec.europa.eu/ias/speciesreport/details/6473a9d7ed0fdf9ca77c4358,2025-07-11T16:39:31.517
[WGS84 - EPSG:4326],Cylindropuntia rosea,FC4FF1FE-645E-F011-9112-08F1EAD81ED0,142326323,R18941,ES,POINT (-1.32265627384186 38.7877432340698),FALSE,2023,22,Invasive Alien Species in Europe,https://easin.jrc.ec.europa.eu/ias/speciesreport/details/65590d961440de683e9d23fb,2025-07-11T16:39:31.517
[WGS84 - EPSG:4326],Procambarus clarkii,1650F1FE-645E-F011-9112-08F1EAD81ED0,142326331,R12250,PT,POINT (-8.72699165333333 41.3737525938889),FALSE,2023,22,Invasive Alien Species in Europe,https://easin.jrc.ec.europa.eu/ias/speciesreport/details/646a0158909a9d99d1249aca,2025-07-11T16:39:31.517
[WGS84 - EPSG:4326],Alopochen aegyptiaca,CC4FF1FE-645E-F011-9112-08F1EAD81ED0,142326339,R00644,ES,POINT (-3.7601743 40.5100411),FALSE,2023,22,Invasive Alien Species in Europe,https://easin.jrc.ec.europa.eu/ias/speciesreport/details/64955ed1fc352eb1eae5f5c2,2025-07-11T16:39:31.517
[WGS84 - EPSG:4326],Vespa velutina nigrithorax,D54FF1FE-645E-F011-9112-08F1EAD81ED0,142326347,R15970,PT,POINT (-6.57099113093864 42.0724273240084),FALSE,2023,22,Invasive Alien Species in Europe,https://easin.jrc.ec.europa.eu/ias/speciesreport/details/651466747da559fdb372ac3a,2025-07-11T16:39:31.517
[WGS84 - EPSG:4326],Impatiens glandulifera,D74FF1FE-645E-F011-9112-08F1EAD81ED0,142326355,R07719,DE,POINT (9.12418842315674 51.9152452984536),FALSE,2023,22,Invasive Alien Species in Europe,https://easin.jrc.ec.europa.eu/ias/speciesreport/details/651e206134067d260a34631d,2025-07-11T16:39:31.517
[WGS84 - EPSG:4326],Myiopsitta monachus,8B4FF1FE-645E-F011-9112-08F1EAD81ED0,142326363,R09715,ES,POINT (-3.7199914 40.3817032),FALSE,2023,22,Invasive Alien Species in Europe,https://easin.jrc.ec.europa.eu/ias/speciesreport/details/640b0ae41e2419753218f534,2025-07-11T16:39:31.517
[WGS84 - EPSG:4326],Myiopsitta monachus,AC4FF1FE-645E-F011-9112-08F1EAD81ED0,142326371,R09715,ES,POINT (-3.7222084 40.3768186),FALSE,2023,22,Invasive Alien Species in Europe,https://easin.jrc.ec.europa.eu/ias/speciesreport/details/640c627724207985fa189832,2025-07-11T16:39:31.517
[WGS84 - EPSG:4326],Cortaderia selloana subsp. jubata,B34FF1FE-645E-F011-9112-08F1EAD81ED0,142326379,R19708,ES,POINT (-4.7543328 41.6553245),FALSE,2023,22,Invasive Alien Species in Europe,https://easin.jrc.ec.europa.eu/ias/speciesreport/details/63de8e299da20fac0bcf578d,2025-07-11T16:39:31.517
[WGS84 - EPSG:4326],Myiopsitta monachus,E34EF1FE-645E-F011-9112-08F1EAD81ED0,142326451,R09715,ES,POINT (-3.7221772 40.3771347),FALSE,2023,22,Invasive Alien Species in Europe,https://easin.jrc.ec.europa.eu/ias/speciesreport/details/640c640d24207985fa189833,2025-07-11T16:39:31.517
[WGS84 - EPSG:4326],Procambarus clarkii,E44EF1FE-645E-F011-9112-08F1EAD81ED0,142326459,R12250,IT,POINT (12.9523658752441 41.5797707313684),FALSE,2023,22,Invasive Alien Species in Europe,https://easin.jrc.ec.europa.eu/ias/speciesreport/details/6535278434067d260a346334,2025-07-11T16:39:31.517
[WGS84 - EPSG:4326],Alburnus alburnus,DF4EF1FE-645E-F011-9112-08F1EAD81ED0,142326467,R00481,PT,POINT (-8.4995108 41.1130061),FALSE,2023,22,Invasive Alien Species in Europe,https://easin.jrc.ec.europa.eu/ias/speciesreport/details/652aba1a34067d260a34632c,2025-07-11T16:39:31.517
[WGS84 - EPSG:4326],Myriophyllum aquaticum,CC4EF1FE-645E-F011-9112-08F1EAD81ED0,142326475,R18934,PT,POINT (-8.4953683036747 41.0982860841171),FALSE,2023,22,Invasive Alien Species in Europe,https://easin.jrc.ec.europa.eu/ias/speciesreport/details/65355e8334067d260a346341,2025-07-11T16:39:31.517
[WGS84 - EPSG:4326],Trachemys scripta,F04EF1FE-645E-F011-9112-08F1EAD81ED0,142326507,R18154,IT,POINT (11.7483651638031 45.3015918676396),FALSE,2023,22,Invasive Alien Species in Europe,https://easin.jrc.ec.europa.eu/ias/speciesreport/details/647aeaa90aca1f5f6decc8db,2025-07-11T16:39:31.517
[WGS84 - EPSG:4326],Myiopsitta monachus,134FF1FE-645E-F011-9112-08F1EAD81ED0,142326515,R09715,ES,POINT (-3.7254667 40.3741655),FALSE,2023,22,Invasive Alien Species in Europe,https://easin.jrc.ec.europa.eu/ias/speciesreport/details/640c616d24207985fa189831,2025-07-11T16:39:31.517
[WGS84 - EPSG:4326],Lepomis gibbosus,304FF1FE-645E-F011-9112-08F1EAD81ED0,142326523,R08376,PT,POINT (-8.48488613270092 41.0972075030403),FALSE,2023,22,Invasive Alien Species in Europe,https://easin.jrc.ec.europa.eu/ias/speciesreport/details/651c297034067d260a34631b,2025-07-11T16:39:31.517
[WGS84 - EPSG:4326],Trachemys scripta,3F4FF1FE-645E-F011-9112-08F1EAD81ED0,142326531,R18154,IT,POINT (9.92166441279551 45.7599695168615),FALSE,2023,22,Invasive Alien Species in Europe,https://easin.jrc.ec.europa.eu/ias/speciesreport/details/64353cefa8ad3a223e2dd630,2025-07-11T16:39:31.517
[WGS84 - EPSG:4326],Gobio lozanoi,3D4FF1FE-645E-F011-9112-08F1EAD81ED0,142326539,R06818,PT,POINT (-8.48819065083333 41.1097831725),FALSE,2023,22,Invasive Alien Species in Europe,https://easin.jrc.ec.europa.eu/ias/speciesreport/details/652a8b5434067d260a346325,2025-07-11T16:39:31.517
[WGS84 - EPSG:4326],Cylindropuntia rosea,784FF1FE-645E-F011-9112-08F1EAD81ED0,142326547,R18941,ES,POINT (-1.66961758572143 38.4972731467688),FALSE,2023,22,Invasive Alien Species in Europe,https://easin.jrc.ec.europa.eu/ias/speciesreport/details/65539fb434067d260a34634f,2025-07-11T16:39:31.517
[WGS84 - EPSG:4326],Ailanthus altissima,7F4FF1FE-645E-F011-9112-08F1EAD81ED0,157923592,R00460,IT,POINT (8.6302211 45.8021437),FALSE,2024,22,Invasive Alien Species in Europe,https://easin.jrc.ec.europa.eu/ias/speciesreport/details/66b2373b46d6df4bc5882dca,2025-07-11T16:39:31.517
[WGS84 - EPSG:4326],Ailanthus altissima,744FF1FE-645E-F011-9112-08F1EAD81ED0,157923600,R00460,IT,POINT (8.8743117 45.7702483),FALSE,2024,22,Invasive Alien Species in Europe,https://easin.jrc.ec.europa.eu/ias/speciesreport/details/6703b4a7cf2ae23bf45e5377,2025-07-11T16:39:31.517
[WGS84 - EPSG:4326],Ailanthus altissima,6B4FF1FE-645E-F011-9112-08F1EAD81ED0,157923608,R00460,IT,POINT (8.6493692 45.8305619),FALSE,2024,22,Invasive Alien Species in Europe,https://easin.jrc.ec.europa.eu/ias/speciesreport/details/66b4e72442ea5f3793be0941,2025-07-11T16:39:31.517
[WGS84 - EPSG:4326],Ailanthus altissima,684FF1FE-645E-F011-9112-08F1EAD81ED0,157923616,R00460,IT,POINT (8.7632838 45.906951),FALSE,2024,22,Invasive Alien Species in Europe,https://easin.jrc.ec.europa.eu/ias/speciesreport/details/66be271d6a666b614036e26e,2025-07-11T16:39:31.517
[WGS84 - EPSG:4326],Ailanthus altissima,694FF1FE-645E-F011-9112-08F1EAD81ED0,157923624,R00460,IT,POINT (8.8123422 45.8255393),FALSE,2024,22,Invasive Alien Species in Europe,https://easin.jrc.ec.europa.eu/ias/speciesreport/details/66ab368a46d6df4bc5882d52,2025-07-11T16:39:31.517
[WGS84 - EPSG:4326],Ailanthus altissima,664FF1FE-645E-F011-9112-08F1EAD81ED0,157923632,R00460,IT,POINT (8.9091263 45.908981),FALSE,2024,22,Invasive Alien Species in Europe,https://easin.jrc.ec.europa.eu/ias/speciesreport/details/66c864b092d55051b26e2264,2025-07-11T16:39:31.517
[WGS84 - EPSG:4326],Ailanthus altissima,6D4FF1FE-645E-F011-9112-08F1EAD81ED0,157923640,R00460,IT,POINT (8.7746264 45.7479929),FALSE,2024,22,Invasive Alien Species in Europe,https://easin.jrc.ec.europa.eu/ias/speciesreport/details/66f26f7ef0eda677be7a21af,2025-07-11T16:39:31.517
[WGS84 - EPSG:4326],Ailanthus altissima,6E4FF1FE-645E-F011-9112-08F1EAD81ED0,157923648,R00460,IT,POINT (8.8739551 45.7010481),FALSE,2024,22,Invasive Alien Species in Europe,https://easin.jrc.ec.europa.eu/ias/speciesreport/details/67039cbbcf2ae23bf45e5363,2025-07-11T16:39:31.517
[WGS84 - EPSG:4326],Ailanthus altissima,6F4FF1FE-645E-F011-9112-08F1EAD81ED0,157923656,R00460,IT,POINT (8.7636883 45.9558657),FALSE,2024,22,Invasive Alien Species in Europe,https://easin.jrc.ec.europa.eu/ias/speciesreport/details/66e1abf63452cfa4741745d1,2025-07-11T16:39:31.517
[WGS84 - EPSG:4326],Ailanthus altissima,634FF1FE-645E-F011-9112-08F1EAD81ED0,157923664,R00460,IT,POINT (8.8522514 45.9598138),FALSE,2024,22,Invasive Alien Species in Europe,https://easin.jrc.ec.europa.eu/ias/speciesreport/details/66c87a3192d55051b26e2288,2025-07-11T16:39:31.517
[WGS84 - EPSG:4326],Ailanthus altissima,644FF1FE-645E-F011-9112-08F1EAD81ED0,157923672,R00460,ES,POINT (-3.7728754 40.4457677),FALSE,2024,22,Invasive Alien Species in Europe,https://easin.jrc.ec.europa.eu/ias/speciesreport/details/66d854d23452cfa474174586,2025-07-11T16:39:31.517
[WGS84 - EPSG:4326],Ailanthus altissima,604FF1FE-645E-F011-9112-08F1EAD81ED0,157923680,R00460,IT,POINT (8.763216 45.9594397),FALSE,2024,22,Invasive Alien Species in Europe,https://easin.jrc.ec.europa.eu/ias/speciesreport/details/66e1a8bb3452cfa4741745ce,2025-07-11T16:39:31.517
[WGS84 - EPSG:4326],Ailanthus altissima,614FF1FE-645E-F011-9112-08F1EAD81ED0,157923688,R00460,IT,POINT (8.7992053 45.8342338),FALSE,2024,22,Invasive Alien Species in Europe,https://easin.jrc.ec.europa.eu/ias/speciesreport/details/66b1c7b246d6df4bc5882d9e,2025-07-11T16:39:31.517
[WGS84 - EPSG:4326],Ailanthus altissima,5E4FF1FE-645E-F011-9112-08F1EAD81ED0,157923696,R00460,IT,POINT (8.7483267 46.027963),FALSE,2024,22,Invasive Alien Species in Europe,https://easin.jrc.ec.europa.eu/ias/speciesreport/details/66e1958c3452cfa4741745b6,2025-07-11T16:39:31.517
[WGS84 - EPSG:4326],Heracleum mantegazzianum,454FF1FE-645E-F011-9112-08F1EAD81ED0,157923704,R07248,NL,POINT (4.87997407300684 52.2617616530334),FALSE,2024,22,Invasive Alien Species in Europe,https://easin.jrc.ec.europa.eu/ias/speciesreport/details/666ad435f07f4cde7cb49b88,2025-07-11T16:39:31.517
[WGS84 - EPSG:4326],Ailanthus altissima,414FF1FE-645E-F011-9112-08F1EAD81ED0,157923712,R00460,IT,POINT (8.6931042 45.8929765),FALSE,2024,22,Invasive Alien Species in Europe,https://easin.jrc.ec.europa.eu/ias/speciesreport/details/66e14e633452cfa47417458f,2025-07-11T16:39:31.517
[WGS84 - EPSG:4326],Ailanthus altissima,424FF1FE-645E-F011-9112-08F1EAD81ED0,157923720,R00460,IT,POINT (8.8221395 45.8284586),FALSE,2024,22,Invasive Alien Species in Europe,https://easin.jrc.ec.europa.eu/ias/speciesreport/details/66b3087946d6df4bc5882de3,2025-07-11T16:39:31.517
[WGS84 - EPSG:4326],Ailanthus altissima,354FF1FE-645E-F011-9112-08F1EAD81ED0,157923728,R00460,IT,POINT (8.8393588 45.8199149),FALSE,2024,22,Invasive Alien Species in Europe,https://easin.jrc.ec.europa.eu/ias/speciesreport/details/66c846b492d55051b26e224a,2025-07-11T16:39:31.517
[WGS84 - EPSG:4326],Ailanthus altissima,334FF1FE-645E-F011-9112-08F1EAD81ED0,157923736,R00460,IT,POINT (8.5975712 45.8984507),FALSE,2024,22,Invasive Alien Species in Europe,https://easin.jrc.ec.europa.eu/ias/speciesreport/details/66b4958142ea5f3793be0930,2025-07-11T16:39:31.517
[WGS84 - EPSG:4326],Ailanthus altissima,384FF1FE-645E-F011-9112-08F1EAD81ED0,157923744,R00460,IT,POINT (8.8217965 45.8288261),FALSE,2024,22,Invasive Alien Species in Europe,https://easin.jrc.ec.europa.eu/ias/speciesreport/details/66b30e6b46d6df4bc5882deb,2025-07-11T16:39:31.517
[WGS84 - EPSG:4326],Ailanthus altissima,394FF1FE-645E-F011-9112-08F1EAD81ED0,157923752,R00460,IT,POINT (8.9116774 45.8722015),FALSE,2024,22,Invasive Alien Species in Europe,https://easin.jrc.ec.europa.eu/ias/speciesreport/details/66c85d6a92d55051b26e225e,2025-07-11T16:39:31.517
[WGS84 - EPSG:4326],Ailanthus altissima,3C4FF1FE-645E-F011-9112-08F1EAD81ED0,157923760,R00460,IT,POINT (8.7992245 45.8344786),FALSE,2024,22,Invasive Alien Species in Europe,https://easin.jrc.ec.europa.eu/ias/speciesreport/details/66b1c73d46d6df4bc5882d9d,2025-07-11T16:39:31.517
[WGS84 - EPSG:4326],Ailanthus altissima,564FF1FE-645E-F011-9112-08F1EAD81ED0,157923768,R00460,IT,POINT (8.9110157 45.7184186),FALSE,2024,22,Invasive Alien Species in Europe,https://easin.jrc.ec.europa.eu/ias/speciesreport/details/6703a549cf2ae23bf45e5368,2025-07-11T16:39:31.517
[WGS84 - EPSG:4326],Ailanthus altissima,534FF1FE-645E-F011-9112-08F1EAD81ED0,157923776,R00460,IT,POINT (8.8356475 45.8593299),FALSE,2024,22,Invasive Alien Species in Europe,https://easin.jrc.ec.europa.eu/ias/speciesreport/details/66a5f4c146d6df4bc5882d40,2025-07-11T16:39:31.517
[WGS84 - EPSG:4326],Ailanthus altissima,5B4FF1FE-645E-F011-9112-08F1EAD81ED0,157923784,R00460,IT,POINT (8.8355535 45.8205578),FALSE,2024,22,Invasive Alien Species in Europe,https://easin.jrc.ec.europa.eu/ias/speciesreport/details/66b0ab0446d6df4bc5882d92,2025-07-11T16:39:31.517
[WGS84 - EPSG:4326],Ailanthus altissima,594FF1FE-645E-F011-9112-08F1EAD81ED0,157923792,R00460,IT,POINT (8.7444147 45.976442),FALSE,2024,22,Invasive Alien Species in Europe,https://easin.jrc.ec.europa.eu/ias/speciesreport/details/66e160d03452cfa47417459f,2025-07-11T16:39:31.517
[WGS84 - EPSG:4326],Ailanthus altissima,4B4FF1FE-645E-F011-9112-08F1EAD81ED0,157923800,R00460,IT,POINT (8.8165678 45.8190832),FALSE,2024,22,Invasive Alien Species in Europe,https://easin.jrc.ec.europa.eu/ias/speciesreport/details/66f25badf0eda677be7a2194,2025-07-11T16:39:31.517
[WGS84 - EPSG:4326],Ailanthus altissima,2C4FF1FE-645E-F011-9112-08F1EAD81ED0,157923808,R00460,IT,POINT (8.743034 45.8865731),FALSE,2024,22,Invasive Alien Species in Europe,https://easin.jrc.ec.europa.eu/ias/speciesreport/details/66be276b6a666b614036e272,2025-07-11T16:39:31.517
[WGS84 - EPSG:4326],Ailanthus altissima,2D4FF1FE-645E-F011-9112-08F1EAD81ED0,157923816,R00460,IT,POINT (8.8265099 45.9115305),FALSE,2024,22,Invasive Alien Species in Europe,https://easin.jrc.ec.europa.eu/ias/speciesreport/details/66c882e392d55051b26e2293,2025-07-11T16:39:31.517
[WGS84 - EPSG:4326],Ailanthus altissima,2E4FF1FE-645E-F011-9112-08F1EAD81ED0,157923824,R00460,IT,POINT (8.8737664 45.7730786),FALSE,2024,22,Invasive Alien Species in Europe,https://easin.jrc.ec.europa.eu/ias/speciesreport/details/6703b5adcf2ae23bf45e5379,2025-07-11T16:39:31.517
[WGS84 - EPSG:4326],Ailanthus altissima,1A4FF1FE-645E-F011-9112-08F1EAD81ED0,157923832,R00460,IT,POINT (8.6668025 45.8943704),FALSE,2024,22,Invasive Alien Species in Europe,https://easin.jrc.ec.europa.eu/ias/speciesreport/details/66b1e69746d6df4bc5882dc7,2025-07-11T16:39:31.517
[WGS84 - EPSG:4326],Ailanthus altissima,2A4FF1FE-645E-F011-9112-08F1EAD81ED0,157923840,R00460,IT,POINT (8.5989681 45.9041461),FALSE,2024,22,Invasive Alien Species in Europe,https://easin.jrc.ec.europa.eu/ias/speciesreport/details/66b4930242ea5f3793be092c,2025-07-11T16:39:31.517
[WGS84 - EPSG:4326],Ailanthus altissima,104FF1FE-645E-F011-9112-08F1EAD81ED0,157923848,R00460,IT,POINT (8.6679346 45.8043172),FALSE,2024,22,Invasive Alien Species in Europe,https://easin.jrc.ec.europa.eu/ias/speciesreport/details/66b239b646d6df4bc5882dcc,2025-07-11T16:39:31.517
[WGS84 - EPSG:4326],Ailanthus altissima,114FF1FE-645E-F011-9112-08F1EAD81ED0,157923856,R00460,IT,POINT (13.8052297 43.1679921),FALSE,2024,22,Invasive Alien Species in Europe,https://easin.jrc.ec.europa.eu/ias/speciesreport/details/6693878b46d6df4bc5882d2b,2025-07-11T16:39:31.517
[WGS84 - EPSG:4326],Pueraria montana (Lour.) Merr. var. lobata,174FF1FE-645E-F011-9112-08F1EAD81ED0,157923864,R12644,IT,POINT (8.8240311 45.8259453),FALSE,2024,22,Invasive Alien Species in Europe,https://easin.jrc.ec.europa.eu/ias/speciesreport/details/66f91e18cf2ae23bf45e5347,2025-07-11T16:39:31.517
[WGS84 - EPSG:4326],Ailanthus altissima,1F4FF1FE-645E-F011-9112-08F1EAD81ED0,157923872,R00460,IT,POINT (8.8769236 45.7630815),FALSE,2024,22,Invasive Alien Species in Europe,https://easin.jrc.ec.europa.eu/ias/speciesreport/details/6703b134cf2ae23bf45e536e,2025-07-11T16:39:31.517
[WGS84 - EPSG:4326],Ailanthus altissima,204FF1FE-645E-F011-9112-08F1EAD81ED0,157923880,R00460,IT,POINT (13.7964844 43.1504381),FALSE,2024,22,Invasive Alien Species in Europe,https://easin.jrc.ec.europa.eu/ias/speciesreport/details/6693f19546d6df4bc5882d2c,2025-07-11T16:39:31.517
[WGS84 - EPSG:4326],Ailanthus altissima,214FF1FE-645E-F011-9112-08F1EAD81ED0,157923888,R00460,PT,POINT (-9.1373544 38.7165715),FALSE,2024,22,Invasive Alien Species in Europe,https://easin.jrc.ec.europa.eu/ias/speciesreport/details/66d8cd9e3452cfa474174587,2025-07-11T16:39:31.517
[WGS84 - EPSG:4326],Ailanthus altissima,224FF1FE-645E-F011-9112-08F1EAD81ED0,157923896,R00460,IT,POINT (8.8304934 45.8304384),FALSE,2024,22,Invasive Alien Species in Europe,https://easin.jrc.ec.europa.eu/ias/speciesreport/details/66b30fd946d6df4bc5882dee,2025-07-11T16:39:31.517
[WGS84 - EPSG:4326],Ailanthus altissima,234FF1FE-645E-F011-9112-08F1EAD81ED0,157923904,R00460,IT,POINT (8.7222296 45.8438729),FALSE,2024,22,Invasive Alien Species in Europe,https://easin.jrc.ec.europa.eu/ias/speciesreport/details/66b1d16846d6df4bc5882da8,2025-07-11T16:39:31.517
[WGS84 - EPSG:4326],Ailanthus altissima,F84EF1FE-645E-F011-9112-08F1EAD81ED0,157923912,R00460,IT,POINT (8.799055 45.8346594),FALSE,2024,22,Invasive Alien Species in Europe,https://easin.jrc.ec.europa.eu/ias/speciesreport/details/66b1c6c846d6df4bc5882d9c,2025-07-11T16:39:31.517
[WGS84 - EPSG:4326],Ailanthus altissima,FB4EF1FE-645E-F011-9112-08F1EAD81ED0,157923920,R00460,IT,POINT (8.8303759 45.830428),FALSE,2024,22,Invasive Alien Species in Europe,https://easin.jrc.ec.europa.eu/ias/speciesreport/details/66b3119846d6df4bc5882def,2025-07-11T16:39:31.517
[WGS84 - EPSG:4326],Ailanthus altissima,ED4EF1FE-645E-F011-9112-08F1EAD81ED0,157923928,R00460,IT,POINT (8.7434514 45.9799111),FALSE,2024,22,Invasive Alien Species in Europe,https://easin.jrc.ec.europa.eu/ias/speciesreport/details/66e19e7b3452cfa4741745bf,2025-07-11T16:39:31.517
[WGS84 - EPSG:4326],Ailanthus altissima,EE4EF1FE-645E-F011-9112-08F1EAD81ED0,157923936,R00460,IT,POINT (8.8077302 45.8048355),FALSE,2024,22,Invasive Alien Species in Europe,https://easin.jrc.ec.europa.eu/ias/speciesreport/details/66b249b546d6df4bc5882ddc,2025-07-11T16:39:31.517
[WGS84 - EPSG:4326],Ailanthus altissima,EF4EF1FE-645E-F011-9112-08F1EAD81ED0,157923944,R00460,IT,POINT (8.8980711 45.9142157),FALSE,2024,22,Invasive Alien Species in Europe,https://easin.jrc.ec.europa.eu/ias/speciesreport/details/66c86a4992d55051b26e226b,2025-07-11T16:39:31.517
[WGS84 - EPSG:4326],Ailanthus altissima,F54EF1FE-645E-F011-9112-08F1EAD81ED0,157923952,R00460,IT,POINT (8.739538 45.9838054),FALSE,2024,22,Invasive Alien Species in Europe,https://easin.jrc.ec.europa.eu/ias/speciesreport/details/66e1631a3452cfa4741745a4,2025-07-11T16:39:31.517
[WGS84 - EPSG:4326],Ailanthus altissima,0C4FF1FE-645E-F011-9112-08F1EAD81ED0,157923960,R00460,IT,POINT (8.8335971 45.8002008),FALSE,2024,22,Invasive Alien Species in Europe,https://easin.jrc.ec.europa.eu/ias/speciesreport/details/66f261fef0eda677be7a219d,2025-07-11T16:39:31.517
[WGS84 - EPSG:4326],Ailanthus altissima,024FF1FE-645E-F011-9112-08F1EAD81ED0,157923968,R00460,IT,POINT (8.8518168 45.813619),FALSE,2024,22,Invasive Alien Species in Europe,https://easin.jrc.ec.europa.eu/ias/speciesreport/details/66c84bbc92d55051b26e2251,2025-07-11T16:39:31.517
[WGS84 - EPSG:4326],Ailanthus altissima,034FF1FE-645E-F011-9112-08F1EAD81ED0,157923976,R00460,IT,POINT (8.8130768 45.8246224),FALSE,2024,22,Invasive Alien Species in Europe,https://easin.jrc.ec.europa.eu/ias/speciesreport/details/66e53f3a417bb32b3a0098ac,2025-07-11T16:39:31.517
[WGS84 - EPSG:4326],Ailanthus altissima,D64EF1FE-645E-F011-9112-08F1EAD81ED0,157923992,R00460,IT,POINT (8.733157 45.9924615),FALSE,2024,22,Invasive Alien Species in Europe,https://easin.jrc.ec.europa.eu/ias/speciesreport/details/66e167d73452cfa4741745a8,2025-07-11T16:39:31.517
[WGS84 - EPSG:4326],Ailanthus altissima,D24EF1FE-645E-F011-9112-08F1EAD81ED0,157924000,R00460,IT,POINT (8.8303216 45.8369259),FALSE,2024,22,Invasive Alien Species in Europe,https://easin.jrc.ec.europa.eu/ias/speciesreport/details/66b0a51846d6df4bc5882d8f,2025-07-11T16:39:31.517
[WGS84 - EPSG:4326],Ailanthus altissima,CB4EF1FE-645E-F011-9112-08F1EAD81ED0,157924008,R00460,IT,POINT (8.6267561 45.899761),FALSE,2024,22,Invasive Alien Species in Europe,https://easin.jrc.ec.europa.eu/ias/speciesreport/details/66b48c8942ea5f3793be0923,2025-07-11T16:39:31.517
[WGS84 - EPSG:4326],Nicotiana glauca,DB4EF1FE-645E-F011-9112-08F1EAD81ED0,157924016,R10004,ES,POINT (-0.0644839 38.5637217),FALSE,2024,22,Invasive Alien Species in Europe,https://easin.jrc.ec.europa.eu/ias/speciesreport/details/66c6264c92d55051b26e2243,2025-07-11T16:39:31.517
[WGS84 - EPSG:4326],Ailanthus altissima,DC4EF1FE-645E-F011-9112-08F1EAD81ED0,157924024,R00460,IT,POINT (8.8051486 45.8170228),FALSE,2024,22,Invasive Alien Species in Europe,https://easin.jrc.ec.europa.eu/ias/speciesreport/details/66c1f9de2f28887016d20018,2025-07-11T16:39:31.517
[WGS84 - EPSG:4326],Ailanthus altissima,DD4EF1FE-645E-F011-9112-08F1EAD81ED0,157924032,R00460,IT,POINT (8.8752989 45.7646771),FALSE,2024,22,Invasive Alien Species in Europe,https://easin.jrc.ec.europa.eu/ias/speciesreport/details/6703b1c6cf2ae23bf45e536f,2025-07-11T16:39:31.517
[WGS84 - EPSG:4326],Ailanthus altissima,E54EF1FE-645E-F011-9112-08F1EAD81ED0,157924040,R00460,IT,POINT (8.8067179 45.7204051),FALSE,2024,22,Invasive Alien Species in Europe,https://easin.jrc.ec.europa.eu/ias/speciesreport/details/66e41432417bb32b3a00989f,2025-07-11T16:39:31.517
[WGS84 - EPSG:4326],Ailanthus altissima,EA4EF1FE-645E-F011-9112-08F1EAD81ED0,157924048,R00460,IT,POINT (8.8071213 45.8211978),FALSE,2024,22,Invasive Alien Species in Europe,https://easin.jrc.ec.europa.eu/ias/speciesreport/details/66c208532f28887016d2001c,2025-07-11T16:39:31.517
[WGS84 - EPSG:4326],Heracleum mantegazzianum,B44FF1FE-645E-F011-9112-08F1EAD81ED0,157924072,R07248,NL,POINT (4.88088 52.262149),FALSE,2024,22,Invasive Alien Species in Europe,https://easin.jrc.ec.europa.eu/ias/speciesreport/details/666b12def07f4cde7cb49b8a,2025-07-11T16:39:31.517
[WGS84 - EPSG:4326],Ailanthus altissima,B04FF1FE-645E-F011-9112-08F1EAD81ED0,157924080,R00460,IT,POINT (8.8222538 45.8223779),FALSE,2024,22,Invasive Alien Species in Europe,https://easin.jrc.ec.europa.eu/ias/speciesreport/details/66ab2efa46d6df4bc5882d46,2025-07-11T16:39:31.517
[WGS84 - EPSG:4326],Ailanthus altissima,A34FF1FE-645E-F011-9112-08F1EAD81ED0,157924088,R00460,IT,POINT (8.6504409 45.8936302),FALSE,2024,22,Invasive Alien Species in Europe,https://easin.jrc.ec.europa.eu/ias/speciesreport/details/66b486c142ea5f3793be0917,2025-07-11T16:39:31.517
[WGS84 - EPSG:4326],Ailanthus altissima,AA4FF1FE-645E-F011-9112-08F1EAD81ED0,157924096,R00460,IT,POINT (8.6272359 45.8050783),FALSE,2024,22,Invasive Alien Species in Europe,https://easin.jrc.ec.europa.eu/ias/speciesreport/details/66b4e4ed42ea5f3793be093e,2025-07-11T16:39:31.517
[WGS84 - EPSG:4326],Ailanthus altissima,A64FF1FE-645E-F011-9112-08F1EAD81ED0,157924104,R00460,IT,POINT (8.8393559 45.8197046),FALSE,2024,22,Invasive Alien Species in Europe,https://easin.jrc.ec.europa.eu/ias/speciesreport/details/66c8461292d55051b26e2248,2025-07-11T16:39:31.517
[WGS84 - EPSG:4326],Ailanthus altissima,BD4FF1FE-645E-F011-9112-08F1EAD81ED0,157924112,R00460,IT,POINT (8.8880929 45.9311987),FALSE,2024,22,Invasive Alien Species in Europe,https://easin.jrc.ec.europa.eu/ias/speciesreport/details/66c86fcb92d55051b26e2278,2025-07-11T16:39:31.517
[WGS84 - EPSG:4326],Ailanthus altissima,BE4FF1FE-645E-F011-9112-08F1EAD81ED0,157924120,R00460,IT,POINT (8.66825 45.8904664),FALSE,2024,22,Invasive Alien Species in Europe,https://easin.jrc.ec.europa.eu/ias/speciesreport/details/66b1e4c646d6df4bc5882dc2,2025-07-11T16:39:31.517
[WGS84 - EPSG:4326],Ailanthus altissima,B64FF1FE-645E-F011-9112-08F1EAD81ED0,157924128,R00460,IT,POINT (8.6387452 45.8438335),FALSE,2024,22,Invasive Alien Species in Europe,https://easin.jrc.ec.europa.eu/ias/speciesreport/details/66f2a88df0eda677be7a21cd,2025-07-11T16:39:31.517
[WGS84 - EPSG:4326],Ailanthus altissima,B94FF1FE-645E-F011-9112-08F1EAD81ED0,157924136,R00460,IT,POINT (13.1659363 43.0388182),FALSE,2024,22,Invasive Alien Species in Europe,https://easin.jrc.ec.europa.eu/ias/speciesreport/details/6694d85346d6df4bc5882d31,2025-07-11T16:39:31.517
[WGS84 - EPSG:4326],Ailanthus altissima,BA4FF1FE-645E-F011-9112-08F1EAD81ED0,157924144,R00460,IT,POINT (8.8979012 45.9124994),FALSE,2024,22,Invasive Alien Species in Europe,https://easin.jrc.ec.europa.eu/ias/speciesreport/details/66c869cb92d55051b26e226a,2025-07-11T16:39:31.517
[WGS84 - EPSG:4326],Ailanthus altissima,BB4FF1FE-645E-F011-9112-08F1EAD81ED0,157924152,R00460,IT,POINT (8.8241652 45.9361511),FALSE,2024,22,Invasive Alien Species in Europe,https://easin.jrc.ec.europa.eu/ias/speciesreport/details/66c87de692d55051b26e228b,2025-07-11T16:39:31.517
[WGS84 - EPSG:4326],Ailanthus altissima,C64FF1FE-645E-F011-9112-08F1EAD81ED0,157924160,R00460,IT,POINT (8.8155766 45.7831398),FALSE,2024,22,Invasive Alien Species in Europe,https://easin.jrc.ec.europa.eu/ias/speciesreport/details/66f26a4ef0eda677be7a21ad,2025-07-11T16:39:31.517
[WGS84 - EPSG:4326],Ailanthus altissima,C34FF1FE-645E-F011-9112-08F1EAD81ED0,157924168,R00460,IT,POINT (8.6095975 45.8019012),FALSE,2024,22,Invasive Alien Species in Europe,https://easin.jrc.ec.europa.eu/ias/speciesreport/details/66f2a819f0eda677be7a21cc,2025-07-11T16:39:31.517
[WGS84 - EPSG:4326],Ailanthus altissima,8A4FF1FE-645E-F011-9112-08F1EAD81ED0,157924176,R00460,IT,POINT (8.8883826 45.9305987),FALSE,2024,22,Invasive Alien Species in Europe,https://easin.jrc.ec.europa.eu/ias/speciesreport/details/66c86f7492d55051b26e2277,2025-07-11T16:39:31.517
[WGS84 - EPSG:4326],Ailanthus altissima,8E4FF1FE-645E-F011-9112-08F1EAD81ED0,157924184,R00460,IT,POINT (8.7511942 46.0254511),FALSE,2024,22,Invasive Alien Species in Europe,https://easin.jrc.ec.europa.eu/ias/speciesreport/details/66e198c13452cfa4741745ba,2025-07-11T16:39:31.517
[WGS84 - EPSG:4326],Heracleum mantegazzianum,8F4FF1FE-645E-F011-9112-08F1EAD81ED0,157924192,R07248,NL,POINT (4.90472814068655 52.3161697481318),FALSE,2024,22,Invasive Alien Species in Europe,https://easin.jrc.ec.europa.eu/ias/speciesreport/details/6669bb4b1e1c0b6ebb92778a,2025-07-11T16:39:31.517
[WGS84 - EPSG:4326],Ailanthus altissima,814FF1FE-645E-F011-9112-08F1EAD81ED0,157924200,R00460,IT,POINT (8.8064296 45.8253749),FALSE,2024,22,Invasive Alien Species in Europe,https://easin.jrc.ec.europa.eu/ias/speciesreport/details/66ab37d646d6df4bc5882d54,2025-07-11T16:39:31.517
[WGS84 - EPSG:4326],Ailanthus altissima,864FF1FE-645E-F011-9112-08F1EAD81ED0,157924208,R00460,IT,POINT (8.6968578 45.8540084),FALSE,2024,22,Invasive Alien Species in Europe,https://easin.jrc.ec.europa.eu/ias/speciesreport/details/66b1dd7d46d6df4bc5882db6,2025-07-11T16:39:31.517
[WGS84 - EPSG:4326],Robinia pseudoacacia,874FF1FE-645E-F011-9112-08F1EAD81ED0,157924216,R13059,ES,POINT (-3.2970602 41.0187305),FALSE,2024,22,Invasive Alien Species in Europe,https://easin.jrc.ec.europa.eu/ias/speciesreport/details/66ffa05acf2ae23bf45e5353,2025-07-11T16:39:31.517
[WGS84 - EPSG:4326],Ailanthus altissima,884FF1FE-645E-F011-9112-08F1EAD81ED0,157924224,R00460,IT,POINT (8.6783547 45.8920986),FALSE,2024,22,Invasive Alien Species in Europe,https://easin.jrc.ec.europa.eu/ias/speciesreport/details/66e14c283452cfa47417458c,2025-07-11T16:39:31.517
[WGS84 - EPSG:4326],Procambarus clarkii,9B4FF1FE-645E-F011-9112-08F1EAD81ED0,157924232,R12250,IT,POINT (8.67640536279294 45.6347253593112),FALSE,2024,22,Invasive Alien Species in Europe,https://easin.jrc.ec.europa.eu/ias/speciesreport/details/673cacb5ce0691f04cc50849,2025-07-11T16:39:31.517
[WGS84 - EPSG:4326],Ailanthus altissima,9C4FF1FE-645E-F011-9112-08F1EAD81ED0,157924240,R00460,IT,POINT (8.669235 45.8874311),FALSE,2024,22,Invasive Alien Species in Europe,https://easin.jrc.ec.europa.eu/ias/speciesreport/details/66b1e31146d6df4bc5882dbe,2025-07-11T16:39:31.517
[WGS84 - EPSG:4326],Ailanthus altissima,A04FF1FE-645E-F011-9112-08F1EAD81ED0,157924248,R00460,DE,POINT (9.25540208816528 50.1022556790365),FALSE,2024,22,Invasive Alien Species in Europe,https://easin.jrc.ec.europa.eu/ias/speciesreport/details/66be27306a666b614036e26f,2025-07-11T16:39:31.517
[WGS84 - EPSG:4326],Ailanthus altissima,954FF1FE-645E-F011-9112-08F1EAD81ED0,157924256,R00460,IT,POINT (8.8008607 45.8432942),FALSE,2024,22,Invasive Alien Species in Europe,https://easin.jrc.ec.europa.eu/ias/speciesreport/details/66acac6446d6df4bc5882d7d,2025-07-11T16:39:31.517
[WGS84 - EPSG:4326],Ailanthus altissima,964FF1FE-645E-F011-9112-08F1EAD81ED0,157924264,R00460,IT,POINT (8.7250815 45.8403929),FALSE,2024,22,Invasive Alien Species in Europe,https://easin.jrc.ec.europa.eu/ias/speciesreport/details/66abb20146d6df4bc5882d77,2025-07-11T16:39:31.517
[WGS84 - EPSG:4326],Ailanthus altissima,974FF1FE-645E-F011-9112-08F1EAD81ED0,157924272,R00460,IT,POINT (8.803928 45.8291988),FALSE,2024,22,Invasive Alien Species in Europe,https://easin.jrc.ec.europa.eu/ias/speciesreport/details/66e52b54417bb32b3a0098a7,2025-07-11T16:39:31.517
[WGS84 - EPSG:4326],Ailanthus altissima,934FF1FE-645E-F011-9112-08F1EAD81ED0,157924280,R00460,IT,POINT (8.8152339 45.8128715),FALSE,2024,22,Invasive Alien Species in Europe,https://easin.jrc.ec.europa.eu/ias/speciesreport/details/66f25fc3f0eda677be7a219b,2025-07-11T16:39:31.517
[WGS84 - EPSG:4326],Ailanthus altissima,D84FF1FE-645E-F011-9112-08F1EAD81ED0,157924288,R00460,IT,POINT (8.8583075 45.9658735),FALSE,2024,22,Invasive Alien Species in Europe,https://easin.jrc.ec.europa.eu/ias/speciesreport/details/66c8780892d55051b26e2283,2025-07-11T16:39:31.517
[WGS84 - EPSG:4326],Ailanthus altissima,D44FF1FE-645E-F011-9112-08F1EAD81ED0,157924296,R00460,IT,POINT (8.6598218 45.8943327),FALSE,2024,22,Invasive Alien Species in Europe,https://easin.jrc.ec.europa.eu/ias/speciesreport/details/66b4816342ea5f3793be090f,2025-07-11T16:39:31.517
[WGS84 - EPSG:4326],Ailanthus altissima,CA4FF1FE-645E-F011-9112-08F1EAD81ED0,157924304,R00460,IT,POINT (8.8053803 45.8194236),FALSE,2024,22,Invasive Alien Species in Europe,https://easin.jrc.ec.europa.eu/ias/speciesreport/details/66ab3d4c46d6df4bc5882d5d,2025-07-11T16:39:31.517
[WGS84 - EPSG:4326],Procambarus clarkii,CB4FF1FE-645E-F011-9112-08F1EAD81ED0,157924312,R12250,IT,POINT (8.68864059448242 45.5703130353666),FALSE,2024,22,Invasive Alien Species in Europe,https://easin.jrc.ec.europa.eu/ias/speciesreport/details/66bca21a6a666b614036e26b,2025-07-11T16:39:31.517
[WGS84 - EPSG:4326],Ailanthus altissima,D24FF1FE-645E-F011-9112-08F1EAD81ED0,157924320,R00460,IT,POINT (8.8084274 45.8275743),FALSE,2024,22,Invasive Alien Species in Europe,https://easin.jrc.ec.europa.eu/ias/speciesreport/details/66ab34dd46d6df4bc5882d4f,2025-07-11T16:39:31.517
[WGS84 - EPSG:4326],Myiopsitta monachus,CF4FF1FE-645E-F011-9112-08F1EAD81ED0,157924328,R09715,ES,POINT (-4.8201334476471 39.9614398641818),FALSE,2024,22,Invasive Alien Species in Europe,https://easin.jrc.ec.europa.eu/ias/speciesreport/details/66e6c716c20837c8d45e04d4,2025-07-11T16:39:31.517
[WGS84 - EPSG:4326],Ailanthus altissima,E84FF1FE-645E-F011-9112-08F1EAD81ED0,157924336,R00460,IT,POINT (8.8258118 45.9129871),FALSE,2024,22,Invasive Alien Species in Europe,https://easin.jrc.ec.europa.eu/ias/speciesreport/details/66c8816792d55051b26e2291,2025-07-11T16:39:31.517
[WGS84 - EPSG:4326],Ailanthus altissima,E14FF1FE-645E-F011-9112-08F1EAD81ED0,157924344,R00460,IT,POINT (8.825779 45.9014692),FALSE,2024,22,Invasive Alien Species in Europe,https://easin.jrc.ec.europa.eu/ias/speciesreport/details/66c883d692d55051b26e2295,2025-07-11T16:39:31.517
[WGS84 - EPSG:4326],Ailanthus altissima,EE4FF1FE-645E-F011-9112-08F1EAD81ED0,157924352,R00460,IT,POINT (8.820192 45.8304),FALSE,2024,22,Invasive Alien Species in Europe,https://easin.jrc.ec.europa.eu/ias/speciesreport/details/66b30c5b46d6df4bc5882de8,2025-07-11T16:39:31.517
[WGS84 - EPSG:4326],Ailanthus altissima,EF4FF1FE-645E-F011-9112-08F1EAD81ED0,157924360,R00460,IT,POINT (8.7995756 45.8351156),FALSE,2024,22,Invasive Alien Species in Europe,https://easin.jrc.ec.europa.eu/ias/speciesreport/details/66b1c66c46d6df4bc5882d9b,2025-07-11T16:39:31.517
[WGS84 - EPSG:4326],Ailanthus altissima,E64FF1FE-645E-F011-9112-08F1EAD81ED0,157924368,R00460,IT,POINT (8.8055604 45.8373357),FALSE,2024,22,Invasive Alien Species in Europe,https://easin.jrc.ec.europa.eu/ias/speciesreport/details/66acae7946d6df4bc5882d81,2025-07-11T16:39:31.517
[WGS84 - EPSG:4326],Ailanthus altissima,DE4FF1FE-645E-F011-9112-08F1EAD81ED0,157924376,R00460,IT,POINT (8.8113895 45.8363051),FALSE,2024,22,Invasive Alien Species in Europe,https://easin.jrc.ec.europa.eu/ias/speciesreport/details/66b09cea46d6df4bc5882d84,2025-07-11T16:39:31.517
[WGS84 - EPSG:4326],Ailanthus altissima,DF4FF1FE-645E-F011-9112-08F1EAD81ED0,157924384,R00460,IT,POINT (8.7241751 45.842955),FALSE,2024,22,Invasive Alien Species in Europe,https://easin.jrc.ec.europa.eu/ias/speciesreport/details/66b46cea42ea5f3793be08f1,2025-07-11T16:39:31.517
[WGS84 - EPSG:4326],Ailanthus altissima,1750F1FE-645E-F011-9112-08F1EAD81ED0,157924392,R00460,IT,POINT (13.7338226 43.0855213),FALSE,2024,22,Invasive Alien Species in Europe,https://easin.jrc.ec.europa.eu/ias/speciesreport/details/6697723446d6df4bc5882d36,2025-07-11T16:39:31.517
[WGS84 - EPSG:4326],Ailanthus altissima,0350F1FE-645E-F011-9112-08F1EAD81ED0,157924400,R00460,IT,POINT (8.6679652 45.8039696),FALSE,2024,22,Invasive Alien Species in Europe,https://easin.jrc.ec.europa.eu/ias/speciesreport/details/66b23a1c46d6df4bc5882dcd,2025-07-11T16:39:31.517
[WGS84 - EPSG:4326],Eucalyptus globulus,0450F1FE-645E-F011-9112-08F1EAD81ED0,157924408,R06002,ES,POINT (-0.9777358 39.7310325),FALSE,2024,22,Invasive Alien Species in Europe,https://easin.jrc.ec.europa.eu/ias/speciesreport/details/66929f0e46d6df4bc5882d22,2025-07-11T16:39:31.517
[WGS84 - EPSG:4326],Myiopsitta monachus,0750F1FE-645E-F011-9112-08F1EAD81ED0,157924416,R09715,ES,POINT (-4.4110859 36.7168877),FALSE,2024,22,Invasive Alien Species in Europe,https://easin.jrc.ec.europa.eu/ias/speciesreport/details/66b0a3e346d6df4bc5882d8d,2025-07-11T16:39:31.517
[WGS84 - EPSG:4326],Ailanthus altissima,0C50F1FE-645E-F011-9112-08F1EAD81ED0,157924424,R00460,IT,POINT (8.8221015 45.8284183),FALSE,2024,22,Invasive Alien Species in Europe,https://easin.jrc.ec.europa.eu/ias/speciesreport/details/66b308b246d6df4bc5882de4,2025-07-11T16:39:31.517
[WGS84 - EPSG:4326],Ailanthus altissima,0D50F1FE-645E-F011-9112-08F1EAD81ED0,157924432,R00460,IT,POINT (8.649028 45.8304052),FALSE,2024,22,Invasive Alien Species in Europe,https://easin.jrc.ec.europa.eu/ias/speciesreport/details/66b4e94442ea5f3793be0943,2025-07-11T16:39:31.517
[WGS84 - EPSG:4326],Ailanthus altissima,0E50F1FE-645E-F011-9112-08F1EAD81ED0,157924440,R00460,IT,POINT (13.805623 43.159744),FALSE,2024,22,Invasive Alien Species in Europe,https://easin.jrc.ec.europa.eu/ias/speciesreport/details/6693f78746d6df4bc5882d2e,2025-07-11T16:39:31.517
[WGS84 - EPSG:4326],Ailanthus altissima,FA4FF1FE-645E-F011-9112-08F1EAD81ED0,157924448,R00460,IT,POINT (12.9168632211811 42.8207949976331),FALSE,2024,22,Invasive Alien Species in Europe,https://easin.jrc.ec.europa.eu/ias/speciesreport/details/66b0f5cb46d6df4bc5882d96,2025-07-11T16:39:31.517
[WGS84 - EPSG:4326],Ailanthus altissima,FE4FF1FE-645E-F011-9112-08F1EAD81ED0,157924456,R00460,IT,POINT (8.7625355 45.8443024),FALSE,2024,22,Invasive Alien Species in Europe,https://easin.jrc.ec.europa.eu/ias/speciesreport/details/66b46aa642ea5f3793be08f0,2025-07-11T16:39:31.517
[WGS84 - EPSG:4326],Ailanthus altissima,FF4FF1FE-645E-F011-9112-08F1EAD81ED0,157924464,R00460,IT,POINT (8.6421445 45.7975639),FALSE,2024,22,Invasive Alien Species in Europe,https://easin.jrc.ec.europa.eu/ias/speciesreport/details/66b2394b46d6df4bc5882dcb,2025-07-11T16:39:31.517
[WGS84 - EPSG:4326],Ailanthus altissima,0050F1FE-645E-F011-9112-08F1EAD81ED0,157924472,R00460,IT,POINT (8.7990325 45.8375476),FALSE,2024,22,Invasive Alien Species in Europe,https://easin.jrc.ec.europa.eu/ias/speciesreport/details/66b1c55246d6df4bc5882d99,2025-07-11T16:39:31.517
[WGS84 - EPSG:4326],Ailanthus altissima,0150F1FE-645E-F011-9112-08F1EAD81ED0,157924480,R00460,IT,POINT (8.6651246 45.8953372),FALSE,2024,22,Invasive Alien Species in Europe,https://easin.jrc.ec.europa.eu/ias/speciesreport/details/66b47f3842ea5f3793be090b,2025-07-11T16:39:31.517
[WGS84 - EPSG:4326],Ailanthus altissima,F14FF1FE-645E-F011-9112-08F1EAD81ED0,157924488,R00460,IT,POINT (8.7479666 46.0089748),FALSE,2024,22,Invasive Alien Species in Europe,https://easin.jrc.ec.europa.eu/ias/speciesreport/details/66e168b23452cfa4741745aa,2025-07-11T16:39:31.517
[WGS84 - EPSG:4326],Ailanthus altissima,F44FF1FE-645E-F011-9112-08F1EAD81ED0,157924496,R00460,IT,POINT (8.7164455 45.7281285),FALSE,2024,22,Invasive Alien Species in Europe,https://easin.jrc.ec.europa.eu/ias/speciesreport/details/66f27899f0eda677be7a21b4,2025-07-11T16:39:31.517
[WGS84 - EPSG:4326],Ailanthus altissima,F54FF1FE-645E-F011-9112-08F1EAD81ED0,157924504,R00460,IT,POINT (8.8218952 45.8282789),FALSE,2024,22,Invasive Alien Species in Europe,https://easin.jrc.ec.europa.eu/ias/speciesreport/details/66b30af746d6df4bc5882de6,2025-07-11T16:39:31.517
[WGS84 - EPSG:4326],Ailanthus altissima,F64FF1FE-645E-F011-9112-08F1EAD81ED0,157924512,R00460,IT,POINT (8.6464916 45.7175492),FALSE,2024,22,Invasive Alien Species in Europe,https://easin.jrc.ec.europa.eu/ias/speciesreport/details/66f285ecf0eda677be7a21b8,2025-07-11T16:39:31.517
[WGS84 - EPSG:4326],Ailanthus altissima,F74FF1FE-645E-F011-9112-08F1EAD81ED0,157924520,R00460,IT,POINT (8.8761787 45.8057373),FALSE,2024,22,Invasive Alien Species in Europe,https://easin.jrc.ec.europa.eu/ias/speciesreport/details/66c8500c92d55051b26e2255,2025-07-11T16:39:31.517
[WGS84 - EPSG:4326],Ailanthus altissima,3E50F1FE-645E-F011-9112-08F1EAD81ED0,157924528,R00460,IT,POINT (13.809128 43.163313),FALSE,2024,22,Invasive Alien Species in Europe,https://easin.jrc.ec.europa.eu/ias/speciesreport/details/669a365246d6df4bc5882d39,2025-07-11T16:39:31.517
[WGS84 - EPSG:4326],Ailanthus altissima,3F50F1FE-645E-F011-9112-08F1EAD81ED0,157924536,R00460,IT,POINT (8.8700574 45.7163518),FALSE,2024,22,Invasive Alien Species in Europe,https://easin.jrc.ec.europa.eu/ias/speciesreport/details/670398c3cf2ae23bf45e535d,2025-07-11T16:39:31.517
[WGS84 - EPSG:4326],Ailanthus altissima,4450F1FE-645E-F011-9112-08F1EAD81ED0,157924544,R00460,IT,POINT (8.7482781 46.0090756),FALSE,2024,22,Invasive Alien Species in Europe,https://easin.jrc.ec.europa.eu/ias/speciesreport/details/66e16a623452cfa4741745ab,2025-07-11T16:39:31.517
[WGS84 - EPSG:4326],Ailanthus altissima,4550F1FE-645E-F011-9112-08F1EAD81ED0,157924552,R00460,IT,POINT (8.8742283 45.7003603),FALSE,2024,22,Invasive Alien Species in Europe,https://easin.jrc.ec.europa.eu/ias/speciesreport/details/67039c1bcf2ae23bf45e5362,2025-07-11T16:39:31.517
[WGS84 - EPSG:4326],Ailanthus altissima,4650F1FE-645E-F011-9112-08F1EAD81ED0,157924560,R00460,IT,POINT (8.80532 45.8257587),FALSE,2024,22,Invasive Alien Species in Europe,https://easin.jrc.ec.europa.eu/ias/speciesreport/details/66c204292f28887016d2001b,2025-07-11T16:39:31.517
[WGS84 - EPSG:4326],Ailanthus altissima,4750F1FE-645E-F011-9112-08F1EAD81ED0,157924568,R00460,IT,POINT (8.8222322 45.8121389),FALSE,2024,22,Invasive Alien Species in Europe,https://easin.jrc.ec.europa.eu/ias/speciesreport/details/6718a7fdcd536f2d11248638,2025-07-11T16:39:31.517
[WGS84 - EPSG:4326],Ailanthus altissima,4850F1FE-645E-F011-9112-08F1EAD81ED0,157924576,R00460,IT,POINT (8.6504644 45.89701),FALSE,2024,22,Invasive Alien Species in Europe,https://easin.jrc.ec.europa.eu/ias/speciesreport/details/66b4842242ea5f3793be0915,2025-07-11T16:39:31.517
[WGS84 - EPSG:4326],Ailanthus altissima,4950F1FE-645E-F011-9112-08F1EAD81ED0,157924584,R00460,IT,POINT (8.8144532 45.8236477),FALSE,2024,22,Invasive Alien Species in Europe,https://easin.jrc.ec.europa.eu/ias/speciesreport/details/66ab308046d6df4bc5882d48,2025-07-11T16:39:31.517
[WGS84 - EPSG:4326],Ailanthus altissima,5D50F1FE-645E-F011-9112-08F1EAD81ED0,157924592,R00460,IT,POINT (8.6493805 45.8305537),FALSE,2024,22,Invasive Alien Species in Europe,https://easin.jrc.ec.europa.eu/ias/speciesreport/details/66b4e84f42ea5f3793be0942,2025-07-11T16:39:31.517
[WGS84 - EPSG:4326],Ailanthus altissima,5F50F1FE-645E-F011-9112-08F1EAD81ED0,157924600,R00460,IT,POINT (8.8522716 45.9584413),FALSE,2024,22,Invasive Alien Species in Europe,https://easin.jrc.ec.europa.eu/ias/speciesreport/details/66c87d5892d55051b26e228a,2025-07-11T16:39:31.517
[WGS84 - EPSG:4326],Ailanthus altissima,6050F1FE-645E-F011-9112-08F1EAD81ED0,157924608,R00460,IT,POINT (8.6142217 45.8538308),FALSE,2024,22,Invasive Alien Species in Europe,https://easin.jrc.ec.europa.eu/ias/speciesreport/details/66b49b0942ea5f3793be0937,2025-07-11T16:39:31.517
[WGS84 - EPSG:4326],Ailanthus altissima,5950F1FE-645E-F011-9112-08F1EAD81ED0,157924616,R00460,IT,POINT (8.7490147 46.0264921),FALSE,2024,22,Invasive Alien Species in Europe,https://easin.jrc.ec.europa.eu/ias/speciesreport/details/66e1966c3452cfa4741745b7,2025-07-11T16:39:31.517
[WGS84 - EPSG:4326],Ailanthus altissima,5150F1FE-645E-F011-9112-08F1EAD81ED0,157924624,R00460,IT,POINT (8.6853701 45.8045845),FALSE,2024,22,Invasive Alien Species in Europe,https://easin.jrc.ec.europa.eu/ias/speciesreport/details/66b23d0346d6df4bc5882dd1,2025-07-11T16:39:31.517
[WGS84 - EPSG:4326],Ailanthus altissima,5350F1FE-645E-F011-9112-08F1EAD81ED0,157924632,R00460,IT,POINT (13.8087916 43.1407869),FALSE,2024,22,Invasive Alien Species in Europe,https://easin.jrc.ec.europa.eu/ias/speciesreport/details/669acd9746d6df4bc5882d3a,2025-07-11T16:39:31.517
[WGS84 - EPSG:4326],Ailanthus altissima,5450F1FE-645E-F011-9112-08F1EAD81ED0,157924640,R00460,IT,POINT (8.669281 45.8939058),FALSE,2024,22,Invasive Alien Species in Europe,https://easin.jrc.ec.europa.eu/ias/speciesreport/details/66b47a2942ea5f3793be0902,2025-07-11T16:39:31.517
[WGS84 - EPSG:4326],Ailanthus altissima,2F50F1FE-645E-F011-9112-08F1EAD81ED0,157924648,R00460,IT,POINT (8.6203603 45.8559345),FALSE,2024,22,Invasive Alien Species in Europe,https://easin.jrc.ec.europa.eu/ias/speciesreport/details/66b49ca942ea5f3793be093a,2025-07-11T16:39:31.517
[WGS84 - EPSG:4326],Ailanthus altissima,3050F1FE-645E-F011-9112-08F1EAD81ED0,157924656,R00460,IT,POINT (8.6913138 45.8659039),FALSE,2024,22,Invasive Alien Species in Europe,https://easin.jrc.ec.europa.eu/ias/speciesreport/details/66b4f3c742ea5f3793be094d,2025-07-11T16:39:31.517
[WGS84 - EPSG:4326],Ailanthus altissima,2C50F1FE-645E-F011-9112-08F1EAD81ED0,157924664,R00460,IT,POINT (8.635023 45.8964428),FALSE,2024,22,Invasive Alien Species in Europe,https://easin.jrc.ec.europa.eu/ias/speciesreport/details/66b48b8142ea5f3793be0921,2025-07-11T16:39:31.517
[WGS84 - EPSG:4326],Ailanthus altissima,3850F1FE-645E-F011-9112-08F1EAD81ED0,157924672,R00460,IT,POINT (8.7394626 45.9837289),FALSE,2024,22,Invasive Alien Species in Europe,https://easin.jrc.ec.europa.eu/ias/speciesreport/details/66e162b83452cfa4741745a3,2025-07-11T16:39:31.517
[WGS84 - EPSG:4326],Ailanthus altissima,3C50F1FE-645E-F011-9112-08F1EAD81ED0,157924680,R00460,IT,POINT (8.8211951 45.8197776),FALSE,2024,22,Invasive Alien Species in Europe,https://easin.jrc.ec.europa.eu/ias/speciesreport/details/6703c227cf2ae23bf45e5380,2025-07-11T16:39:31.517
[WGS84 - EPSG:4326],Ailanthus altissima,1C50F1FE-645E-F011-9112-08F1EAD81ED0,157924688,R00460,IT,POINT (8.7381363 45.904802),FALSE,2024,22,Invasive Alien Species in Europe,https://easin.jrc.ec.europa.eu/ias/speciesreport/details/66e154f43452cfa474174593,2025-07-11T16:39:31.517
[WGS84 - EPSG:4326],Ailanthus altissima,2450F1FE-645E-F011-9112-08F1EAD81ED0,157924696,R00460,IT,POINT (8.8224018 45.8276779),FALSE,2024,22,Invasive Alien Species in Europe,https://easin.jrc.ec.europa.eu/ias/speciesreport/details/66b307a446d6df4bc5882de0,2025-07-11T16:39:31.517
[WGS84 - EPSG:4326],Ailanthus altissima,2150F1FE-645E-F011-9112-08F1EAD81ED0,157924704,R00460,IT,POINT (8.8342414 45.7973429),FALSE,2024,22,Invasive Alien Species in Europe,https://easin.jrc.ec.europa.eu/ias/speciesreport/details/66f265bef0eda677be7a21a5,2025-07-11T16:39:31.517
[WGS84 - EPSG:4326],Impatiens glandulifera,1950F1FE-645E-F011-9112-08F1EAD81ED0,157924712,R07719,DE,POINT (6.8022454 50.073828),FALSE,2024,22,Invasive Alien Species in Europe,https://easin.jrc.ec.europa.eu/ias/speciesreport/details/67260c4f6dd09349c33997f3,2025-07-11T16:39:31.517
[WGS84 - EPSG:4326],Ailanthus altissima,1250F1FE-645E-F011-9112-08F1EAD81ED0,157924720,R00460,IT,POINT (8.6675628 45.8915812),FALSE,2024,22,Invasive Alien Species in Europe,https://easin.jrc.ec.europa.eu/ias/speciesreport/details/66b1e56146d6df4bc5882dc4,2025-07-11T16:39:31.517
[WGS84 - EPSG:4326],Ailanthus altissima,1350F1FE-645E-F011-9112-08F1EAD81ED0,157924728,R00460,IT,POINT (8.8921948 45.8655211),FALSE,2024,22,Invasive Alien Species in Europe,https://easin.jrc.ec.europa.eu/ias/speciesreport/details/66c8604792d55051b26e2261,2025-07-11T16:39:31.517
[WGS84 - EPSG:4326],Ailanthus altissima,8C50F1FE-645E-F011-9112-08F1EAD81ED0,157924736,R00460,IT,POINT (9.1605125 45.1791068),FALSE,2024,22,Invasive Alien Species in Europe,https://easin.jrc.ec.europa.eu/ias/speciesreport/details/66eee23bc20837c8d45e04da,2025-07-11T16:39:31.517
[WGS84 - EPSG:4326],Ailanthus altissima,9350F1FE-645E-F011-9112-08F1EAD81ED0,157924744,R00460,IT,POINT (8.5985515 45.9020512),FALSE,2024,22,Invasive Alien Species in Europe,https://easin.jrc.ec.europa.eu/ias/speciesreport/details/66b493be42ea5f3793be092e,2025-07-11T16:39:31.517
[WGS84 - EPSG:4326],Ailanthus altissima,9450F1FE-645E-F011-9112-08F1EAD81ED0,157924752,R00460,EL,POINT (23.7787841 37.9956787),FALSE,2024,22,Invasive Alien Species in Europe,https://easin.jrc.ec.europa.eu/ias/speciesreport/details/66ded7753452cfa474174589,2025-07-11T16:39:31.517
[WGS84 - EPSG:4326],Ailanthus altissima,9050F1FE-645E-F011-9112-08F1EAD81ED0,157924760,R00460,IT,POINT (8.8536902 45.9612781),FALSE,2024,22,Invasive Alien Species in Europe,https://easin.jrc.ec.europa.eu/ias/speciesreport/details/66c8784392d55051b26e2284,2025-07-11T16:39:31.517
[WGS84 - EPSG:4326],Ailanthus altissima,A150F1FE-645E-F011-9112-08F1EAD81ED0,157924768,R00460,IT,POINT (8.6791006 45.8920064),FALSE,2024,22,Invasive Alien Species in Europe,https://easin.jrc.ec.europa.eu/ias/speciesreport/details/66e14cfe3452cfa47417458d,2025-07-11T16:39:31.517
[WGS84 - EPSG:4326],Ailanthus altissima,7E50F1FE-645E-F011-9112-08F1EAD81ED0,157924776,R00460,IT,POINT (8.8699202 45.7759739),FALSE,2024,22,Invasive Alien Species in Europe,https://easin.jrc.ec.europa.eu/ias/speciesreport/details/6703b7f0cf2ae23bf45e537b,2025-07-11T16:39:31.517
[WGS84 - EPSG:4326],Ailanthus altissima,7F50F1FE-645E-F011-9112-08F1EAD81ED0,157924784,R00460,IT,POINT (8.7222119 45.8449698),FALSE,2024,22,Invasive Alien Species in Europe,https://easin.jrc.ec.europa.eu/ias/speciesreport/details/66b1d2ba46d6df4bc5882daa,2025-07-11T16:39:31.517
[WGS84 - EPSG:4326],Ailanthus altissima,8450F1FE-645E-F011-9112-08F1EAD81ED0,157924792,R00460,IT,POINT (9.1652527 45.1780055),FALSE,2024,22,Invasive Alien Species in Europe,https://easin.jrc.ec.europa.eu/ias/speciesreport/details/66eece52c20837c8d45e04d7,2025-07-11T16:39:31.517
[WGS84 - EPSG:4326],Ailanthus altissima,7C50F1FE-645E-F011-9112-08F1EAD81ED0,157924800,R00460,IT,POINT (8.7595206 45.9061181),FALSE,2024,22,Invasive Alien Species in Europe,https://easin.jrc.ec.europa.eu/ias/speciesreport/details/66be282a6a666b614036e274,2025-07-11T16:39:31.517
[WGS84 - EPSG:4326],Ailanthus altissima,7750F1FE-645E-F011-9112-08F1EAD81ED0,157924808,R00460,IT,POINT (8.8985966 45.9155387),FALSE,2024,22,Invasive Alien Species in Europe,https://easin.jrc.ec.europa.eu/ias/speciesreport/details/66c86a9a92d55051b26e226c,2025-07-11T16:39:31.517
[WGS84 - EPSG:4326],Ailanthus altissima,7850F1FE-645E-F011-9112-08F1EAD81ED0,157924816,R00460,IT,POINT (8.6026964 45.794092),FALSE,2024,22,Invasive Alien Species in Europe,https://easin.jrc.ec.europa.eu/ias/speciesreport/details/66f2a07ef0eda677be7a21c2,2025-07-11T16:39:31.517
[WGS84 - EPSG:4326],Ailanthus altissima,7550F1FE-645E-F011-9112-08F1EAD81ED0,157924824,R00460,IT,POINT (8.8094801 45.815844),FALSE,2024,22,Invasive Alien Species in Europe,https://easin.jrc.ec.europa.eu/ias/speciesreport/details/66ab40ce46d6df4bc5882d62,2025-07-11T16:39:31.517
[WGS84 - EPSG:4326],Ailanthus altissima,6F50F1FE-645E-F011-9112-08F1EAD81ED0,157924832,R00460,IT,POINT (8.801597 45.8183756),FALSE,2024,22,Invasive Alien Species in Europe,https://easin.jrc.ec.europa.eu/ias/speciesreport/details/66c201782f28887016d2001a,2025-07-11T16:39:31.517
[WGS84 - EPSG:4326],Ailanthus altissima,6D50F1FE-645E-F011-9112-08F1EAD81ED0,157924840,R00460,IT,POINT (8.6695778 45.8934479),FALSE,2024,22,Invasive Alien Species in Europe,https://easin.jrc.ec.europa.eu/ias/speciesreport/details/66b4799142ea5f3793be0901,2025-07-11T16:39:31.517
[WGS84 - EPSG:4326],Ailanthus altissima,6750F1FE-645E-F011-9112-08F1EAD81ED0,157924848,R00460,IT,POINT (8.8100528 45.8186445),FALSE,2024,22,Invasive Alien Species in Europe,https://easin.jrc.ec.europa.eu/ias/speciesreport/details/66c20b282f28887016d2001f,2025-07-11T16:39:31.517
[WGS84 - EPSG:4326],Ailanthus altissima,6850F1FE-645E-F011-9112-08F1EAD81ED0,157924856,R00460,IT,POINT (8.7670359 45.9548718),FALSE,2024,22,Invasive Alien Species in Europe,https://easin.jrc.ec.europa.eu/ias/speciesreport/details/66e1acec3452cfa4741745d4,2025-07-11T16:39:31.517
[WGS84 - EPSG:4326],Ailanthus altissima,6950F1FE-645E-F011-9112-08F1EAD81ED0,157924864,R00460,IT,POINT (13.7935653 43.1454059),FALSE,2024,22,Invasive Alien Species in Europe,https://easin.jrc.ec.europa.eu/ias/speciesreport/details/6693f46346d6df4bc5882d2d,2025-07-11T16:39:31.517
[WGS84 - EPSG:4326],Ailanthus altissima,6250F1FE-645E-F011-9112-08F1EAD81ED0,157924872,R00460,IT,POINT (12.7891985859208 43.1140901504974),FALSE,2024,22,Invasive Alien Species in Europe,https://easin.jrc.ec.europa.eu/ias/speciesreport/details/66ae6dfc46d6df4bc5882d82,2025-07-11T16:39:31.517
[WGS84 - EPSG:4326],Ailanthus altissima,6550F1FE-645E-F011-9112-08F1EAD81ED0,157924880,R00460,IT,POINT (8.9254536 45.8733986),FALSE,2024,22,Invasive Alien Species in Europe,https://easin.jrc.ec.europa.eu/ias/speciesreport/details/66c8598b92d55051b26e225b,2025-07-11T16:39:31.517
[WGS84 - EPSG:4326],Ailanthus altissima,3A52F1FE-645E-F011-9112-08F1EAD81ED0,157924888,R00460,IT,POINT (8.7442713 45.9763394),FALSE,2024,22,Invasive Alien Species in Europe,https://easin.jrc.ec.europa.eu/ias/speciesreport/details/66e1606d3452cfa47417459d,2025-07-11T16:39:31.517
[WGS84 - EPSG:4326],Impatiens glandulifera,3B52F1FE-645E-F011-9112-08F1EAD81ED0,157924896,R07719,DE,POINT (6.7755892 50.1140426),FALSE,2024,22,Invasive Alien Species in Europe,https://easin.jrc.ec.europa.eu/ias/speciesreport/details/67260c1c6dd09349c33997f2,2025-07-11T16:39:31.517
[WGS84 - EPSG:4326],Ailanthus altissima,3C52F1FE-645E-F011-9112-08F1EAD81ED0,157924904,R00460,IT,POINT (8.8042759 45.825206),FALSE,2024,22,Invasive Alien Species in Europe,https://easin.jrc.ec.europa.eu/ias/speciesreport/details/66ab3b4646d6df4bc5882d59,2025-07-11T16:39:31.517
[WGS84 - EPSG:4326],Ailanthus altissima,2A52F1FE-645E-F011-9112-08F1EAD81ED0,157924912,R00460,IT,POINT (8.6685023 45.8029533),FALSE,2024,22,Invasive Alien Species in Europe,https://easin.jrc.ec.europa.eu/ias/speciesreport/details/66b23b6046d6df4bc5882dcf,2025-07-11T16:39:31.517
[WGS84 - EPSG:4326],Ailanthus altissima,2B52F1FE-645E-F011-9112-08F1EAD81ED0,157924920,R00460,IT,POINT (8.8282885 45.8961624),FALSE,2024,22,Invasive Alien Species in Europe,https://easin.jrc.ec.europa.eu/ias/speciesreport/details/66c8842592d55051b26e2296,2025-07-11T16:39:31.517
[WGS84 - EPSG:4326],Ailanthus altissima,2C52F1FE-645E-F011-9112-08F1EAD81ED0,157924928,R00460,IT,POINT (8.6677961 45.8913525),FALSE,2024,22,Invasive Alien Species in Europe,https://easin.jrc.ec.europa.eu/ias/speciesreport/details/66b1e51746d6df4bc5882dc3,2025-07-11T16:39:31.517
[WGS84 - EPSG:4326],Ailanthus altissima,2D52F1FE-645E-F011-9112-08F1EAD81ED0,157924936,R00460,IT,POINT (8.8744477 45.7679333),FALSE,2024,22,Invasive Alien Species in Europe,https://easin.jrc.ec.europa.eu/ias/speciesreport/details/6703b32acf2ae23bf45e5373,2025-07-11T16:39:31.517
[WGS84 - EPSG:4326],Ailanthus altissima,3052F1FE-645E-F011-9112-08F1EAD81ED0,157924944,R00460,IT,POINT (8.5992795 45.8878879),FALSE,2024,22,Invasive Alien Species in Europe,https://easin.jrc.ec.europa.eu/ias/speciesreport/details/66b498aa42ea5f3793be0934,2025-07-11T16:39:31.517
[WGS84 - EPSG:4326],Ailanthus altissima,2852F1FE-645E-F011-9112-08F1EAD81ED0,157924952,R00460,IT,POINT (8.7597345 45.9062375),FALSE,2024,22,Invasive Alien Species in Europe,https://easin.jrc.ec.europa.eu/ias/speciesreport/details/66be29876a666b614036e275,2025-07-11T16:39:31.517
[WGS84 - EPSG:4326],Ailanthus altissima,4052F1FE-645E-F011-9112-08F1EAD81ED0,157924960,R00460,IT,POINT (8.7641788 45.9175576),FALSE,2024,22,Invasive Alien Species in Europe,https://easin.jrc.ec.europa.eu/ias/speciesreport/details/66e159323452cfa474174595,2025-07-11T16:39:31.517
[WGS84 - EPSG:4326],Ailanthus altissima,3852F1FE-645E-F011-9112-08F1EAD81ED0,157924968,R00460,IT,POINT (8.804295 45.8251194),FALSE,2024,22,Invasive Alien Species in Europe,https://easin.jrc.ec.europa.eu/ias/speciesreport/details/66ab3c1046d6df4bc5882d5a,2025-07-11T16:39:31.517
[WGS84 - EPSG:4326],Ailanthus altissima,4852F1FE-645E-F011-9112-08F1EAD81ED0,157924976,R00460,IT,POINT (8.8584947 45.7358867),FALSE,2024,22,Invasive Alien Species in Europe,https://easin.jrc.ec.europa.eu/ias/speciesreport/details/6718d315cd536f2d1124863e,2025-07-11T16:39:31.517
[WGS84 - EPSG:4326],Arundo donax,4C52F1FE-645E-F011-9112-08F1EAD81ED0,157924984,R01515,ES,POINT (-1.4253927 39.3180229),FALSE,2024,22,Invasive Alien Species in Europe,https://easin.jrc.ec.europa.eu/ias/speciesreport/details/66fba36dcf2ae23bf45e534b,2025-07-11T16:39:31.517
[WGS84 - EPSG:4326],Arundo donax,6D52F1FE-645E-F011-9112-08F1EAD81ED0,157924992,R01515,ES,POINT (-1.4789816 39.3069588),FALSE,2024,22,Invasive Alien Species in Europe,https://easin.jrc.ec.europa.eu/ias/speciesreport/details/673d9115ce0691f04cc5084a,2025-07-11T16:39:31.517
[WGS84 - EPSG:4326],Ailanthus altissima,6E52F1FE-645E-F011-9112-08F1EAD81ED0,157925000,R00460,IT,POINT (8.6283877 45.8979005),FALSE,2024,22,Invasive Alien Species in Europe,https://easin.jrc.ec.europa.eu/ias/speciesreport/details/66b48c0742ea5f3793be0922,2025-07-11T16:39:31.517
[WGS84 - EPSG:4326],Ailanthus altissima,7152F1FE-645E-F011-9112-08F1EAD81ED0,157925008,R00460,IT,POINT (8.8568982 45.7348981),FALSE,2024,22,Invasive Alien Species in Europe,https://easin.jrc.ec.europa.eu/ias/speciesreport/details/6718cb6acd536f2d1124863d,2025-07-11T16:39:31.517
[WGS84 - EPSG:4326],Threskiornis aethiopicus,5D52F1FE-645E-F011-9112-08F1EAD81ED0,157925016,R15136,IT,POINT (12.510593509149 41.8720976694712),FALSE,2024,22,Invasive Alien Species in Europe,https://easin.jrc.ec.europa.eu/ias/speciesreport/details/65b26acc1440de683e9d240a,2025-07-11T16:39:31.517
[WGS84 - EPSG:4326],Ailanthus altissima,5E52F1FE-645E-F011-9112-08F1EAD81ED0,157925024,R00460,IT,POINT (8.6446781 45.8189712),FALSE,2024,22,Invasive Alien Species in Europe,https://easin.jrc.ec.europa.eu/ias/speciesreport/details/66aba0ff46d6df4bc5882d69,2025-07-11T16:39:31.517
[WGS84 - EPSG:4326],Ailanthus altissima,6B52F1FE-645E-F011-9112-08F1EAD81ED0,157925032,R00460,IT,POINT (8.7223066 45.8407013),FALSE,2024,22,Invasive Alien Species in Europe,https://easin.jrc.ec.europa.eu/ias/speciesreport/details/66b1cf2746d6df4bc5882da4,2025-07-11T16:39:31.517
[WGS84 - EPSG:4326],Ailanthus altissima,5752F1FE-645E-F011-9112-08F1EAD81ED0,157925040,R00460,IT,POINT (8.8743365 45.7691603),FALSE,2024,22,Invasive Alien Species in Europe,https://easin.jrc.ec.europa.eu/ias/speciesreport/details/6703b3f1cf2ae23bf45e5375,2025-07-11T16:39:31.517
[WGS84 - EPSG:4326],Ailanthus altissima,4E52F1FE-645E-F011-9112-08F1EAD81ED0,157925048,R00460,IT,POINT (8.5984566 45.8897871),FALSE,2024,22,Invasive Alien Species in Europe,https://easin.jrc.ec.europa.eu/ias/speciesreport/details/66b4971f42ea5f3793be0933,2025-07-11T16:39:31.517
[WGS84 - EPSG:4326],Ailanthus altissima,4F52F1FE-645E-F011-9112-08F1EAD81ED0,157925056,R00460,IT,POINT (8.908669 45.841446),FALSE,2024,22,Invasive Alien Species in Europe,https://easin.jrc.ec.europa.eu/ias/speciesreport/details/66c8575c92d55051b26e2259,2025-07-11T16:39:31.517
[WGS84 - EPSG:4326],Ailanthus altissima,5152F1FE-645E-F011-9112-08F1EAD81ED0,157925064,R00460,IT,POINT (8.6154399 45.8538093),FALSE,2024,22,Invasive Alien Species in Europe,https://easin.jrc.ec.europa.eu/ias/speciesreport/details/66b49b6342ea5f3793be0938,2025-07-11T16:39:31.517
[WGS84 - EPSG:4326],Ailanthus altissima,5252F1FE-645E-F011-9112-08F1EAD81ED0,157925072,R00460,ES,POINT (-2.92646169662476 39.9608888938508),FALSE,2024,22,Invasive Alien Species in Europe,https://easin.jrc.ec.europa.eu/ias/speciesreport/details/66d3725c3452cfa474174584,2025-07-11T16:39:31.517
[WGS84 - EPSG:4326],Ailanthus altissima,5352F1FE-645E-F011-9112-08F1EAD81ED0,157925080,R00460,IT,POINT (13.7123058 43.1617374),FALSE,2024,22,Invasive Alien Species in Europe,https://easin.jrc.ec.europa.eu/ias/speciesreport/details/66978ac046d6df4bc5882d37,2025-07-11T16:39:31.517
[WGS84 - EPSG:4326],Ailanthus altissima,6252F1FE-645E-F011-9112-08F1EAD81ED0,157925088,R00460,IT,POINT (8.8060089 45.8251155),FALSE,2024,22,Invasive Alien Species in Europe,https://easin.jrc.ec.europa.eu/ias/speciesreport/details/66ab38b246d6df4bc5882d56,2025-07-11T16:39:31.517
[WGS84 - EPSG:4326],Ailanthus altissima,6352F1FE-645E-F011-9112-08F1EAD81ED0,157925096,R00460,IT,POINT (8.7574247 45.9670594),FALSE,2024,22,Invasive Alien Species in Europe,https://easin.jrc.ec.europa.eu/ias/speciesreport/details/66e1a6513452cfa4741745ca,2025-07-11T16:39:31.517
[WGS84 - EPSG:4326],Ailanthus altissima,5A52F1FE-645E-F011-9112-08F1EAD81ED0,157925104,R00460,IT,POINT (8.6615219 45.8407824),FALSE,2024,22,Invasive Alien Species in Europe,https://easin.jrc.ec.europa.eu/ias/speciesreport/details/66aba75946d6df4bc5882d6f,2025-07-11T16:39:31.517
[WGS84 - EPSG:4326],Ailanthus altissima,5B52F1FE-645E-F011-9112-08F1EAD81ED0,157925112,R00460,IT,POINT (8.8239661 45.8114485),FALSE,2024,22,Invasive Alien Species in Europe,https://easin.jrc.ec.europa.eu/ias/speciesreport/details/66f260e6f0eda677be7a219c,2025-07-11T16:39:31.517
[WGS84 - EPSG:4326],Ailanthus altissima,DE51F1FE-645E-F011-9112-08F1EAD81ED0,157925120,R00460,IT,POINT (8.8352616 45.8590916),FALSE,2024,22,Invasive Alien Species in Europe,https://easin.jrc.ec.europa.eu/ias/speciesreport/details/66a5f23a46d6df4bc5882d3f,2025-07-11T16:39:31.517
[WGS84 - EPSG:4326],Ailanthus altissima,E051F1FE-645E-F011-9112-08F1EAD81ED0,157925128,R00460,IT,POINT (8.6735538 45.8770775),FALSE,2024,22,Invasive Alien Species in Europe,https://easin.jrc.ec.europa.eu/ias/speciesreport/details/66b4716442ea5f3793be08f3,2025-07-11T16:39:31.517
[WGS84 - EPSG:4326],Ailanthus altissima,EA51F1FE-645E-F011-9112-08F1EAD81ED0,157925136,R00460,IT,POINT (8.8229067 45.8275929),FALSE,2024,22,Invasive Alien Species in Europe,https://easin.jrc.ec.europa.eu/ias/speciesreport/details/66b30f5046d6df4bc5882dec,2025-07-11T16:39:31.517
[WGS84 - EPSG:4326],Ailanthus altissima,EE51F1FE-645E-F011-9112-08F1EAD81ED0,157925144,R00460,IT,POINT (8.7569447 45.9637409),FALSE,2024,22,Invasive Alien Species in Europe,https://easin.jrc.ec.europa.eu/ias/speciesreport/details/66e1a7033452cfa4741745cb,2025-07-11T16:39:31.517
[WGS84 - EPSG:4326],Ailanthus altissima,0252F1FE-645E-F011-9112-08F1EAD81ED0,157925152,R00460,IT,POINT (8.6726661 45.8922176),FALSE,2024,22,Invasive Alien Species in Europe,https://easin.jrc.ec.europa.eu/ias/speciesreport/details/66e14b4c3452cfa47417458b,2025-07-11T16:39:31.517
[WGS84 - EPSG:4326],Ailanthus altissima,FB51F1FE-645E-F011-9112-08F1EAD81ED0,157925160,R00460,IT,POINT (8.6648818 45.8957127),FALSE,2024,22,Invasive Alien Species in Europe,https://easin.jrc.ec.europa.eu/ias/speciesreport/details/66b47d3242ea5f3793be0908,2025-07-11T16:39:31.517
[WGS84 - EPSG:4326],Ailanthus altissima,F751F1FE-645E-F011-9112-08F1EAD81ED0,157925168,R00460,IT,POINT (8.8227001 45.9197375),FALSE,2024,22,Invasive Alien Species in Europe,https://easin.jrc.ec.europa.eu/ias/speciesreport/details/66c8808f92d55051b26e228f,2025-07-11T16:39:31.517
[WGS84 - EPSG:4326],Ailanthus altissima,F851F1FE-645E-F011-9112-08F1EAD81ED0,157925176,R00460,IT,POINT (8.6039464 45.7957062),FALSE,2024,22,Invasive Alien Species in Europe,https://easin.jrc.ec.europa.eu/ias/speciesreport/details/66f2a183f0eda677be7a21c4,2025-07-11T16:39:31.517
[WGS84 - EPSG:4326],Ailanthus altissima,F551F1FE-645E-F011-9112-08F1EAD81ED0,157925184,R00460,IT,POINT (8.5978247 45.8975311),FALSE,2024,22,Invasive Alien Species in Europe,https://easin.jrc.ec.europa.eu/ias/speciesreport/details/66b4965942ea5f3793be0931,2025-07-11T16:39:31.517
[WGS84 - EPSG:4326],Ailanthus altissima,0552F1FE-645E-F011-9112-08F1EAD81ED0,157925192,R00460,IT,POINT (8.7138618 45.8463262),FALSE,2024,22,Invasive Alien Species in Europe,https://easin.jrc.ec.europa.eu/ias/speciesreport/details/66b1d76f46d6df4bc5882db2,2025-07-11T16:39:31.517
[WGS84 - EPSG:4326],Ailanthus altissima,0752F1FE-645E-F011-9112-08F1EAD81ED0,157925200,R00460,IT,POINT (8.7472605 45.8417518),FALSE,2024,22,Invasive Alien Species in Europe,https://easin.jrc.ec.europa.eu/ias/speciesreport/details/66e14ab03452cfa47417458a,2025-07-11T16:39:31.517
[WGS84 - EPSG:4326],Ailanthus altissima,0C52F1FE-645E-F011-9112-08F1EAD81ED0,157925208,R00460,IT,POINT (8.8315284 45.792606),FALSE,2024,22,Invasive Alien Species in Europe,https://easin.jrc.ec.europa.eu/ias/speciesreport/details/66f26840f0eda677be7a21aa,2025-07-11T16:39:31.517
[WGS84 - EPSG:4326],Ailanthus altissima,0D52F1FE-645E-F011-9112-08F1EAD81ED0,157925216,R00460,IT,POINT (8.8747626 45.7669046),FALSE,2024,22,Invasive Alien Species in Europe,https://easin.jrc.ec.europa.eu/ias/speciesreport/details/6703b2decf2ae23bf45e5372,2025-07-11T16:39:31.517
[WGS84 - EPSG:4326],Ailanthus altissima,0E52F1FE-645E-F011-9112-08F1EAD81ED0,157925224,R00460,IT,POINT (8.879227 45.7562847),FALSE,2024,22,Invasive Alien Species in Europe,https://easin.jrc.ec.europa.eu/ias/speciesreport/details/67039338cf2ae23bf45e535a,2025-07-11T16:39:31.517
[WGS84 - EPSG:4326],Ailanthus altissima,1952F1FE-645E-F011-9112-08F1EAD81ED0,157925232,R00460,IT,POINT (8.7652335 45.9529427),FALSE,2024,22,Invasive Alien Species in Europe,https://easin.jrc.ec.europa.eu/ias/speciesreport/details/66e15e2f3452cfa47417459b,2025-07-11T16:39:31.517
[WGS84 - EPSG:4326],Ailanthus altissima,1D52F1FE-645E-F011-9112-08F1EAD81ED0,157925240,R00460,IT,POINT (8.8096208 45.8187096),FALSE,2024,22,Invasive Alien Species in Europe,https://easin.jrc.ec.europa.eu/ias/speciesreport/details/66c20b972f28887016d20020,2025-07-11T16:39:31.517
[WGS84 - EPSG:4326],Ailanthus altissima,2652F1FE-645E-F011-9112-08F1EAD81ED0,157925248,R00460,IT,POINT (8.8671599 45.7044616),FALSE,2024,22,Invasive Alien Species in Europe,https://easin.jrc.ec.europa.eu/ias/speciesreport/details/67039b23cf2ae23bf45e5361,2025-07-11T16:39:31.517
[WGS84 - EPSG:4326],Ailanthus altissima,1F52F1FE-645E-F011-9112-08F1EAD81ED0,157925256,R00460,IT,POINT (8.7574838 45.9670874),FALSE,2024,22,Invasive Alien Species in Europe,https://easin.jrc.ec.europa.eu/ias/speciesreport/details/66e1a5d63452cfa4741745c9,2025-07-11T16:39:31.517
[WGS84 - EPSG:4326],Ailanthus altissima,9D52F1FE-645E-F011-9112-08F1EAD81ED0,157925264,R00460,IT,POINT (8.879012 45.8074453),FALSE,2024,22,Invasive Alien Species in Europe,https://easin.jrc.ec.europa.eu/ias/speciesreport/details/66c8509092d55051b26e2256,2025-07-11T16:39:31.517
[WGS84 - EPSG:4326],Ailanthus altissima,AA52F1FE-645E-F011-9112-08F1EAD81ED0,157925272,R00460,IT,POINT (8.8299411 45.8303611),FALSE,2024,22,Invasive Alien Species in Europe,https://easin.jrc.ec.europa.eu/ias/speciesreport/details/66b30f8346d6df4bc5882ded,2025-07-11T16:39:31.517
[WGS84 - EPSG:4326],Heracleum mantegazzianum,B852F1FE-645E-F011-9112-08F1EAD81ED0,157925280,R07248,BE,POINT (4.5217079 51.3305304),FALSE,2024,22,Invasive Alien Species in Europe,https://easin.jrc.ec.europa.eu/ias/speciesreport/details/6692587646d6df4bc5882d1f,2025-07-11T16:39:31.517
[WGS84 - EPSG:4326],Asclepias syriaca,B552F1FE-645E-F011-9112-08F1EAD81ED0,157925288,R01529,IT,POINT (8.827313 45.779289),FALSE,2024,22,Invasive Alien Species in Europe,https://easin.jrc.ec.europa.eu/ias/speciesreport/details/666aa6434cb65be57a893214,2025-07-11T16:39:31.517
[WGS84 - EPSG:4326],Ailanthus altissima,BE52F1FE-645E-F011-9112-08F1EAD81ED0,157925296,R00460,IT,POINT (8.6712873 45.8843196),FALSE,2024,22,Invasive Alien Species in Europe,https://easin.jrc.ec.europa.eu/ias/speciesreport/details/66b475b142ea5f3793be08f9,2025-07-11T16:39:31.517
[WGS84 - EPSG:4326],Ailanthus altissima,BF52F1FE-645E-F011-9112-08F1EAD81ED0,157925304,R00460,IT,POINT (8.8986925 45.9160632),FALSE,2024,22,Invasive Alien Species in Europe,https://easin.jrc.ec.europa.eu/ias/speciesreport/details/66c86b6292d55051b26e226e,2025-07-11T16:39:31.517
[WGS84 - EPSG:4326],Xanthium spinosum,8052F1FE-645E-F011-9112-08F1EAD81ED0,157925312,R16189,ES,POINT (-3.4121258 41.1175166),FALSE,2024,22,Invasive Alien Species in Europe,https://easin.jrc.ec.europa.eu/ias/speciesreport/details/672946106dd09349c33997f6,2025-07-11T16:39:31.517
[WGS84 - EPSG:4326],Ailanthus altissima,7E52F1FE-645E-F011-9112-08F1EAD81ED0,157925320,R00460,IT,POINT (8.7595682 45.9060709),FALSE,2024,22,Invasive Alien Species in Europe,https://easin.jrc.ec.europa.eu/ias/speciesreport/details/66be27c06a666b614036e273,2025-07-11T16:39:31.517
[WGS84 - EPSG:4326],Ailanthus altissima,7A52F1FE-645E-F011-9112-08F1EAD81ED0,157925328,R00460,IT,POINT (8.7080609 45.837319),FALSE,2024,22,Invasive Alien Species in Europe,https://easin.jrc.ec.europa.eu/ias/speciesreport/details/66ababf946d6df4bc5882d71,2025-07-11T16:39:31.517
[WGS84 - EPSG:4326],Ailanthus altissima,7B52F1FE-645E-F011-9112-08F1EAD81ED0,157925336,R00460,IT,POINT (8.6289762 45.8432174),FALSE,2024,22,Invasive Alien Species in Europe,https://easin.jrc.ec.europa.eu/ias/speciesreport/details/66b49ea242ea5f3793be093c,2025-07-11T16:39:31.517
[WGS84 - EPSG:4326],Ailanthus altissima,7652F1FE-645E-F011-9112-08F1EAD81ED0,157925344,R00460,IT,POINT (8.6902407 45.8693476),FALSE,2024,22,Invasive Alien Species in Europe,https://easin.jrc.ec.europa.eu/ias/speciesreport/details/66b4f6e642ea5f3793be0951,2025-07-11T16:39:31.517
[WGS84 - EPSG:4326],Ailanthus altissima,7752F1FE-645E-F011-9112-08F1EAD81ED0,157925352,R00460,IT,POINT (8.8040739 45.8446611),FALSE,2024,22,Invasive Alien Species in Europe,https://easin.jrc.ec.europa.eu/ias/speciesreport/details/66e1b7d73452cfa4741745d6,2025-07-11T16:39:31.517
[WGS84 - EPSG:4326],Ailanthus altissima,8B52F1FE-645E-F011-9112-08F1EAD81ED0,157925360,R00460,IT,POINT (8.8331593 45.8002335),FALSE,2024,22,Invasive Alien Species in Europe,https://easin.jrc.ec.europa.eu/ias/speciesreport/details/66f262d7f0eda677be7a219f,2025-07-11T16:39:31.517
[WGS84 - EPSG:4326],Ailanthus altissima,8252F1FE-645E-F011-9112-08F1EAD81ED0,157925368,R00460,IT,POINT (8.6482992 45.8943694),FALSE,2024,22,Invasive Alien Species in Europe,https://easin.jrc.ec.europa.eu/ias/speciesreport/details/66b487ff42ea5f3793be091b,2025-07-11T16:39:31.517
[WGS84 - EPSG:4326],Ailanthus altissima,8452F1FE-645E-F011-9112-08F1EAD81ED0,157925376,R00460,IT,POINT (8.6711454 45.8846706),FALSE,2024,22,Invasive Alien Species in Europe,https://easin.jrc.ec.europa.eu/ias/speciesreport/details/66b4762442ea5f3793be08fa,2025-07-11T16:39:31.517
[WGS84 - EPSG:4326],Ailanthus altissima,9752F1FE-645E-F011-9112-08F1EAD81ED0,157925384,R00460,IT,POINT (13.8044454 43.1680486),FALSE,2024,22,Invasive Alien Species in Europe,https://easin.jrc.ec.europa.eu/ias/speciesreport/details/6693846046d6df4bc5882d2a,2025-07-11T16:39:31.517
[WGS84 - EPSG:4326],Ailanthus altissima,9852F1FE-645E-F011-9112-08F1EAD81ED0,157925392,R00460,IT,POINT (8.6051028 45.7384536),FALSE,2024,22,Invasive Alien Species in Europe,https://easin.jrc.ec.europa.eu/ias/speciesreport/details/66f28b81f0eda677be7a21bb,2025-07-11T16:39:31.517
[WGS84 - EPSG:4326],Ailanthus altissima,9952F1FE-645E-F011-9112-08F1EAD81ED0,157925400,R00460,IT,POINT (8.7339771 45.841898),FALSE,2024,22,Invasive Alien Species in Europe,https://easin.jrc.ec.europa.eu/ias/speciesreport/details/66b1cd8846d6df4bc5882da2,2025-07-11T16:39:31.517
[WGS84 - EPSG:4326],Ailanthus altissima,9B52F1FE-645E-F011-9112-08F1EAD81ED0,157925408,R00460,IT,POINT (8.7488114 45.9722604),FALSE,2024,22,Invasive Alien Species in Europe,https://easin.jrc.ec.europa.eu/ias/speciesreport/details/66e1a2293452cfa4741745c5,2025-07-11T16:39:31.517
[WGS84 - EPSG:4326],Ailanthus altissima,9152F1FE-645E-F011-9112-08F1EAD81ED0,157925416,R00460,IT,POINT (8.6503315 45.8976949),FALSE,2024,22,Invasive Alien Species in Europe,https://easin.jrc.ec.europa.eu/ias/speciesreport/details/66b4833d42ea5f3793be0913,2025-07-11T16:39:31.517
[WGS84 - EPSG:4326],Ailanthus altissima,9252F1FE-645E-F011-9112-08F1EAD81ED0,157925424,R00460,IT,POINT (8.8098512 45.8161019),FALSE,2024,22,Invasive Alien Species in Europe,https://easin.jrc.ec.europa.eu/ias/speciesreport/details/66f25e03f0eda677be7a2197,2025-07-11T16:39:31.517
[WGS84 - EPSG:4326],Ailanthus altissima,8752F1FE-645E-F011-9112-08F1EAD81ED0,157925432,R00460,IT,POINT (8.7055432 45.6237351),FALSE,2024,22,Invasive Alien Species in Europe,https://easin.jrc.ec.europa.eu/ias/speciesreport/details/671751decd536f2d11248636,2025-07-11T16:39:31.517
[WGS84 - EPSG:4326],Ailanthus altissima,8E52F1FE-645E-F011-9112-08F1EAD81ED0,157925440,R00460,IT,POINT (8.7144655 45.845832),FALSE,2024,22,Invasive Alien Species in Europe,https://easin.jrc.ec.europa.eu/ias/speciesreport/details/66b1d6e346d6df4bc5882db1,2025-07-11T16:39:31.517
[WGS84 - EPSG:4326],Ailanthus altissima,8F52F1FE-645E-F011-9112-08F1EAD81ED0,157925448,R00460,IT,POINT (8.7970842 45.837511),FALSE,2024,22,Invasive Alien Species in Europe,https://easin.jrc.ec.europa.eu/ias/speciesreport/details/66b1c47246d6df4bc5882d97,2025-07-11T16:39:31.517
[WGS84 - EPSG:4326],Ailanthus altissima,CC52F1FE-645E-F011-9112-08F1EAD81ED0,157925456,R00460,IT,POINT (8.8254588 45.8273648),FALSE,2024,22,Invasive Alien Species in Europe,https://easin.jrc.ec.europa.eu/ias/speciesreport/details/66b24d8446d6df4bc5882ddf,2025-07-11T16:39:31.517
[WGS84 - EPSG:4326],Ailanthus altissima,CE52F1FE-645E-F011-9112-08F1EAD81ED0,157925464,R00460,IT,POINT (8.8978808 45.9115836),FALSE,2024,22,Invasive Alien Species in Europe,https://easin.jrc.ec.europa.eu/ias/speciesreport/details/66c868da92d55051b26e2268,2025-07-11T16:39:31.517
[WGS84 - EPSG:4326],Ailanthus altissima,CF52F1FE-645E-F011-9112-08F1EAD81ED0,157925472,R00460,IT,POINT (8.8975727 45.7180838),FALSE,2024,22,Invasive Alien Species in Europe,https://easin.jrc.ec.europa.eu/ias/speciesreport/details/6703a375cf2ae23bf45e5366,2025-07-11T16:39:31.517
[WGS84 - EPSG:4326],Ailanthus altissima,D152F1FE-645E-F011-9112-08F1EAD81ED0,157925480,R00460,IT,POINT (8.6526748 45.8961859),FALSE,2024,22,Invasive Alien Species in Europe,https://easin.jrc.ec.europa.eu/ias/speciesreport/details/66b4865f42ea5f3793be0916,2025-07-11T16:39:31.517
[WGS84 - EPSG:4326],Ailanthus altissima,C852F1FE-645E-F011-9112-08F1EAD81ED0,157925488,R00460,IT,POINT (8.8060891 45.8251205),FALSE,2024,22,Invasive Alien Species in Europe,https://easin.jrc.ec.europa.eu/ias/speciesreport/details/66ab384246d6df4bc5882d55,2025-07-11T16:39:31.517
[WGS84 - EPSG:4326],Ailanthus altissima,E452F1FE-645E-F011-9112-08F1EAD81ED0,157925496,R00460,IT,POINT (8.6544983 45.8949028),FALSE,2024,22,Invasive Alien Species in Europe,https://easin.jrc.ec.europa.eu/ias/speciesreport/details/66b4828842ea5f3793be0911,2025-07-11T16:39:31.517
[WGS84 - EPSG:4326],Ailanthus altissima,D452F1FE-645E-F011-9112-08F1EAD81ED0,157925504,R00460,IT,POINT (8.7558633 45.8912143),FALSE,2024,22,Invasive Alien Species in Europe,https://easin.jrc.ec.europa.eu/ias/speciesreport/details/66b4fc3e42ea5f3793be0954,2025-07-11T16:39:31.517
[WGS84 - EPSG:4326],Ailanthus altissima,D552F1FE-645E-F011-9112-08F1EAD81ED0,157925512,R00460,IT,POINT (8.8134926 45.812668),FALSE,2024,22,Invasive Alien Species in Europe,https://easin.jrc.ec.europa.eu/ias/speciesreport/details/66f25e71f0eda677be7a2198,2025-07-11T16:39:31.517
[WGS84 - EPSG:4326],Ailanthus altissima,D652F1FE-645E-F011-9112-08F1EAD81ED0,157925520,R00460,IT,POINT (8.6238761 45.904702),FALSE,2024,22,Invasive Alien Species in Europe,https://easin.jrc.ec.europa.eu/ias/speciesreport/details/66b48f7c42ea5f3793be0928,2025-07-11T16:39:31.517
[WGS84 - EPSG:4326],Ailanthus altissima,D752F1FE-645E-F011-9112-08F1EAD81ED0,157925528,R00460,ES,POINT (-0.9840203 39.7413223),FALSE,2024,22,Invasive Alien Species in Europe,https://easin.jrc.ec.europa.eu/ias/speciesreport/details/6692a60546d6df4bc5882d28,2025-07-11T16:39:31.517
[WGS84 - EPSG:4326],Ailanthus altissima,DC52F1FE-645E-F011-9112-08F1EAD81ED0,157925536,R00460,IT,POINT (8.7662061 45.8410827),FALSE,2024,22,Invasive Alien Species in Europe,https://easin.jrc.ec.europa.eu/ias/speciesreport/details/66b469fd42ea5f3793be08ef,2025-07-11T16:39:31.517
[WGS84 - EPSG:4326],Nicotiana glauca,0853F1FE-645E-F011-9112-08F1EAD81ED0,157925544,R10004,ES,POINT (-0.0638419389724731 38.5636616659154),FALSE,2024,22,Invasive Alien Species in Europe,https://easin.jrc.ec.europa.eu/ias/speciesreport/details/66c683e792d55051b26e2244,2025-07-11T16:39:31.517
[WGS84 - EPSG:4326],Ailanthus altissima,0953F1FE-645E-F011-9112-08F1EAD81ED0,157925552,R00460,PT,POINT (-9.1366547 38.7186476),FALSE,2024,22,Invasive Alien Species in Europe,https://easin.jrc.ec.europa.eu/ias/speciesreport/details/66d8cefa3452cfa474174588,2025-07-11T16:39:31.517
[WGS84 - EPSG:4326],Ailanthus altissima,0653F1FE-645E-F011-9112-08F1EAD81ED0,157925560,R00460,IT,POINT (8.6866181 45.7160975),FALSE,2024,22,Invasive Alien Species in Europe,https://easin.jrc.ec.europa.eu/ias/speciesreport/details/66f27eecf0eda677be7a21b6,2025-07-11T16:39:31.517
[WGS84 - EPSG:4326],Ailanthus altissima,0D53F1FE-645E-F011-9112-08F1EAD81ED0,157925568,R00460,IT,POINT (8.748617 46.0295444),FALSE,2024,22,Invasive Alien Species in Europe,https://easin.jrc.ec.europa.eu/ias/speciesreport/details/66e16e593452cfa4741745ae,2025-07-11T16:39:31.517
[WGS84 - EPSG:4326],Ailanthus altissima,0E53F1FE-645E-F011-9112-08F1EAD81ED0,157925576,R00460,IT,POINT (8.6250945 45.9045357),FALSE,2024,22,Invasive Alien Species in Europe,https://easin.jrc.ec.europa.eu/ias/speciesreport/details/66b48dae42ea5f3793be0924,2025-07-11T16:39:31.517
[WGS84 - EPSG:4326],Ailanthus altissima,FF52F1FE-645E-F011-9112-08F1EAD81ED0,157925584,R00460,IT,POINT (8.6962598 45.8586434),FALSE,2024,22,Invasive Alien Species in Europe,https://easin.jrc.ec.europa.eu/ias/speciesreport/details/66b4f03d42ea5f3793be0947,2025-07-11T16:39:31.517
[WGS84 - EPSG:4326],Ailanthus altissima,0353F1FE-645E-F011-9112-08F1EAD81ED0,157925592,R00460,IT,POINT (8.8538967 45.9592967),FALSE,2024,22,Invasive Alien Species in Europe,https://easin.jrc.ec.europa.eu/ias/speciesreport/details/66c879b392d55051b26e2287,2025-07-11T16:39:31.517
[WGS84 - EPSG:4326],Ailanthus altissima,0453F1FE-645E-F011-9112-08F1EAD81ED0,157925600,R00460,IT,POINT (8.6669387 45.884038),FALSE,2024,22,Invasive Alien Species in Europe,https://easin.jrc.ec.europa.eu/ias/speciesreport/details/66b1e1fa46d6df4bc5882dbb,2025-07-11T16:39:31.517
[WGS84 - EPSG:4326],Ailanthus altissima,F452F1FE-645E-F011-9112-08F1EAD81ED0,157925608,R00460,IT,POINT (8.8059113 45.8196528),FALSE,2024,22,Invasive Alien Species in Europe,https://easin.jrc.ec.europa.eu/ias/speciesreport/details/66ab3dcb46d6df4bc5882d5e,2025-07-11T16:39:31.517
[WGS84 - EPSG:4326],Ailanthus altissima,F552F1FE-645E-F011-9112-08F1EAD81ED0,157925616,R00460,IT,POINT (8.8699175 45.711754),FALSE,2024,22,Invasive Alien Species in Europe,https://easin.jrc.ec.europa.eu/ias/speciesreport/details/670399c9cf2ae23bf45e535e,2025-07-11T16:39:31.517
[WGS84 - EPSG:4326],Ailanthus altissima,F752F1FE-645E-F011-9112-08F1EAD81ED0,157925624,R00460,IT,POINT (8.669734 45.8933865),FALSE,2024,22,Invasive Alien Species in Europe,https://easin.jrc.ec.europa.eu/ias/speciesreport/details/66b478de42ea5f3793be08ff,2025-07-11T16:39:31.517
[WGS84 - EPSG:4326],Ailanthus altissima,FA52F1FE-645E-F011-9112-08F1EAD81ED0,157925632,R00460,IT,POINT (8.8847427 45.731926),FALSE,2024,22,Invasive Alien Species in Europe,https://easin.jrc.ec.europa.eu/ias/speciesreport/details/6703ae5dcf2ae23bf45e536d,2025-07-11T16:39:31.517
[WGS84 - EPSG:4326],Ailanthus altissima,EB52F1FE-645E-F011-9112-08F1EAD81ED0,157925640,R00460,IT,POINT (8.8383649 45.8197946),FALSE,2024,22,Invasive Alien Species in Europe,https://easin.jrc.ec.europa.eu/ias/speciesreport/details/66c845c792d55051b26e2247,2025-07-11T16:39:31.517
[WGS84 - EPSG:4326],Ailanthus altissima,DF50F1FE-645E-F011-9112-08F1EAD81ED0,157925648,R00460,IT,POINT (8.8743271 45.7709353),FALSE,2024,22,Invasive Alien Species in Europe,https://easin.jrc.ec.europa.eu/ias/speciesreport/details/6703b528cf2ae23bf45e5378,2025-07-11T16:39:31.517
[WGS84 - EPSG:4326],Ailanthus altissima,E050F1FE-645E-F011-9112-08F1EAD81ED0,157925656,R00460,IT,POINT (8.7643322 45.9548854),FALSE,2024,22,Invasive Alien Species in Europe,https://easin.jrc.ec.europa.eu/ias/speciesreport/details/66e1ac9e3452cfa4741745d3,2025-07-11T16:39:31.517
[WGS84 - EPSG:4326],Ailanthus altissima,DC50F1FE-645E-F011-9112-08F1EAD81ED0,157925664,R00460,IT,POINT (8.6545371 45.8949293),FALSE,2024,22,Invasive Alien Species in Europe,https://easin.jrc.ec.europa.eu/ias/speciesreport/details/66b481e542ea5f3793be0910,2025-07-11T16:39:31.517
[WGS84 - EPSG:4326],Ailanthus altissima,DD50F1FE-645E-F011-9112-08F1EAD81ED0,157925672,R00460,IT,POINT (8.9167269 45.7227745),FALSE,2024,22,Invasive Alien Species in Europe,https://easin.jrc.ec.europa.eu/ias/speciesreport/details/6703a6f8cf2ae23bf45e536a,2025-07-11T16:39:31.517
[WGS84 - EPSG:4326],Ailanthus altissima,D250F1FE-645E-F011-9112-08F1EAD81ED0,157925680,R00460,IT,POINT (8.8392832 45.8197659),FALSE,2024,22,Invasive Alien Species in Europe,https://easin.jrc.ec.europa.eu/ias/speciesreport/details/66c8466692d55051b26e2249,2025-07-11T16:39:31.517
[WGS84 - EPSG:4326],Ailanthus altissima,D350F1FE-645E-F011-9112-08F1EAD81ED0,157925688,R00460,IT,POINT (8.8069791 45.8202838),FALSE,2024,22,Invasive Alien Species in Europe,https://easin.jrc.ec.europa.eu/ias/speciesreport/details/66ab3ee046d6df4bc5882d60,2025-07-11T16:39:31.517
[WGS84 - EPSG:4326],Ailanthus altissima,D550F1FE-645E-F011-9112-08F1EAD81ED0,157925696,R00460,IT,POINT (8.7538104 45.7422917),FALSE,2024,22,Invasive Alien Species in Europe,https://easin.jrc.ec.europa.eu/ias/speciesreport/details/66f273a0f0eda677be7a21b1,2025-07-11T16:39:31.517
[WGS84 - EPSG:4326],Ailanthus altissima,E950F1FE-645E-F011-9112-08F1EAD81ED0,157925704,R00460,IT,POINT (8.7106951 45.8377044),FALSE,2024,22,Invasive Alien Species in Europe,https://easin.jrc.ec.europa.eu/ias/speciesreport/details/66abae6f46d6df4bc5882d75,2025-07-11T16:39:31.517
[WGS84 - EPSG:4326],Ailanthus altissima,E450F1FE-645E-F011-9112-08F1EAD81ED0,157925712,R00460,IT,POINT (8.8617589 45.7729778),FALSE,2024,22,Invasive Alien Species in Europe,https://easin.jrc.ec.europa.eu/ias/speciesreport/details/670390dbcf2ae23bf45e5358,2025-07-11T16:39:31.517
[WGS84 - EPSG:4326],Impatiens glandulifera,E550F1FE-645E-F011-9112-08F1EAD81ED0,157925720,R07719,IT,POINT (8.7467485 45.9780274),FALSE,2024,22,Invasive Alien Species in Europe,https://easin.jrc.ec.europa.eu/ias/speciesreport/details/66e19f133452cfa4741745c0,2025-07-11T16:39:31.517
[WGS84 - EPSG:4326],Ailanthus altissima,F150F1FE-645E-F011-9112-08F1EAD81ED0,157925728,R00460,IT,POINT (8.8864191 45.889875),FALSE,2024,22,Invasive Alien Species in Europe,https://easin.jrc.ec.europa.eu/ias/speciesreport/details/66cad95b92d55051b26e2298,2025-07-11T16:39:31.517
[WGS84 - EPSG:4326],Ailanthus altissima,C350F1FE-645E-F011-9112-08F1EAD81ED0,157925736,R00460,IT,POINT (8.8154768 45.8377455),FALSE,2024,22,Invasive Alien Species in Europe,https://easin.jrc.ec.europa.eu/ias/speciesreport/details/66b09df846d6df4bc5882d86,2025-07-11T16:39:31.517
[WGS84 - EPSG:4326],Ailanthus altissima,BD50F1FE-645E-F011-9112-08F1EAD81ED0,157925744,R00460,IT,POINT (8.6095888 45.8017835),FALSE,2024,22,Invasive Alien Species in Europe,https://easin.jrc.ec.europa.eu/ias/speciesreport/details/66f2a412f0eda677be7a21cb,2025-07-11T16:39:31.517
[WGS84 - EPSG:4326],Ailanthus altissima,BE50F1FE-645E-F011-9112-08F1EAD81ED0,157925752,R00460,IT,POINT (13.8917282 42.9363495),FALSE,2024,22,Invasive Alien Species in Europe,https://easin.jrc.ec.europa.eu/ias/speciesreport/details/6696410646d6df4bc5882d34,2025-07-11T16:39:31.517
[WGS84 - EPSG:4326],Ailanthus altissima,C050F1FE-645E-F011-9112-08F1EAD81ED0,157925760,R00460,IT,POINT (8.7167989 45.8446883),FALSE,2024,22,Invasive Alien Species in Europe,https://easin.jrc.ec.europa.eu/ias/speciesreport/details/66b1d45546d6df4bc5882dae,2025-07-11T16:39:31.517
[WGS84 - EPSG:4326],Ailanthus altissima,C750F1FE-645E-F011-9112-08F1EAD81ED0,157925768,R00460,IT,POINT (8.6647528 45.8962797),FALSE,2024,22,Invasive Alien Species in Europe,https://easin.jrc.ec.europa.eu/ias/speciesreport/details/66b47db442ea5f3793be0909,2025-07-11T16:39:31.517
[WGS84 - EPSG:4326],Ailanthus altissima,C850F1FE-645E-F011-9112-08F1EAD81ED0,157925776,R00460,IT,POINT (8.8126444 45.8253559),FALSE,2024,22,Invasive Alien Species in Europe,https://easin.jrc.ec.europa.eu/ias/speciesreport/details/66ab354b46d6df4bc5882d50,2025-07-11T16:39:31.517
[WGS84 - EPSG:4326],Ailanthus altissima,AB50F1FE-645E-F011-9112-08F1EAD81ED0,157925784,R00460,IT,POINT (8.667999 45.8036767),FALSE,2024,22,Invasive Alien Species in Europe,https://easin.jrc.ec.europa.eu/ias/speciesreport/details/66b23a8c46d6df4bc5882dce,2025-07-11T16:39:31.517
[WGS84 - EPSG:4326],Ailanthus altissima,AF50F1FE-645E-F011-9112-08F1EAD81ED0,157925792,R00460,IT,POINT (8.875208 45.7660156),FALSE,2024,22,Invasive Alien Species in Europe,https://easin.jrc.ec.europa.eu/ias/speciesreport/details/6703b292cf2ae23bf45e5371,2025-07-11T16:39:31.517
[WGS84 - EPSG:4326],Myocastor coypus,B950F1FE-645E-F011-9112-08F1EAD81ED0,157925800,R09720,IT,POINT (8.60740953125742 45.8157604831539),FALSE,2024,22,Invasive Alien Species in Europe,https://easin.jrc.ec.europa.eu/ias/speciesreport/details/672634636dd09349c33997f4,2025-07-11T16:39:31.517
[WGS84 - EPSG:4326],Ailanthus altissima,BB50F1FE-645E-F011-9112-08F1EAD81ED0,157925808,R00460,IT,POINT (8.863543 45.7292747),FALSE,2024,22,Invasive Alien Species in Europe,https://easin.jrc.ec.europa.eu/ias/speciesreport/details/6703971fcf2ae23bf45e535c,2025-07-11T16:39:31.517
[WGS84 - EPSG:4326],Ailanthus altissima,B650F1FE-645E-F011-9112-08F1EAD81ED0,157925816,R00460,IT,POINT (8.8227041 45.8285854),FALSE,2024,22,Invasive Alien Species in Europe,https://easin.jrc.ec.europa.eu/ias/speciesreport/details/66b3080546d6df4bc5882de1,2025-07-11T16:39:31.517
[WGS84 - EPSG:4326],Nicotiana glauca,B350F1FE-645E-F011-9112-08F1EAD81ED0,157925824,R10004,ES,POINT (-1.16909561678876 38.0159375584107),FALSE,2024,22,Invasive Alien Species in Europe,https://easin.jrc.ec.europa.eu/ias/speciesreport/details/65f40dafe61d43a71e2e6eac,2025-07-11T16:39:31.517
[WGS84 - EPSG:4326],Arundo donax,3E51F1FE-645E-F011-9112-08F1EAD81ED0,157925832,R01515,ES,POINT (-1.50159542436086 39.1912088076508),FALSE,2024,22,Invasive Alien Species in Europe,https://easin.jrc.ec.europa.eu/ias/speciesreport/details/66f3afdfebe2991d4e469320,2025-07-11T16:39:31.517
[WGS84 - EPSG:4326],Ailanthus altissima,2F51F1FE-645E-F011-9112-08F1EAD81ED0,157925840,R00460,IT,POINT (8.890768 45.9432364),FALSE,2024,22,Invasive Alien Species in Europe,https://easin.jrc.ec.europa.eu/ias/speciesreport/details/66c871e992d55051b26e227d,2025-07-11T16:39:31.517
[WGS84 - EPSG:4326],Ailanthus altissima,2951F1FE-645E-F011-9112-08F1EAD81ED0,157925848,R00460,IT,POINT (8.6836658 45.7212187),FALSE,2024,22,Invasive Alien Species in Europe,https://easin.jrc.ec.europa.eu/ias/speciesreport/details/66f27bb9f0eda677be7a21b5,2025-07-11T16:39:31.517
[WGS84 - EPSG:4326],Ailanthus altissima,3451F1FE-645E-F011-9112-08F1EAD81ED0,157925856,R00460,IT,POINT (8.650661 45.8935371),FALSE,2024,22,Invasive Alien Species in Europe,https://easin.jrc.ec.europa.eu/ias/speciesreport/details/66b486ef42ea5f3793be0918,2025-07-11T16:39:31.517
[WGS84 - EPSG:4326],Ailanthus altissima,3251F1FE-645E-F011-9112-08F1EAD81ED0,157925864,R00460,IT,POINT (8.806699 45.7252734),FALSE,2024,22,Invasive Alien Species in Europe,https://easin.jrc.ec.europa.eu/ias/speciesreport/details/66e4166a417bb32b3a0098a2,2025-07-11T16:39:31.517
[WGS84 - EPSG:4326],Ailanthus altissima,1E51F1FE-645E-F011-9112-08F1EAD81ED0,157925872,R00460,IT,POINT (8.8921328 45.8654862),FALSE,2024,22,Invasive Alien Species in Europe,https://easin.jrc.ec.europa.eu/ias/speciesreport/details/66c85e9692d55051b26e2260,2025-07-11T16:39:31.517
[WGS84 - EPSG:4326],Ailanthus altissima,2651F1FE-645E-F011-9112-08F1EAD81ED0,157925880,R00460,IT,POINT (8.8559241 45.7836582),FALSE,2024,22,Invasive Alien Species in Europe,https://easin.jrc.ec.europa.eu/ias/speciesreport/details/6703b9a9cf2ae23bf45e537c,2025-07-11T16:39:31.517
[WGS84 - EPSG:4326],Ailanthus altissima,2751F1FE-645E-F011-9112-08F1EAD81ED0,157925888,R00460,IT,POINT (8.8052812 45.8253111),FALSE,2024,22,Invasive Alien Species in Europe,https://easin.jrc.ec.europa.eu/ias/speciesreport/details/66ab39c746d6df4bc5882d57,2025-07-11T16:39:31.517
[WGS84 - EPSG:4326],Ailanthus altissima,2B51F1FE-645E-F011-9112-08F1EAD81ED0,157925896,R00460,IT,POINT (8.688447 45.8555153),FALSE,2024,22,Invasive Alien Species in Europe,https://easin.jrc.ec.europa.eu/ias/speciesreport/details/66b1debc46d6df4bc5882db8,2025-07-11T16:39:31.517
[WGS84 - EPSG:4326],Ailanthus altissima,2C51F1FE-645E-F011-9112-08F1EAD81ED0,157925904,R00460,IT,POINT (8.8189675 45.9243411),FALSE,2024,22,Invasive Alien Species in Europe,https://easin.jrc.ec.europa.eu/ias/speciesreport/details/66af2d0446d6df4bc5882d83,2025-07-11T16:39:31.517
[WGS84 - EPSG:4326],Ailanthus altissima,2D51F1FE-645E-F011-9112-08F1EAD81ED0,157925912,R00460,IT,POINT (8.8246376 45.823409),FALSE,2024,22,Invasive Alien Species in Europe,https://easin.jrc.ec.europa.eu/ias/speciesreport/details/66ab2b5c46d6df4bc5882d41,2025-07-11T16:39:31.517
[WGS84 - EPSG:4326],Ailanthus altissima,0C51F1FE-645E-F011-9112-08F1EAD81ED0,157925920,R00460,IT,POINT (8.8244233 45.8233738),FALSE,2024,22,Invasive Alien Species in Europe,https://easin.jrc.ec.europa.eu/ias/speciesreport/details/66ab2be246d6df4bc5882d42,2025-07-11T16:39:31.517
[WGS84 - EPSG:4326],Impatiens glandulifera,0E51F1FE-645E-F011-9112-08F1EAD81ED0,157925928,R07719,IT,POINT (8.7477335 45.9744059),FALSE,2024,22,Invasive Alien Species in Europe,https://easin.jrc.ec.europa.eu/ias/speciesreport/details/66e1a1523452cfa4741745c4,2025-07-11T16:39:31.517
[WGS84 - EPSG:4326],Ailanthus altissima,0F51F1FE-645E-F011-9112-08F1EAD81ED0,157925936,R00460,IT,POINT (8.8436329 45.8168219),FALSE,2024,22,Invasive Alien Species in Europe,https://easin.jrc.ec.europa.eu/ias/speciesreport/details/66c849ae92d55051b26e224e,2025-07-11T16:39:31.517
[WGS84 - EPSG:4326],Ailanthus altissima,0A51F1FE-645E-F011-9112-08F1EAD81ED0,157925944,R00460,IT,POINT (8.7407398 45.983724),FALSE,2024,22,Invasive Alien Species in Europe,https://easin.jrc.ec.europa.eu/ias/speciesreport/details/66e19ca03452cfa4741745bc,2025-07-11T16:39:31.517
[WGS84 - EPSG:4326],Ailanthus altissima,1951F1FE-645E-F011-9112-08F1EAD81ED0,157925952,R00460,IT,POINT (8.8209404 45.8295354),FALSE,2024,22,Invasive Alien Species in Europe,https://easin.jrc.ec.europa.eu/ias/speciesreport/details/66b30d6b46d6df4bc5882dea,2025-07-11T16:39:31.517
[WGS84 - EPSG:4326],Myiopsitta monachus,1351F1FE-645E-F011-9112-08F1EAD81ED0,157925960,R09715,ES,POINT (-3.8520237280045 40.4758621383409),FALSE,2024,22,Invasive Alien Species in Europe,https://easin.jrc.ec.europa.eu/ias/speciesreport/details/66e97877c20837c8d45e04d5,2025-07-11T16:39:31.517
[WGS84 - EPSG:4326],Ailanthus altissima,1451F1FE-645E-F011-9112-08F1EAD81ED0,157925968,R00460,IT,POINT (8.9033087 45.9014994),FALSE,2024,22,Invasive Alien Species in Europe,https://easin.jrc.ec.europa.eu/ias/speciesreport/details/66c862ad92d55051b26e2262,2025-07-11T16:39:31.517
[WGS84 - EPSG:4326],Ailanthus altissima,FF50F1FE-645E-F011-9112-08F1EAD81ED0,157925976,R00460,IT,POINT (8.821612 45.8280886),FALSE,2024,22,Invasive Alien Species in Europe,https://easin.jrc.ec.europa.eu/ias/speciesreport/details/66b30a5f46d6df4bc5882de5,2025-07-11T16:39:31.517
[WGS84 - EPSG:4326],Ailanthus altissima,0551F1FE-645E-F011-9112-08F1EAD81ED0,157925984,R00460,IT,POINT (8.7431523 45.8235745),FALSE,2024,22,Invasive Alien Species in Europe,https://easin.jrc.ec.europa.eu/ias/speciesreport/details/66abb53a46d6df4bc5882d79,2025-07-11T16:39:31.517
[WGS84 - EPSG:4326],Pueraria montana (Lour.) Merr. var. lobata,0651F1FE-645E-F011-9112-08F1EAD81ED0,157925992,R12644,IT,POINT (8.7520250999999991 46.0223277),FALSE,2024,22,Invasive Alien Species in Europe,https://easin.jrc.ec.europa.eu/ias/speciesreport/details/66e16b7b3452cfa4741745ac,2025-07-11T16:39:31.517
[WGS84 - EPSG:4326],Ailanthus altissima,0751F1FE-645E-F011-9112-08F1EAD81ED0,157926000,R00460,IT,POINT (8.7345495 45.8421109),FALSE,2024,22,Invasive Alien Species in Europe,https://easin.jrc.ec.europa.eu/ias/speciesreport/details/66b1cde246d6df4bc5882da3,2025-07-11T16:39:31.517
[WGS84 - EPSG:4326],Ailanthus altissima,FB50F1FE-645E-F011-9112-08F1EAD81ED0,157926008,R00460,IT,POINT (8.8133847 45.7696216),FALSE,2024,22,Invasive Alien Species in Europe,https://easin.jrc.ec.europa.eu/ias/speciesreport/details/66e418e7417bb32b3a0098a3,2025-07-11T16:39:31.517
[WGS84 - EPSG:4326],Ailanthus altissima,4B51F1FE-645E-F011-9112-08F1EAD81ED0,157926016,R00460,IT,POINT (8.6352097 45.8966731),FALSE,2024,22,Invasive Alien Species in Europe,https://easin.jrc.ec.europa.eu/ias/speciesreport/details/66b48ad642ea5f3793be0920,2025-07-11T16:39:31.517
[WGS84 - EPSG:4326],Ailanthus altissima,5051F1FE-645E-F011-9112-08F1EAD81ED0,157926024,R00460,IT,POINT (13.7843474 43.2154539),FALSE,2024,22,Invasive Alien Species in Europe,https://easin.jrc.ec.europa.eu/ias/speciesreport/details/6694065446d6df4bc5882d30,2025-07-11T16:39:31.517
[WGS84 - EPSG:4326],Ailanthus altissima,4251F1FE-645E-F011-9112-08F1EAD81ED0,157926032,R00460,IT,POINT (8.8334629 45.7980123),FALSE,2024,22,Invasive Alien Species in Europe,https://easin.jrc.ec.europa.eu/ias/speciesreport/details/66f264f4f0eda677be7a21a3,2025-07-11T16:39:31.517
[WGS84 - EPSG:4326],Ailanthus altissima,4351F1FE-645E-F011-9112-08F1EAD81ED0,157926040,R00460,IT,POINT (8.6229631 45.9046665),FALSE,2024,22,Invasive Alien Species in Europe,https://easin.jrc.ec.europa.eu/ias/speciesreport/details/66b490d042ea5f3793be0929,2025-07-11T16:39:31.517
[WGS84 - EPSG:4326],Ailanthus altissima,5551F1FE-645E-F011-9112-08F1EAD81ED0,157926048,R00460,IT,POINT (8.6448568 45.8189733),FALSE,2024,22,Invasive Alien Species in Europe,https://easin.jrc.ec.europa.eu/ias/speciesreport/details/66aba22a46d6df4bc5882d6a,2025-07-11T16:39:31.517
[WGS84 - EPSG:4326],Ailanthus altissima,5A51F1FE-645E-F011-9112-08F1EAD81ED0,157926056,R00460,IT,POINT (8.7186427 45.7277229),FALSE,2024,22,Invasive Alien Species in Europe,https://easin.jrc.ec.europa.eu/ias/speciesreport/details/66f277f7f0eda677be7a21b3,2025-07-11T16:39:31.517
[WGS84 - EPSG:4326],Ailanthus altissima,5B51F1FE-645E-F011-9112-08F1EAD81ED0,157926064,R00460,IT,POINT (8.8315267 45.7926417),FALSE,2024,22,Invasive Alien Species in Europe,https://easin.jrc.ec.europa.eu/ias/speciesreport/details/66f267eff0eda677be7a21a9,2025-07-11T16:39:31.517
[WGS84 - EPSG:4326],Ailanthus altissima,5C51F1FE-645E-F011-9112-08F1EAD81ED0,157926072,R00460,IT,POINT (9.1565724 45.1792696),FALSE,2024,22,Invasive Alien Species in Europe,https://easin.jrc.ec.europa.eu/ias/speciesreport/details/66eee01dc20837c8d45e04d8,2025-07-11T16:39:31.517
[WGS84 - EPSG:4326],Ailanthus altissima,7051F1FE-645E-F011-9112-08F1EAD81ED0,157926080,R00460,IT,POINT (8.7183335 45.8447369),FALSE,2024,22,Invasive Alien Species in Europe,https://easin.jrc.ec.europa.eu/ias/speciesreport/details/66b1d31646d6df4bc5882dab,2025-07-11T16:39:31.517
[WGS84 - EPSG:4326],Ailanthus altissima,7151F1FE-645E-F011-9112-08F1EAD81ED0,157926088,R00460,IT,POINT (8.7095999 45.837311),FALSE,2024,22,Invasive Alien Species in Europe,https://easin.jrc.ec.europa.eu/ias/speciesreport/details/66abada546d6df4bc5882d74,2025-07-11T16:39:31.517
[WGS84 - EPSG:4326],Ailanthus altissima,7251F1FE-645E-F011-9112-08F1EAD81ED0,157926096,R00460,IT,POINT (8.8238232 45.8224596),FALSE,2024,22,Invasive Alien Species in Europe,https://easin.jrc.ec.europa.eu/ias/speciesreport/details/66ab300e46d6df4bc5882d47,2025-07-11T16:39:31.517
[WGS84 - EPSG:4326],Ailanthus altissima,6C51F1FE-645E-F011-9112-08F1EAD81ED0,157926104,R00460,IT,POINT (8.8759511 45.7650278),FALSE,2024,22,Invasive Alien Species in Europe,https://easin.jrc.ec.europa.eu/ias/speciesreport/details/6703b22dcf2ae23bf45e5370,2025-07-11T16:39:31.517
[WGS84 - EPSG:4326],Ailanthus altissima,6A51F1FE-645E-F011-9112-08F1EAD81ED0,157926112,R00460,IT,POINT (8.8345967 45.7970947),FALSE,2024,22,Invasive Alien Species in Europe,https://easin.jrc.ec.europa.eu/ias/speciesreport/details/66f2661bf0eda677be7a21a6,2025-07-11T16:39:31.517
[WGS84 - EPSG:4326],Ailanthus altissima,7651F1FE-645E-F011-9112-08F1EAD81ED0,157926120,R00460,IT,POINT (8.7429848 45.8867507),FALSE,2024,22,Invasive Alien Species in Europe,https://easin.jrc.ec.europa.eu/ias/speciesreport/details/66be27596a666b614036e271,2025-07-11T16:39:31.517
[WGS84 - EPSG:4326],Ailanthus altissima,7451F1FE-645E-F011-9112-08F1EAD81ED0,157926128,R00460,IT,POINT (8.8331526 45.8003187),FALSE,2024,22,Invasive Alien Species in Europe,https://easin.jrc.ec.europa.eu/ias/speciesreport/details/66f26263f0eda677be7a219e,2025-07-11T16:39:31.517
[WGS84 - EPSG:4326],Arundo donax,7851F1FE-645E-F011-9112-08F1EAD81ED0,157926136,R01515,ES,POINT (-1.4802511 39.2185634),FALSE,2024,22,Invasive Alien Species in Europe,https://easin.jrc.ec.europa.eu/ias/speciesreport/details/67126761aadc4d9bd742d50c,2025-07-11T16:39:31.517
[WGS84 - EPSG:4326],Ailanthus altissima,7951F1FE-645E-F011-9112-08F1EAD81ED0,157926144,R00460,IT,POINT (8.7930029 45.8096319),FALSE,2024,22,Invasive Alien Species in Europe,https://easin.jrc.ec.europa.eu/ias/speciesreport/details/66ab41d246d6df4bc5882d64,2025-07-11T16:39:31.517
[WGS84 - EPSG:4326],Ailanthus altissima,7A51F1FE-645E-F011-9112-08F1EAD81ED0,157926152,R00460,IT,POINT (8.6935101 45.8621475),FALSE,2024,22,Invasive Alien Species in Europe,https://easin.jrc.ec.europa.eu/ias/speciesreport/details/66b4f2e442ea5f3793be094b,2025-07-11T16:39:31.517
[WGS84 - EPSG:4326],Ailanthus altissima,8A51F1FE-645E-F011-9112-08F1EAD81ED0,157926160,R00460,IT,POINT (8.5978034 45.9008093),FALSE,2024,22,Invasive Alien Species in Europe,https://easin.jrc.ec.europa.eu/ias/speciesreport/details/66b4943842ea5f3793be092f,2025-07-11T16:39:31.517
[WGS84 - EPSG:4326],Ailanthus altissima,7C51F1FE-645E-F011-9112-08F1EAD81ED0,157926168,R00460,IT,POINT (8.6503198 45.8975581),FALSE,2024,22,Invasive Alien Species in Europe,https://easin.jrc.ec.europa.eu/ias/speciesreport/details/66b482ca42ea5f3793be0912,2025-07-11T16:39:31.517
[WGS84 - EPSG:4326],Ailanthus altissima,7F51F1FE-645E-F011-9112-08F1EAD81ED0,157926176,R00460,IT,POINT (8.8985342 45.9155737),FALSE,2024,22,Invasive Alien Species in Europe,https://easin.jrc.ec.europa.eu/ias/speciesreport/details/66c86af392d55051b26e226d,2025-07-11T16:39:31.517
[WGS84 - EPSG:4326],Ailanthus altissima,8251F1FE-645E-F011-9112-08F1EAD81ED0,157926184,R00460,IT,POINT (8.8896789 45.9402402),FALSE,2024,22,Invasive Alien Species in Europe,https://easin.jrc.ec.europa.eu/ias/speciesreport/details/66c8717192d55051b26e227c,2025-07-11T16:39:31.517
[WGS84 - EPSG:4326],Ailanthus altissima,8351F1FE-645E-F011-9112-08F1EAD81ED0,157926192,R00460,IT,POINT (8.661887 45.8947184),FALSE,2024,22,Invasive Alien Species in Europe,https://easin.jrc.ec.europa.eu/ias/speciesreport/details/66b4807f42ea5f3793be090e,2025-07-11T16:39:31.517
[WGS84 - EPSG:4326],Ailanthus altissima,AF51F1FE-645E-F011-9112-08F1EAD81ED0,157926200,R00460,IT,POINT (8.8051963 45.8171545),FALSE,2024,22,Invasive Alien Species in Europe,https://easin.jrc.ec.europa.eu/ias/speciesreport/details/66c1fba92f28887016d20019,2025-07-11T16:39:31.517
[WGS84 - EPSG:4326],Ailanthus altissima,AC51F1FE-645E-F011-9112-08F1EAD81ED0,157926208,R00460,IT,POINT (8.6709976 45.885846),FALSE,2024,22,Invasive Alien Species in Europe,https://easin.jrc.ec.europa.eu/ias/speciesreport/details/66b4773442ea5f3793be08fc,2025-07-11T16:39:31.517
[WGS84 - EPSG:4326],Ailanthus altissima,A651F1FE-645E-F011-9112-08F1EAD81ED0,157926216,R00460,IT,POINT (8.8306832 45.7910252),FALSE,2024,22,Invasive Alien Species in Europe,https://easin.jrc.ec.europa.eu/ias/speciesreport/details/66f269e3f0eda677be7a21ac,2025-07-11T16:39:31.517
[WGS84 - EPSG:4326],Ailanthus altissima,A751F1FE-645E-F011-9112-08F1EAD81ED0,157926224,R00460,IT,POINT (13.7979273 43.1504657),FALSE,2024,22,Invasive Alien Species in Europe,https://easin.jrc.ec.europa.eu/ias/speciesreport/details/6693709a46d6df4bc5882d29,2025-07-11T16:39:31.517
[WGS84 - EPSG:4326],Ailanthus altissima,A851F1FE-645E-F011-9112-08F1EAD81ED0,157926232,R00460,IT,POINT (12.9168787981757 42.8208331711694),FALSE,2024,22,Invasive Alien Species in Europe,https://easin.jrc.ec.europa.eu/ias/speciesreport/details/66b0f59746d6df4bc5882d95,2025-07-11T16:39:31.517
[WGS84 - EPSG:4326],Ailanthus altissima,A951F1FE-645E-F011-9112-08F1EAD81ED0,157926240,R00460,IT,POINT (8.7331719 45.9924824),FALSE,2024,22,Invasive Alien Species in Europe,https://easin.jrc.ec.europa.eu/ias/speciesreport/details/66e1658c3452cfa4741745a7,2025-07-11T16:39:31.517
[WGS84 - EPSG:4326],Ailanthus altissima,AA51F1FE-645E-F011-9112-08F1EAD81ED0,157926248,R00460,IT,POINT (8.8246418 45.6752678),FALSE,2024,22,Invasive Alien Species in Europe,https://easin.jrc.ec.europa.eu/ias/speciesreport/details/6718bd89cd536f2d1124863b,2025-07-11T16:39:31.517
[WGS84 - EPSG:4326],Ailanthus altissima,9F51F1FE-645E-F011-9112-08F1EAD81ED0,157926256,R00460,IT,POINT (8.88291 45.7161683),FALSE,2024,22,Invasive Alien Species in Europe,https://easin.jrc.ec.europa.eu/ias/speciesreport/details/6703a018cf2ae23bf45e5365,2025-07-11T16:39:31.517
[WGS84 - EPSG:4326],Arundo donax,9C51F1FE-645E-F011-9112-08F1EAD81ED0,157926264,R01515,ES,POINT (-1.4253808 39.3179373),FALSE,2024,22,Invasive Alien Species in Europe,https://easin.jrc.ec.europa.eu/ias/speciesreport/details/66fba524cf2ae23bf45e534c,2025-07-11T16:39:31.517
[WGS84 - EPSG:4326],Ailanthus altissima,9351F1FE-645E-F011-9112-08F1EAD81ED0,157926272,R00460,IT,POINT (8.6688185 45.8890113),FALSE,2024,22,Invasive Alien Species in Europe,https://easin.jrc.ec.europa.eu/ias/speciesreport/details/66b1e47446d6df4bc5882dc1,2025-07-11T16:39:31.517
[WGS84 - EPSG:4326],Ailanthus altissima,9451F1FE-645E-F011-9112-08F1EAD81ED0,157926280,R00460,IT,POINT (8.7003992 46.0618004),FALSE,2024,22,Invasive Alien Species in Europe,https://easin.jrc.ec.europa.eu/ias/speciesreport/details/66e174d63452cfa4741745b2,2025-07-11T16:39:31.517
[WGS84 - EPSG:4326],Ailanthus altissima,C351F1FE-645E-F011-9112-08F1EAD81ED0,157926288,R00460,IT,POINT (8.716591 45.8447899),FALSE,2024,22,Invasive Alien Species in Europe,https://easin.jrc.ec.europa.eu/ias/speciesreport/details/66b1d3e746d6df4bc5882dad,2025-07-11T16:39:31.517
[WGS84 - EPSG:4326],Ailanthus altissima,C451F1FE-645E-F011-9112-08F1EAD81ED0,157926296,R00460,IT,POINT (8.791922 45.8091253),FALSE,2024,22,Invasive Alien Species in Europe,https://easin.jrc.ec.europa.eu/ias/speciesreport/details/66ab422746d6df4bc5882d65,2025-07-11T16:39:31.517
[WGS84 - EPSG:4326],Ailanthus altissima,C551F1FE-645E-F011-9112-08F1EAD81ED0,157926304,R00460,IT,POINT (8.8224984 45.8114984),FALSE,2024,22,Invasive Alien Species in Europe,https://easin.jrc.ec.europa.eu/ias/speciesreport/details/6718b281cd536f2d1124863a,2025-07-11T16:39:31.517
[WGS84 - EPSG:4326],Ailanthus altissima,B551F1FE-645E-F011-9112-08F1EAD81ED0,157926312,R00460,IT,POINT (8.6991215 45.895062),FALSE,2024,22,Invasive Alien Species in Europe,https://easin.jrc.ec.europa.eu/ias/speciesreport/details/66e14f1f3452cfa474174590,2025-07-11T16:39:31.517
[WGS84 - EPSG:4326],Ailanthus altissima,B651F1FE-645E-F011-9112-08F1EAD81ED0,157926320,R00460,ES,POINT (-1.5107268 39.3301509),FALSE,2024,22,Invasive Alien Species in Europe,https://easin.jrc.ec.europa.eu/ias/speciesreport/details/6710d5deaadc4d9bd742d50b,2025-07-11T16:39:31.517
[WGS84 - EPSG:4326],Ailanthus altissima,BA51F1FE-645E-F011-9112-08F1EAD81ED0,157926328,R00460,IT,POINT (8.8524453 45.8131419),FALSE,2024,22,Invasive Alien Species in Europe,https://easin.jrc.ec.europa.eu/ias/speciesreport/details/66c84d8392d55051b26e2252,2025-07-11T16:39:31.517
[WGS84 - EPSG:4326],Ailanthus altissima,BB51F1FE-645E-F011-9112-08F1EAD81ED0,157926336,R00460,IT,POINT (8.8344152 45.8017715),FALSE,2024,22,Invasive Alien Species in Europe,https://easin.jrc.ec.europa.eu/ias/speciesreport/details/6703bed8cf2ae23bf45e537f,2025-07-11T16:39:31.517
[WGS84 - EPSG:4326],Ailanthus altissima,BC51F1FE-645E-F011-9112-08F1EAD81ED0,157926344,R00460,IT,POINT (8.8121321 45.8425502),FALSE,2024,22,Invasive Alien Species in Europe,https://easin.jrc.ec.europa.eu/ias/speciesreport/details/66b0a0d846d6df4bc5882d8a,2025-07-11T16:39:31.517
[WGS84 - EPSG:4326],Ailanthus altissima,BD51F1FE-645E-F011-9112-08F1EAD81ED0,157926352,R00460,IT,POINT (8.88847589492798 45.9503751693759),FALSE,2024,22,Invasive Alien Species in Europe,https://easin.jrc.ec.europa.eu/ias/speciesreport/details/66c872b592d55051b26e227e,2025-07-11T16:39:31.517
[WGS84 - EPSG:4326],Ailanthus altissima,D351F1FE-645E-F011-9112-08F1EAD81ED0,157926360,R00460,IT,POINT (8.8348951 45.7988086),FALSE,2024,22,Invasive Alien Species in Europe,https://easin.jrc.ec.europa.eu/ias/speciesreport/details/66f26432f0eda677be7a21a2,2025-07-11T16:39:31.517
[WGS84 - EPSG:4326],Ailanthus altissima,CA51F1FE-645E-F011-9112-08F1EAD81ED0,157926368,R00460,IT,POINT (8.8342846 45.7959188),FALSE,2024,22,Invasive Alien Species in Europe,https://easin.jrc.ec.europa.eu/ias/speciesreport/details/66f267a0f0eda677be7a21a8,2025-07-11T16:39:31.517
[WGS84 - EPSG:4326],Ailanthus altissima,CB51F1FE-645E-F011-9112-08F1EAD81ED0,157926376,R00460,IT,POINT (8.7712931 45.9383819),FALSE,2024,22,Invasive Alien Species in Europe,https://easin.jrc.ec.europa.eu/ias/speciesreport/details/66e15adf3452cfa474174596,2025-07-11T16:39:31.517
[WGS84 - EPSG:4326],Ailanthus altissima,CD51F1FE-645E-F011-9112-08F1EAD81ED0,157926384,R00460,ES,POINT (-0.9777358 39.7310325),FALSE,2024,22,Invasive Alien Species in Europe,https://easin.jrc.ec.europa.eu/ias/speciesreport/details/6692a0da46d6df4bc5882d24,2025-07-11T16:39:31.517
[WGS84 - EPSG:4326],Ailanthus altissima,9A55F1FE-645E-F011-9112-08F1EAD81ED0,157926392,R00460,IT,POINT (8.6271177 45.8050625),FALSE,2024,22,Invasive Alien Species in Europe,https://easin.jrc.ec.europa.eu/ias/speciesreport/details/66b4e0cb42ea5f3793be093d,2025-07-11T16:39:31.517
[WGS84 - EPSG:4326],Ailanthus altissima,9855F1FE-645E-F011-9112-08F1EAD81ED0,157926400,R00460,IT,POINT (8.810833 45.8187683),FALSE,2024,22,Invasive Alien Species in Europe,https://easin.jrc.ec.europa.eu/ias/speciesreport/details/66c20abb2f28887016d2001e,2025-07-11T16:39:31.517
[WGS84 - EPSG:4326],Ailanthus altissima,8B55F1FE-645E-F011-9112-08F1EAD81ED0,157926408,R00460,IT,POINT (8.8082988 45.8249512),FALSE,2024,22,Invasive Alien Species in Europe,https://easin.jrc.ec.europa.eu/ias/speciesreport/details/66ab332846d6df4bc5882d4c,2025-07-11T16:39:31.517
[WGS84 - EPSG:4326],Ailanthus altissima,8955F1FE-645E-F011-9112-08F1EAD81ED0,157926416,R00460,IT,POINT (8.7025655 45.7977729),FALSE,2024,22,Invasive Alien Species in Europe,https://easin.jrc.ec.europa.eu/ias/speciesreport/details/66b23ea846d6df4bc5882dd3,2025-07-11T16:39:31.517
[WGS84 - EPSG:4326],Ailanthus altissima,7A55F1FE-645E-F011-9112-08F1EAD81ED0,157926424,R00460,IT,POINT (8.864582 45.7783218),FALSE,2024,22,Invasive Alien Species in Europe,https://easin.jrc.ec.europa.eu/ias/speciesreport/details/67038e04cf2ae23bf45e5356,2025-07-11T16:39:31.517
[WGS84 - EPSG:4326],Ailanthus altissima,8055F1FE-645E-F011-9112-08F1EAD81ED0,157926432,R00460,IT,POINT (8.8041011 45.829004),FALSE,2024,22,Invasive Alien Species in Europe,https://easin.jrc.ec.europa.eu/ias/speciesreport/details/66e52af1417bb32b3a0098a6,2025-07-11T16:39:31.517
[WGS84 - EPSG:4326],Ailanthus altissima,7E55F1FE-645E-F011-9112-08F1EAD81ED0,157926440,R00460,IT,POINT (8.5790144 45.7747578),FALSE,2024,22,Invasive Alien Species in Europe,https://easin.jrc.ec.europa.eu/ias/speciesreport/details/66f29ca3f0eda677be7a21bf,2025-07-11T16:39:31.517
[WGS84 - EPSG:4326],Ailanthus altissima,8355F1FE-645E-F011-9112-08F1EAD81ED0,157926448,R00460,IT,POINT (8.7474881 45.9755766),FALSE,2024,22,Invasive Alien Species in Europe,https://easin.jrc.ec.europa.eu/ias/speciesreport/details/66e19ff33452cfa4741745c2,2025-07-11T16:39:31.517
[WGS84 - EPSG:4326],Ailanthus altissima,8455F1FE-645E-F011-9112-08F1EAD81ED0,157926456,R00460,IT,POINT (8.8744383 45.7679838),FALSE,2024,22,Invasive Alien Species in Europe,https://easin.jrc.ec.europa.eu/ias/speciesreport/details/6703b397cf2ae23bf45e5374,2025-07-11T16:39:31.517
[WGS84 - EPSG:4326],Ailanthus altissima,8555F1FE-645E-F011-9112-08F1EAD81ED0,157926464,R00460,IT,POINT (8.8081207 45.827106),FALSE,2024,22,Invasive Alien Species in Europe,https://easin.jrc.ec.europa.eu/ias/speciesreport/details/66ab341e46d6df4bc5882d4e,2025-07-11T16:39:31.517
[WGS84 - EPSG:4326],Ailanthus altissima,6755F1FE-645E-F011-9112-08F1EAD81ED0,157926472,R00460,IT,POINT (8.6809197 45.7106142),FALSE,2024,22,Invasive Alien Species in Europe,https://easin.jrc.ec.europa.eu/ias/speciesreport/details/66f2839ef0eda677be7a21b7,2025-07-11T16:39:31.517
[WGS84 - EPSG:4326],Ailanthus altissima,6055F1FE-645E-F011-9112-08F1EAD81ED0,157926480,R00460,IT,POINT (8.7336985 46.0513754),FALSE,2024,22,Invasive Alien Species in Europe,https://easin.jrc.ec.europa.eu/ias/speciesreport/details/66e171a53452cfa4741745b0,2025-07-11T16:39:31.517
[WGS84 - EPSG:4326],Ailanthus altissima,6355F1FE-645E-F011-9112-08F1EAD81ED0,157926488,R00460,IT,POINT (8.7412236 45.9835246),FALSE,2024,22,Invasive Alien Species in Europe,https://easin.jrc.ec.europa.eu/ias/speciesreport/details/66e19cf63452cfa4741745bd,2025-07-11T16:39:31.517
[WGS84 - EPSG:4326],Ailanthus altissima,6455F1FE-645E-F011-9112-08F1EAD81ED0,157926496,R00460,IT,POINT (8.910611 45.9105611),FALSE,2024,22,Invasive Alien Species in Europe,https://easin.jrc.ec.europa.eu/ias/speciesreport/details/66c865f592d55051b26e2265,2025-07-11T16:39:31.517
[WGS84 - EPSG:4326],Ailanthus altissima,5655F1FE-645E-F011-9112-08F1EAD81ED0,157926504,R00460,IT,POINT (8.8298335 45.8305008),FALSE,2024,22,Invasive Alien Species in Europe,https://easin.jrc.ec.europa.eu/ias/speciesreport/details/66b0f2f046d6df4bc5882d93,2025-07-11T16:39:31.517
[WGS84 - EPSG:4326],Ailanthus altissima,5E55F1FE-645E-F011-9112-08F1EAD81ED0,157926512,R00460,IT,POINT (8.6621176 45.8948365),FALSE,2024,22,Invasive Alien Species in Europe,https://easin.jrc.ec.europa.eu/ias/speciesreport/details/66b47ffd42ea5f3793be090d,2025-07-11T16:39:31.517
[WGS84 - EPSG:4326],Ailanthus altissima,6A55F1FE-645E-F011-9112-08F1EAD81ED0,157926520,R00460,IT,POINT (8.828922 45.8957499),FALSE,2024,22,Invasive Alien Species in Europe,https://easin.jrc.ec.europa.eu/ias/speciesreport/details/66c8889492d55051b26e2297,2025-07-11T16:39:31.517
[WGS84 - EPSG:4326],Ailanthus altissima,6B55F1FE-645E-F011-9112-08F1EAD81ED0,157926528,R00460,IT,POINT (8.8092991 45.8198077),FALSE,2024,22,Invasive Alien Species in Europe,https://easin.jrc.ec.europa.eu/ias/speciesreport/details/66ab3f9d46d6df4bc5882d61,2025-07-11T16:39:31.517
[WGS84 - EPSG:4326],Ailanthus altissima,6C55F1FE-645E-F011-9112-08F1EAD81ED0,157926536,R00460,IT,POINT (8.6691788 45.8802878),FALSE,2024,22,Invasive Alien Species in Europe,https://easin.jrc.ec.europa.eu/ias/speciesreport/details/66b1e16a46d6df4bc5882dba,2025-07-11T16:39:31.517
[WGS84 - EPSG:4326],Trachemys scripta,7655F1FE-645E-F011-9112-08F1EAD81ED0,157926544,R18154,IT,POINT (10.9578001499176 43.8879263648869),FALSE,2024,22,Invasive Alien Species in Europe,https://easin.jrc.ec.europa.eu/ias/speciesreport/details/66671dbe1e1c0b6ebb927789,2025-07-11T16:39:31.517
[WGS84 - EPSG:4326],Threskiornis aethiopicus,7755F1FE-645E-F011-9112-08F1EAD81ED0,157926552,R15136,ES,POINT (-0.31660571586194 39.3224206428859),FALSE,2024,22,Invasive Alien Species in Europe,https://easin.jrc.ec.europa.eu/ias/speciesreport/details/675693e55c4ceac8c2b6d7b8,2025-07-11T16:39:31.517
[WGS84 - EPSG:4326],Ailanthus altissima,BF53F1FE-645E-F011-9112-08F1EAD81ED0,157926560,R00460,IT,POINT (8.6026026 45.9057122),FALSE,2024,22,Invasive Alien Species in Europe,https://easin.jrc.ec.europa.eu/ias/speciesreport/details/66b4928242ea5f3793be092b,2025-07-11T16:39:31.517
[WGS84 - EPSG:4326],Ailanthus altissima,C053F1FE-645E-F011-9112-08F1EAD81ED0,157926568,R00460,IT,POINT (13.8116732 43.1608982),FALSE,2024,22,Invasive Alien Species in Europe,https://easin.jrc.ec.europa.eu/ias/speciesreport/details/669a32c346d6df4bc5882d38,2025-07-11T16:39:31.517
[WGS84 - EPSG:4326],Ailanthus altissima,C253F1FE-645E-F011-9112-08F1EAD81ED0,157926576,R00460,IT,POINT (8.815847 45.7827182),FALSE,2024,22,Invasive Alien Species in Europe,https://easin.jrc.ec.europa.eu/ias/speciesreport/details/66f26ac6f0eda677be7a21ae,2025-07-11T16:39:31.517
[WGS84 - EPSG:4326],Ailanthus altissima,C453F1FE-645E-F011-9112-08F1EAD81ED0,157926584,R00460,IT,POINT (8.6654512 45.8953581),FALSE,2024,22,Invasive Alien Species in Europe,https://easin.jrc.ec.europa.eu/ias/speciesreport/details/66b47c0d42ea5f3793be0906,2025-07-11T16:39:31.517
[WGS84 - EPSG:4326],Ailanthus altissima,CA53F1FE-645E-F011-9112-08F1EAD81ED0,157926592,R00460,IT,POINT (8.8669157 45.705249),FALSE,2024,22,Invasive Alien Species in Europe,https://easin.jrc.ec.europa.eu/ias/speciesreport/details/67039a07cf2ae23bf45e535f,2025-07-11T16:39:31.517
[WGS84 - EPSG:4326],Ailanthus altissima,BB53F1FE-645E-F011-9112-08F1EAD81ED0,157926600,R00460,IT,POINT (8.6238694 45.9046778),FALSE,2024,22,Invasive Alien Species in Europe,https://easin.jrc.ec.europa.eu/ias/speciesreport/details/66b48f2342ea5f3793be0927,2025-07-11T16:39:31.517
[WGS84 - EPSG:4326],Ailanthus altissima,B653F1FE-645E-F011-9112-08F1EAD81ED0,157926608,R00460,IT,POINT (8.739642 45.8281823),FALSE,2024,22,Invasive Alien Species in Europe,https://easin.jrc.ec.europa.eu/ias/speciesreport/details/66ab454c46d6df4bc5882d66,2025-07-11T16:39:31.517
[WGS84 - EPSG:4326],Ailanthus altissima,B753F1FE-645E-F011-9112-08F1EAD81ED0,157926616,R00460,IT,POINT (8.9115062 45.8720563),FALSE,2024,22,Invasive Alien Species in Europe,https://easin.jrc.ec.europa.eu/ias/speciesreport/details/66c85c6992d55051b26e225d,2025-07-11T16:39:31.517
[WGS84 - EPSG:4326],Ailanthus altissima,B153F1FE-645E-F011-9112-08F1EAD81ED0,157926624,R00460,IT,POINT (13.7970028 43.1840572),FALSE,2024,22,Invasive Alien Species in Europe,https://easin.jrc.ec.europa.eu/ias/speciesreport/details/6694015446d6df4bc5882d2f,2025-07-11T16:39:31.517
[WGS84 - EPSG:4326],Ailanthus altissima,AE53F1FE-645E-F011-9112-08F1EAD81ED0,157926632,R00460,IT,POINT (8.6506139 45.8935485),FALSE,2024,22,Invasive Alien Species in Europe,https://easin.jrc.ec.europa.eu/ias/speciesreport/details/66b4875d42ea5f3793be0919,2025-07-11T16:39:31.517
[WGS84 - EPSG:4326],Myiopsitta monachus,D753F1FE-645E-F011-9112-08F1EAD81ED0,157926640,R09715,ES,POINT (-3.68499040603638 40.4110126943003),FALSE,2024,22,Invasive Alien Species in Europe,https://easin.jrc.ec.europa.eu/ias/speciesreport/details/66f154cdf0eda677be7a2191,2025-07-11T16:39:31.517
[WGS84 - EPSG:4326],Ailanthus altissima,D853F1FE-645E-F011-9112-08F1EAD81ED0,157926648,R00460,IT,POINT (8.6694278 45.8270913),FALSE,2024,22,Invasive Alien Species in Europe,https://easin.jrc.ec.europa.eu/ias/speciesreport/details/66b4ea4242ea5f3793be0944,2025-07-11T16:39:31.517
[WGS84 - EPSG:4326],Ailanthus altissima,CF53F1FE-645E-F011-9112-08F1EAD81ED0,157926656,R00460,IT,POINT (8.7615345 45.9066869),FALSE,2024,22,Invasive Alien Species in Europe,https://easin.jrc.ec.europa.eu/ias/speciesreport/details/66be26db6a666b614036e26d,2025-07-11T16:39:31.517
[WGS84 - EPSG:4326],Ailanthus altissima,E953F1FE-645E-F011-9112-08F1EAD81ED0,157926664,R00460,IT,POINT (8.6662568 45.8940515),FALSE,2024,22,Invasive Alien Species in Europe,https://easin.jrc.ec.europa.eu/ias/speciesreport/details/66b1e62c46d6df4bc5882dc6,2025-07-11T16:39:31.517
[WGS84 - EPSG:4326],Ailanthus altissima,EA53F1FE-645E-F011-9112-08F1EAD81ED0,157926672,R00460,IT,POINT (8.7431359 45.823563),FALSE,2024,22,Invasive Alien Species in Europe,https://easin.jrc.ec.europa.eu/ias/speciesreport/details/66abbb6046d6df4bc5882d7a,2025-07-11T16:39:31.517
[WGS84 - EPSG:4326],Ludwigia grandiflora,EB53F1FE-645E-F011-9112-08F1EAD81ED0,157926680,R17663,IT,POINT (8.7221653 45.8407759),FALSE,2024,22,Invasive Alien Species in Europe,https://easin.jrc.ec.europa.eu/ias/speciesreport/details/66abb16e46d6df4bc5882d76,2025-07-11T16:39:31.517
[WGS84 - EPSG:4326],Ailanthus altissima,EE53F1FE-645E-F011-9112-08F1EAD81ED0,157926688,R00460,IT,POINT (8.8923633 45.9222267),FALSE,2024,22,Invasive Alien Species in Europe,https://easin.jrc.ec.europa.eu/ias/speciesreport/details/66c86ce992d55051b26e2271,2025-07-11T16:39:31.517
[WGS84 - EPSG:4326],Ailanthus altissima,DF53F1FE-645E-F011-9112-08F1EAD81ED0,157926696,R00460,IT,POINT (8.7158017 45.845071),FALSE,2024,22,Invasive Alien Species in Europe,https://easin.jrc.ec.europa.eu/ias/speciesreport/details/66b1d5b146d6df4bc5882daf,2025-07-11T16:39:31.517
[WGS84 - EPSG:4326],Ailanthus altissima,E653F1FE-645E-F011-9112-08F1EAD81ED0,157926704,R00460,IT,POINT (8.6961458 45.8588325),FALSE,2024,22,Invasive Alien Species in Europe,https://easin.jrc.ec.europa.eu/ias/speciesreport/details/66b4f09b42ea5f3793be0948,2025-07-11T16:39:31.517
[WGS84 - EPSG:4326],Ailanthus altissima,E753F1FE-645E-F011-9112-08F1EAD81ED0,157926712,R00460,IT,POINT (8.6714503 45.884549),FALSE,2024,22,Invasive Alien Species in Europe,https://easin.jrc.ec.europa.eu/ias/speciesreport/details/66b4747942ea5f3793be08f8,2025-07-11T16:39:31.517
[WGS84 - EPSG:4326],Ailanthus altissima,3654F1FE-645E-F011-9112-08F1EAD81ED0,157926720,R00460,IT,POINT (8.8583923 45.96598),FALSE,2024,22,Invasive Alien Species in Europe,https://easin.jrc.ec.europa.eu/ias/speciesreport/details/66c8766b92d55051b26e2282,2025-07-11T16:39:31.517
[WGS84 - EPSG:4326],Ailanthus altissima,2754F1FE-645E-F011-9112-08F1EAD81ED0,157926728,R00460,IT,POINT (8.7562003 45.9683593),FALSE,2024,22,Invasive Alien Species in Europe,https://easin.jrc.ec.europa.eu/ias/speciesreport/details/66e1a27b3452cfa4741745c6,2025-07-11T16:39:31.517
[WGS84 - EPSG:4326],Arundo donax,2C54F1FE-645E-F011-9112-08F1EAD81ED0,157926736,R01515,ES,POINT (-1.3941134 39.2949582),FALSE,2024,22,Invasive Alien Species in Europe,https://easin.jrc.ec.europa.eu/ias/speciesreport/details/66fba1d4cf2ae23bf45e534a,2025-07-11T16:39:31.517
[WGS84 - EPSG:4326],Ailanthus altissima,1B54F1FE-645E-F011-9112-08F1EAD81ED0,157926744,R00460,IT,POINT (8.8074226 45.8252154),FALSE,2024,22,Invasive Alien Species in Europe,https://easin.jrc.ec.europa.eu/ias/speciesreport/details/66ab376b46d6df4bc5882d53,2025-07-11T16:39:31.517
[WGS84 - EPSG:4326],Ailanthus altissima,1954F1FE-645E-F011-9112-08F1EAD81ED0,157926752,R00460,IT,POINT (8.8120812 45.8240257),FALSE,2024,22,Invasive Alien Species in Europe,https://easin.jrc.ec.europa.eu/ias/speciesreport/details/66ab32be46d6df4bc5882d4b,2025-07-11T16:39:31.517
[WGS84 - EPSG:4326],Ailanthus altissima,2554F1FE-645E-F011-9112-08F1EAD81ED0,157926760,R00460,IT,POINT (8.605944 45.7974943),FALSE,2024,22,Invasive Alien Species in Europe,https://easin.jrc.ec.europa.eu/ias/speciesreport/details/66f2a252f0eda677be7a21c6,2025-07-11T16:39:31.517
[WGS84 - EPSG:4326],Ailanthus altissima,1E54F1FE-645E-F011-9112-08F1EAD81ED0,157926768,R00460,IT,POINT (8.8256659 45.9124391),FALSE,2024,22,Invasive Alien Species in Europe,https://easin.jrc.ec.europa.eu/ias/speciesreport/details/66c881d292d55051b26e2292,2025-07-11T16:39:31.517
[WGS84 - EPSG:4326],Ailanthus altissima,1F54F1FE-645E-F011-9112-08F1EAD81ED0,157926776,R00460,IT,POINT (8.9039021 45.8705761),FALSE,2024,22,Invasive Alien Species in Europe,https://easin.jrc.ec.europa.eu/ias/speciesreport/details/66c85e4e92d55051b26e225f,2025-07-11T16:39:31.517
[WGS84 - EPSG:4326],Ailanthus altissima,2054F1FE-645E-F011-9112-08F1EAD81ED0,157926784,R00460,IT,POINT (8.5972338 45.8764299),FALSE,2024,22,Invasive Alien Species in Europe,https://easin.jrc.ec.europa.eu/ias/speciesreport/details/672cea4cbf131dbdc2349552,2025-07-11T16:39:31.517
[WGS84 - EPSG:4326],Ailanthus altissima,0554F1FE-645E-F011-9112-08F1EAD81ED0,157926792,R00460,ES,POINT (-1.5157815 39.3376593),FALSE,2024,22,Invasive Alien Species in Europe,https://easin.jrc.ec.europa.eu/ias/speciesreport/details/673d96f7ce0691f04cc5084b,2025-07-11T16:39:31.517
[WGS84 - EPSG:4326],Ailanthus altissima,0354F1FE-645E-F011-9112-08F1EAD81ED0,157926800,R00460,IT,POINT (8.8044702 45.8044076),FALSE,2024,22,Invasive Alien Species in Europe,https://easin.jrc.ec.europa.eu/ias/speciesreport/details/66b2486446d6df4bc5882dda,2025-07-11T16:39:31.517
[WGS84 - EPSG:4326],Humulus scandens,1154F1FE-645E-F011-9112-08F1EAD81ED0,157926808,R18922,IT,POINT (9.1606591 45.1792065),FALSE,2024,22,Invasive Alien Species in Europe,https://easin.jrc.ec.europa.eu/ias/speciesreport/details/66eee1dac20837c8d45e04d9,2025-07-11T16:39:31.517
[WGS84 - EPSG:4326],Ailanthus altissima,0E54F1FE-645E-F011-9112-08F1EAD81ED0,157926816,R00460,IT,POINT (8.7490755 46.0271144),FALSE,2024,22,Invasive Alien Species in Europe,https://easin.jrc.ec.europa.eu/ias/speciesreport/details/66e1969c3452cfa4741745b8,2025-07-11T16:39:31.517
[WGS84 - EPSG:4326],Ailanthus altissima,F653F1FE-645E-F011-9112-08F1EAD81ED0,157926824,R00460,IT,POINT (8.7629357 45.7902624),FALSE,2024,22,Invasive Alien Species in Europe,https://easin.jrc.ec.europa.eu/ias/speciesreport/details/66b2459246d6df4bc5882dd8,2025-07-11T16:39:31.517
[WGS84 - EPSG:4326],Arundo donax,FD53F1FE-645E-F011-9112-08F1EAD81ED0,157926832,R01515,ES,POINT (-1.5046967 39.2743149),FALSE,2024,22,Invasive Alien Species in Europe,https://easin.jrc.ec.europa.eu/ias/speciesreport/details/673db3b5ce0691f04cc5084d,2025-07-11T16:39:31.517
[WGS84 - EPSG:4326],Trachemys scripta,9E53F1FE-645E-F011-9112-08F1EAD81ED0,157926840,R18154,ES,POINT (-1.79271340370178 38.0942834684145),FALSE,2024,22,Invasive Alien Species in Europe,https://easin.jrc.ec.europa.eu/ias/speciesreport/details/66c5f03892d55051b26e2241,2025-07-11T16:39:31.517
[WGS84 - EPSG:4326],Ailanthus altissima,9453F1FE-645E-F011-9112-08F1EAD81ED0,157926848,R00460,IT,POINT (8.6693068 45.8939181),FALSE,2024,22,Invasive Alien Species in Europe,https://easin.jrc.ec.europa.eu/ias/speciesreport/details/66b47ac642ea5f3793be0903,2025-07-11T16:39:31.517
[WGS84 - EPSG:4326],Ailanthus altissima,A753F1FE-645E-F011-9112-08F1EAD81ED0,157926856,R00460,IT,POINT (8.8072765 45.8400551),FALSE,2024,22,Invasive Alien Species in Europe,https://easin.jrc.ec.europa.eu/ias/speciesreport/details/66acad0e46d6df4bc5882d7e,2025-07-11T16:39:31.517
[WGS84 - EPSG:4326],Ailanthus altissima,AA53F1FE-645E-F011-9112-08F1EAD81ED0,157926864,R00460,IT,POINT (8.8135635 45.8177738),FALSE,2024,22,Invasive Alien Species in Europe,https://easin.jrc.ec.europa.eu/ias/speciesreport/details/66f25d20f0eda677be7a2196,2025-07-11T16:39:31.517
[WGS84 - EPSG:4326],Ailanthus altissima,A553F1FE-645E-F011-9112-08F1EAD81ED0,157926872,R00460,IT,POINT (8.8151314 45.8431024),FALSE,2024,22,Invasive Alien Species in Europe,https://easin.jrc.ec.europa.eu/ias/speciesreport/details/66b0a19346d6df4bc5882d8c,2025-07-11T16:39:31.517
[WGS84 - EPSG:4326],Ailanthus altissima,8F53F1FE-645E-F011-9112-08F1EAD81ED0,157926880,R00460,IT,POINT (8.6481162 45.8244556),FALSE,2024,22,Invasive Alien Species in Europe,https://easin.jrc.ec.europa.eu/ias/speciesreport/details/66aba56546d6df4bc5882d6c,2025-07-11T16:39:31.517
[WGS84 - EPSG:4326],Arundo donax,9053F1FE-645E-F011-9112-08F1EAD81ED0,157926888,R01515,ES,POINT (-1.7580881 38.8970484),FALSE,2024,22,Invasive Alien Species in Europe,https://easin.jrc.ec.europa.eu/ias/speciesreport/details/6713b4bbaadc4d9bd742d50d,2025-07-11T16:39:31.517
[WGS84 - EPSG:4326],Ailanthus altissima,9653F1FE-645E-F011-9112-08F1EAD81ED0,157926896,R00460,IT,POINT (8.7673848 45.9471142),FALSE,2024,22,Invasive Alien Species in Europe,https://easin.jrc.ec.europa.eu/ias/speciesreport/details/66e15c183452cfa474174598,2025-07-11T16:39:31.517
[WGS84 - EPSG:4326],Ailanthus altissima,9753F1FE-645E-F011-9112-08F1EAD81ED0,157926904,R00460,IT,POINT (8.8209729 45.8120313),FALSE,2024,22,Invasive Alien Species in Europe,https://easin.jrc.ec.europa.eu/ias/speciesreport/details/6718a95dcd536f2d11248639,2025-07-11T16:39:31.517
[WGS84 - EPSG:4326],Achillea filipendulina,9853F1FE-645E-F011-9112-08F1EAD81ED0,157926912,R00151,ES,POINT (-3.3084625 41.0897373),FALSE,2024,22,Invasive Alien Species in Europe,https://easin.jrc.ec.europa.eu/ias/speciesreport/details/673871c0ce0691f04cc50846,2025-07-11T16:39:31.517
[WGS84 - EPSG:4326],Ailanthus altissima,9953F1FE-645E-F011-9112-08F1EAD81ED0,157926920,R00460,IT,POINT (8.8050513 45.8373901),FALSE,2024,22,Invasive Alien Species in Europe,https://easin.jrc.ec.europa.eu/ias/speciesreport/details/66acae1146d6df4bc5882d80,2025-07-11T16:39:31.517
[WGS84 - EPSG:4326],Ailanthus altissima,8153F1FE-645E-F011-9112-08F1EAD81ED0,157926928,R00460,IT,POINT (8.8881419 45.9311606),FALSE,2024,22,Invasive Alien Species in Europe,https://easin.jrc.ec.europa.eu/ias/speciesreport/details/66c8701f92d55051b26e2279,2025-07-11T16:39:31.517
[WGS84 - EPSG:4326],Ailanthus altissima,8753F1FE-645E-F011-9112-08F1EAD81ED0,157926936,R00460,IT,POINT (8.7475762 45.9747777),FALSE,2024,22,Invasive Alien Species in Europe,https://easin.jrc.ec.europa.eu/ias/speciesreport/details/66e1a0463452cfa4741745c3,2025-07-11T16:39:31.517
[WGS84 - EPSG:4326],Ailanthus altissima,8853F1FE-645E-F011-9112-08F1EAD81ED0,157926944,R00460,IT,POINT (8.8229191 45.9319475),FALSE,2024,22,Invasive Alien Species in Europe,https://easin.jrc.ec.europa.eu/ias/speciesreport/details/66c87f0a92d55051b26e228c,2025-07-11T16:39:31.517
[WGS84 - EPSG:4326],Ailanthus altissima,8A53F1FE-645E-F011-9112-08F1EAD81ED0,157926952,R00460,IT,POINT (8.8044581 45.8043414),FALSE,2024,22,Invasive Alien Species in Europe,https://easin.jrc.ec.europa.eu/ias/speciesreport/details/66b2490146d6df4bc5882ddb,2025-07-11T16:39:31.517
[WGS84 - EPSG:4326],Myiopsitta monachus,6E53F1FE-645E-F011-9112-08F1EAD81ED0,157926960,R09715,ES,POINT (-3.80767774031483 40.4415473208401),FALSE,2024,22,Invasive Alien Species in Europe,https://easin.jrc.ec.europa.eu/ias/speciesreport/details/66e2d5f0417bb32b3a00989d,2025-07-11T16:39:31.517
[WGS84 - EPSG:4326],Ailanthus altissima,6053F1FE-645E-F011-9112-08F1EAD81ED0,157926968,R00460,IT,POINT (8.6692449 45.887417),FALSE,2024,22,Invasive Alien Species in Europe,https://easin.jrc.ec.europa.eu/ias/speciesreport/details/66b1e37046d6df4bc5882dbf,2025-07-11T16:39:31.517
[WGS84 - EPSG:4326],Ailanthus altissima,6553F1FE-645E-F011-9112-08F1EAD81ED0,157926976,R00460,IT,POINT (8.7994668 45.8356344),FALSE,2024,22,Invasive Alien Species in Europe,https://easin.jrc.ec.europa.eu/ias/speciesreport/details/66b1c5be46d6df4bc5882d9a,2025-07-11T16:39:31.517
[WGS84 - EPSG:4326],Ailanthus altissima,7D53F1FE-645E-F011-9112-08F1EAD81ED0,157926984,R00460,IT,POINT (8.649303 45.8977851),FALSE,2024,22,Invasive Alien Species in Europe,https://easin.jrc.ec.europa.eu/ias/speciesreport/details/66b483a942ea5f3793be0914,2025-07-11T16:39:31.517
[WGS84 - EPSG:4326],Ailanthus altissima,7E53F1FE-645E-F011-9112-08F1EAD81ED0,157926992,R00460,IT,POINT (8.8801453 45.8086586),FALSE,2024,22,Invasive Alien Species in Europe,https://easin.jrc.ec.europa.eu/ias/speciesreport/details/66c8513a92d55051b26e2257,2025-07-11T16:39:31.517
[WGS84 - EPSG:4326],Ailanthus altissima,8453F1FE-645E-F011-9112-08F1EAD81ED0,157927000,R00460,IT,POINT (8.713728 45.8464203),FALSE,2024,22,Invasive Alien Species in Europe,https://easin.jrc.ec.europa.eu/ias/speciesreport/details/66b1d8a246d6df4bc5882db4,2025-07-11T16:39:31.517
[WGS84 - EPSG:4326],Ailanthus altissima,8553F1FE-645E-F011-9112-08F1EAD81ED0,157927008,R00460,IT,POINT (8.7626982 45.9596298),FALSE,2024,22,Invasive Alien Species in Europe,https://easin.jrc.ec.europa.eu/ias/speciesreport/details/66e1a8733452cfa4741745cd,2025-07-11T16:39:31.517
[WGS84 - EPSG:4326],Ailanthus altissima,7853F1FE-645E-F011-9112-08F1EAD81ED0,157927016,R00460,IT,POINT (8.6482962 45.8943922),FALSE,2024,22,Invasive Alien Species in Europe,https://easin.jrc.ec.europa.eu/ias/speciesreport/details/66b4885f42ea5f3793be091c,2025-07-11T16:39:31.517
[WGS84 - EPSG:4326],Ailanthus altissima,7653F1FE-645E-F011-9112-08F1EAD81ED0,157927024,R00460,IT,POINT (8.8516761 45.8136902),FALSE,2024,22,Invasive Alien Species in Europe,https://easin.jrc.ec.europa.eu/ias/speciesreport/details/66c84a8a92d55051b26e2250,2025-07-11T16:39:31.517
[WGS84 - EPSG:4326],Ailanthus altissima,7153F1FE-645E-F011-9112-08F1EAD81ED0,157927032,R00460,IT,POINT (8.6730925 45.8784006),FALSE,2024,22,Invasive Alien Species in Europe,https://easin.jrc.ec.europa.eu/ias/speciesreport/details/66b4722d42ea5f3793be08f4,2025-07-11T16:39:31.517
[WGS84 - EPSG:4326],Ailanthus altissima,7253F1FE-645E-F011-9112-08F1EAD81ED0,157927040,R00460,IT,POINT (8.8893089 45.9267638),FALSE,2024,22,Invasive Alien Species in Europe,https://easin.jrc.ec.europa.eu/ias/speciesreport/details/66c86e5392d55051b26e2274,2025-07-11T16:39:31.517
[WGS84 - EPSG:4326],Ailanthus altissima,7453F1FE-645E-F011-9112-08F1EAD81ED0,157927048,R00460,IT,POINT (8.8227019 45.920259),FALSE,2024,22,Invasive Alien Species in Europe,https://easin.jrc.ec.europa.eu/ias/speciesreport/details/66c8800692d55051b26e228e,2025-07-11T16:39:31.517
[WGS84 - EPSG:4326],Ailanthus altissima,1153F1FE-645E-F011-9112-08F1EAD81ED0,157927056,R00460,IT,POINT (13.1654765 43.0388033),FALSE,2024,22,Invasive Alien Species in Europe,https://easin.jrc.ec.europa.eu/ias/speciesreport/details/6694d8ef46d6df4bc5882d32,2025-07-11T16:39:31.517
[WGS84 - EPSG:4326],Ailanthus altissima,1653F1FE-645E-F011-9112-08F1EAD81ED0,157927064,R00460,IT,POINT (8.8065673 45.7201781),FALSE,2024,22,Invasive Alien Species in Europe,https://easin.jrc.ec.europa.eu/ias/speciesreport/details/66e413ad417bb32b3a00989e,2025-07-11T16:39:31.517
[WGS84 - EPSG:4326],Ailanthus altissima,1753F1FE-645E-F011-9112-08F1EAD81ED0,157927072,R00460,IT,POINT (8.831669 45.8358009),FALSE,2024,22,Invasive Alien Species in Europe,https://easin.jrc.ec.europa.eu/ias/speciesreport/details/66b0a84246d6df4bc5882d91,2025-07-11T16:39:31.517
[WGS84 - EPSG:4326],Ailanthus altissima,1953F1FE-645E-F011-9112-08F1EAD81ED0,157927080,R00460,IT,POINT (8.742217 45.9789678),FALSE,2024,22,Invasive Alien Species in Europe,https://easin.jrc.ec.europa.eu/ias/speciesreport/details/66e162443452cfa4741745a2,2025-07-11T16:39:31.517
[WGS84 - EPSG:4326],Ailanthus altissima,1D53F1FE-645E-F011-9112-08F1EAD81ED0,157927088,R00460,IT,POINT (8.713834 45.846419),FALSE,2024,22,Invasive Alien Species in Europe,https://easin.jrc.ec.europa.eu/ias/speciesreport/details/66b1d7bb46d6df4bc5882db3,2025-07-11T16:39:31.517
[WGS84 - EPSG:4326],Ailanthus altissima,1E53F1FE-645E-F011-9112-08F1EAD81ED0,157927096,R00460,IT,POINT (8.813514 45.823598),FALSE,2024,22,Invasive Alien Species in Europe,https://easin.jrc.ec.europa.eu/ias/speciesreport/details/66ab31eb46d6df4bc5882d4a,2025-07-11T16:39:31.517
[WGS84 - EPSG:4326],Ailanthus altissima,1F53F1FE-645E-F011-9112-08F1EAD81ED0,157927104,R00460,IT,POINT (8.6672632 45.8945314),FALSE,2024,22,Invasive Alien Species in Europe,https://easin.jrc.ec.europa.eu/ias/speciesreport/details/66b47b1d42ea5f3793be0904,2025-07-11T16:39:31.517
[WGS84 - EPSG:4326],Ailanthus altissima,2353F1FE-645E-F011-9112-08F1EAD81ED0,157927112,R00460,IT,POINT (8.736469 45.9045353),FALSE,2024,22,Invasive Alien Species in Europe,https://easin.jrc.ec.europa.eu/ias/speciesreport/details/66e153d63452cfa474174592,2025-07-11T16:39:31.517
[WGS84 - EPSG:4326],Ailanthus altissima,2753F1FE-645E-F011-9112-08F1EAD81ED0,157927120,R00460,IT,POINT (8.7451088 46.0062182),FALSE,2024,22,Invasive Alien Species in Europe,https://easin.jrc.ec.europa.eu/ias/speciesreport/details/66e168133452cfa4741745a9,2025-07-11T16:39:31.517
[WGS84 - EPSG:4326],Heracleum mantegazzianum,2A53F1FE-645E-F011-9112-08F1EAD81ED0,157927128,R07248,NL,POINT (4.904687 52.316078),FALSE,2024,22,Invasive Alien Species in Europe,https://easin.jrc.ec.europa.eu/ias/speciesreport/details/666b121bf07f4cde7cb49b89,2025-07-11T16:39:31.517
[WGS84 - EPSG:4326],Ailanthus altissima,2B53F1FE-645E-F011-9112-08F1EAD81ED0,157927136,R00460,IT,POINT (8.6029048 45.7942433),FALSE,2024,22,Invasive Alien Species in Europe,https://easin.jrc.ec.europa.eu/ias/speciesreport/details/66f2a0f9f0eda677be7a21c3,2025-07-11T16:39:31.517
[WGS84 - EPSG:4326],Ailanthus altissima,2C53F1FE-645E-F011-9112-08F1EAD81ED0,157927144,R00460,IT,POINT (8.695847 45.8589587),FALSE,2024,22,Invasive Alien Species in Europe,https://easin.jrc.ec.europa.eu/ias/speciesreport/details/66b4f15842ea5f3793be0949,2025-07-11T16:39:31.517
[WGS84 - EPSG:4326],Ailanthus altissima,2D53F1FE-645E-F011-9112-08F1EAD81ED0,157927152,R00460,IT,POINT (8.8057977 45.8205564),FALSE,2024,22,Invasive Alien Species in Europe,https://easin.jrc.ec.europa.eu/ias/speciesreport/details/66ab3e4546d6df4bc5882d5f,2025-07-11T16:39:31.517
[WGS84 - EPSG:4326],Ailanthus altissima,2E53F1FE-645E-F011-9112-08F1EAD81ED0,157927160,R00460,IT,POINT (8.6704386 45.8908048),FALSE,2024,22,Invasive Alien Species in Europe,https://easin.jrc.ec.europa.eu/ias/speciesreport/details/66b4783442ea5f3793be08fe,2025-07-11T16:39:31.517
[WGS84 - EPSG:4326],Ailanthus altissima,3653F1FE-645E-F011-9112-08F1EAD81ED0,157927168,R00460,IT,POINT (8.6929949 45.8616316),FALSE,2024,22,Invasive Alien Species in Europe,https://easin.jrc.ec.europa.eu/ias/speciesreport/details/66b4f20642ea5f3793be094a,2025-07-11T16:39:31.517
[WGS84 - EPSG:4326],Ailanthus altissima,3953F1FE-645E-F011-9112-08F1EAD81ED0,157927176,R00460,IT,POINT (8.8053616 45.820913),FALSE,2024,22,Invasive Alien Species in Europe,https://easin.jrc.ec.europa.eu/ias/speciesreport/details/66ab3c6f46d6df4bc5882d5b,2025-07-11T16:39:31.517
[WGS84 - EPSG:4326],Heracleum mantegazzianum,3A53F1FE-645E-F011-9112-08F1EAD81ED0,157927184,R07248,NL,POINT (4.65432146564126 52.4743755489549),FALSE,2024,22,Invasive Alien Species in Europe,https://easin.jrc.ec.europa.eu/ias/speciesreport/details/669cce4d46d6df4bc5882d3c,2025-07-11T16:39:31.517
[WGS84 - EPSG:4326],Impatiens glandulifera,4853F1FE-645E-F011-9112-08F1EAD81ED0,157927192,R07719,IT,POINT (8.748102 45.9723786),FALSE,2024,22,Invasive Alien Species in Europe,https://easin.jrc.ec.europa.eu/ias/speciesreport/details/66e160843452cfa47417459e,2025-07-11T16:39:31.517
[WGS84 - EPSG:4326],Ailanthus altissima,3F53F1FE-645E-F011-9112-08F1EAD81ED0,157927200,R00460,IT,POINT (8.5992355 45.7559397),FALSE,2024,22,Invasive Alien Species in Europe,https://easin.jrc.ec.europa.eu/ias/speciesreport/details/66f28d11f0eda677be7a21bc,2025-07-11T16:39:31.517
[WGS84 - EPSG:4326],Ailanthus altissima,4053F1FE-645E-F011-9112-08F1EAD81ED0,157927208,R00460,IT,POINT (8.8979498 45.7176351),FALSE,2024,22,Invasive Alien Species in Europe,https://easin.jrc.ec.europa.eu/ias/speciesreport/details/6703a4dbcf2ae23bf45e5367,2025-07-11T16:39:31.517
[WGS84 - EPSG:4326],Ailanthus altissima,4153F1FE-645E-F011-9112-08F1EAD81ED0,157927216,R00460,IT,POINT (8.8248852 45.6753696),FALSE,2024,22,Invasive Alien Species in Europe,https://easin.jrc.ec.europa.eu/ias/speciesreport/details/6718cad6cd536f2d1124863c,2025-07-11T16:39:31.517
[WGS84 - EPSG:4326],Ailanthus altissima,4253F1FE-645E-F011-9112-08F1EAD81ED0,157927224,R00460,IT,POINT (8.874313 45.7699103),FALSE,2024,22,Invasive Alien Species in Europe,https://easin.jrc.ec.europa.eu/ias/speciesreport/details/6703b448cf2ae23bf45e5376,2025-07-11T16:39:31.517
[WGS84 - EPSG:4326],Ailanthus altissima,5353F1FE-645E-F011-9112-08F1EAD81ED0,157927232,R00460,IT,POINT (8.8113894 45.8363838),FALSE,2024,22,Invasive Alien Species in Europe,https://easin.jrc.ec.europa.eu/ias/speciesreport/details/66b09da446d6df4bc5882d85,2025-07-11T16:39:31.517
[WGS84 - EPSG:4326],Ailanthus altissima,5153F1FE-645E-F011-9112-08F1EAD81ED0,157927240,R00460,IT,POINT (8.9253728 45.8732405),FALSE,2024,22,Invasive Alien Species in Europe,https://easin.jrc.ec.europa.eu/ias/speciesreport/details/66c85b8192d55051b26e225c,2025-07-11T16:39:31.517
[WGS84 - EPSG:4326],Ailanthus altissima,5B53F1FE-645E-F011-9112-08F1EAD81ED0,157927248,R00460,IT,POINT (8.8643656 45.7781234),FALSE,2024,22,Invasive Alien Species in Europe,https://easin.jrc.ec.europa.eu/ias/speciesreport/details/67038ecbcf2ae23bf45e5357,2025-07-11T16:39:31.517
[WGS84 - EPSG:4326],Ailanthus altissima,5C53F1FE-645E-F011-9112-08F1EAD81ED0,157927256,R00460,ES,POINT (-3.8002627 40.4472106),FALSE,2024,22,Invasive Alien Species in Europe,https://easin.jrc.ec.europa.eu/ias/speciesreport/details/670fd32baadc4d9bd742d50a,2025-07-11T16:39:31.517
[WGS84 - EPSG:4326],Ludwigia grandiflora,3954F1FE-645E-F011-9112-08F1EAD81ED0,157927264,R17663,ES,POINT (-5.001300573349 41.4976014331319),FALSE,2024,22,Invasive Alien Species in Europe,https://easin.jrc.ec.europa.eu/ias/speciesreport/details/66d372853452cfa474174585,2025-07-11T16:39:31.517
[WGS84 - EPSG:4326],Ailanthus altissima,4354F1FE-645E-F011-9112-08F1EAD81ED0,157927272,R00460,IT,POINT (8.7330237 46.0544606),FALSE,2024,22,Invasive Alien Species in Europe,https://easin.jrc.ec.europa.eu/ias/speciesreport/details/66e172053452cfa4741745b1,2025-07-11T16:39:31.517
[WGS84 - EPSG:4326],Ailanthus altissima,4454F1FE-645E-F011-9112-08F1EAD81ED0,157927280,R00460,IT,POINT (8.6495195 45.8942001),FALSE,2024,22,Invasive Alien Species in Europe,https://easin.jrc.ec.europa.eu/ias/speciesreport/details/66b487b442ea5f3793be091a,2025-07-11T16:39:31.517
[WGS84 - EPSG:4326],Ailanthus altissima,3B54F1FE-645E-F011-9112-08F1EAD81ED0,157927288,R00460,IT,POINT (8.8109645 45.8363737),FALSE,2024,22,Invasive Alien Species in Europe,https://easin.jrc.ec.europa.eu/ias/speciesreport/details/66be274a6a666b614036e270,2025-07-11T16:39:31.517
[WGS84 - EPSG:4326],Ailanthus altissima,4F54F1FE-645E-F011-9112-08F1EAD81ED0,157927296,R00460,IT,POINT (8.9117879 45.7184784),FALSE,2024,22,Invasive Alien Species in Europe,https://easin.jrc.ec.europa.eu/ias/speciesreport/details/6703a628cf2ae23bf45e5369,2025-07-11T16:39:31.517
[WGS84 - EPSG:4326],Arundo donax,5054F1FE-645E-F011-9112-08F1EAD81ED0,157927304,R01515,ES,POINT (-1.4974018 39.2920589),FALSE,2024,22,Invasive Alien Species in Europe,https://easin.jrc.ec.europa.eu/ias/speciesreport/details/673da9b7ce0691f04cc5084c,2025-07-11T16:39:31.517
[WGS84 - EPSG:4326],Ailanthus altissima,4854F1FE-645E-F011-9112-08F1EAD81ED0,157927312,R00460,ES,POINT (-0.764964 38.6304687),FALSE,2024,22,Invasive Alien Species in Europe,https://easin.jrc.ec.europa.eu/ias/speciesreport/details/66cb44fb92d55051b26e2299,2025-07-11T16:39:31.517
[WGS84 - EPSG:4326],Arundo donax,4A54F1FE-645E-F011-9112-08F1EAD81ED0,157927320,R01515,ES,POINT (-1.4680089 39.3295234),FALSE,2024,22,Invasive Alien Species in Europe,https://easin.jrc.ec.europa.eu/ias/speciesreport/details/66fba9e1cf2ae23bf45e534e,2025-07-11T16:39:31.517
[WGS84 - EPSG:4326],Ailanthus altissima,4B54F1FE-645E-F011-9112-08F1EAD81ED0,157927328,R00460,IT,POINT (8.6908355 45.8682493),FALSE,2024,22,Invasive Alien Species in Europe,https://easin.jrc.ec.europa.eu/ias/speciesreport/details/66b4f55542ea5f3793be094f,2025-07-11T16:39:31.517
[WGS84 - EPSG:4326],Ailanthus altissima,6254F1FE-645E-F011-9112-08F1EAD81ED0,157927336,R00460,IT,POINT (8.7563469 45.9680907),FALSE,2024,22,Invasive Alien Species in Europe,https://easin.jrc.ec.europa.eu/ias/speciesreport/details/66e1a57e3452cfa4741745c8,2025-07-11T16:39:31.517
[WGS84 - EPSG:4326],Ailanthus altissima,6354F1FE-645E-F011-9112-08F1EAD81ED0,157927344,R00460,IT,POINT (8.7276519 45.7962305),FALSE,2024,22,Invasive Alien Species in Europe,https://easin.jrc.ec.europa.eu/ias/speciesreport/details/66b2411546d6df4bc5882dd5,2025-07-11T16:39:31.517
[WGS84 - EPSG:4326],Ailanthus altissima,5654F1FE-645E-F011-9112-08F1EAD81ED0,157927352,R00460,IT,POINT (8.663478 45.8950431),FALSE,2024,22,Invasive Alien Species in Europe,https://easin.jrc.ec.europa.eu/ias/speciesreport/details/66b47fa342ea5f3793be090c,2025-07-11T16:39:31.517
[WGS84 - EPSG:4326],Ailanthus altissima,6554F1FE-645E-F011-9112-08F1EAD81ED0,157927360,R00460,IT,POINT (8.6239019 45.9050639),FALSE,2024,22,Invasive Alien Species in Europe,https://easin.jrc.ec.europa.eu/ias/speciesreport/details/66b48ead42ea5f3793be0926,2025-07-11T16:39:31.517
[WGS84 - EPSG:4326],Ailanthus altissima,6A54F1FE-645E-F011-9112-08F1EAD81ED0,157927368,R00460,IT,POINT (8.8074435 45.8211963),FALSE,2024,22,Invasive Alien Species in Europe,https://easin.jrc.ec.europa.eu/ias/speciesreport/details/66c20a672f28887016d2001d,2025-07-11T16:39:31.517
[WGS84 - EPSG:4326],Ailanthus altissima,6E54F1FE-645E-F011-9112-08F1EAD81ED0,157927376,R00460,IT,POINT (8.8133267 45.8430092),FALSE,2024,22,Invasive Alien Species in Europe,https://easin.jrc.ec.europa.eu/ias/speciesreport/details/66b0a13146d6df4bc5882d8b,2025-07-11T16:39:31.517
[WGS84 - EPSG:4326],Ailanthus altissima,6F54F1FE-645E-F011-9112-08F1EAD81ED0,157927384,R00460,IT,POINT (8.8365903 45.8082962),FALSE,2024,22,Invasive Alien Species in Europe,https://easin.jrc.ec.europa.eu/ias/speciesreport/details/6703bd22cf2ae23bf45e537d,2025-07-11T16:39:31.517
[WGS84 - EPSG:4326],Ailanthus altissima,7354F1FE-645E-F011-9112-08F1EAD81ED0,157927392,R00460,IT,POINT (9.1635675 45.1789835),FALSE,2024,22,Invasive Alien Species in Europe,https://easin.jrc.ec.europa.eu/ias/speciesreport/details/66ee7d1dc20837c8d45e04d6,2025-07-11T16:39:31.517
[WGS84 - EPSG:4326],Ailanthus altissima,7154F1FE-645E-F011-9112-08F1EAD81ED0,157927400,R00460,IT,POINT (8.6062433 45.7975794),FALSE,2024,22,Invasive Alien Species in Europe,https://easin.jrc.ec.europa.eu/ias/speciesreport/details/66f2a2b9f0eda677be7a21c7,2025-07-11T16:39:31.517
[WGS84 - EPSG:4326],Faxonius limosus,7C54F1FE-645E-F011-9112-08F1EAD81ED0,157927408,R10443,HR,POINT (19.6159101 45.2205452),FALSE,2024,22,Invasive Alien Species in Europe,https://easin.jrc.ec.europa.eu/ias/speciesreport/details/66e42bf7417bb32b3a0098a5,2025-07-11T16:39:31.517
[WGS84 - EPSG:4326],Ailanthus altissima,7A54F1FE-645E-F011-9112-08F1EAD81ED0,157927416,R00460,IT,POINT (8.7637602 45.9554918),FALSE,2024,22,Invasive Alien Species in Europe,https://easin.jrc.ec.europa.eu/ias/speciesreport/details/66e1ac433452cfa4741745d2,2025-07-11T16:39:31.517
[WGS84 - EPSG:4326],Ailanthus altissima,7554F1FE-645E-F011-9112-08F1EAD81ED0,157927424,R00460,IT,POINT (8.7382946 45.9846689),FALSE,2024,22,Invasive Alien Species in Europe,https://easin.jrc.ec.europa.eu/ias/speciesreport/details/66e164973452cfa4741745a6,2025-07-11T16:39:31.517
[WGS84 - EPSG:4326],Ailanthus altissima,7654F1FE-645E-F011-9112-08F1EAD81ED0,157927432,R00460,IT,POINT (8.6650009 45.8957047),FALSE,2024,22,Invasive Alien Species in Europe,https://easin.jrc.ec.europa.eu/ias/speciesreport/details/66b47ccd42ea5f3793be0907,2025-07-11T16:39:31.517
[WGS84 - EPSG:4326],Ludwigia grandiflora,7854F1FE-645E-F011-9112-08F1EAD81ED0,157927440,R17663,PT,POINT (-7.54430067726182 39.4844487542654),FALSE,2024,22,Invasive Alien Species in Europe,https://easin.jrc.ec.europa.eu/ias/speciesreport/details/668bccf046d6df4bc5882d1d,2025-07-11T16:39:31.517
[WGS84 - EPSG:4326],Ailanthus altissima,B254F1FE-645E-F011-9112-08F1EAD81ED0,157927448,R00460,IT,POINT (8.8893419 45.9288566),FALSE,2024,22,Invasive Alien Species in Europe,https://easin.jrc.ec.europa.eu/ias/speciesreport/details/66c86ed392d55051b26e2275,2025-07-11T16:39:31.517
[WGS84 - EPSG:4326],Ailanthus altissima,B354F1FE-645E-F011-9112-08F1EAD81ED0,157927456,R00460,IT,POINT (8.7055343 45.6237659),FALSE,2024,22,Invasive Alien Species in Europe,https://easin.jrc.ec.europa.eu/ias/speciesreport/details/671752cccd536f2d11248637,2025-07-11T16:39:31.517
[WGS84 - EPSG:4326],Ailanthus altissima,B554F1FE-645E-F011-9112-08F1EAD81ED0,157927464,R00460,IT,POINT (8.7798565 45.8372195),FALSE,2024,22,Invasive Alien Species in Europe,https://easin.jrc.ec.europa.eu/ias/speciesreport/details/66b1cafb46d6df4bc5882da0,2025-07-11T16:39:31.517
[WGS84 - EPSG:4326],Ailanthus altissima,B854F1FE-645E-F011-9112-08F1EAD81ED0,157927472,R00460,IT,POINT (8.6250067 45.9040326),FALSE,2024,22,Invasive Alien Species in Europe,https://easin.jrc.ec.europa.eu/ias/speciesreport/details/66b48e4e42ea5f3793be0925,2025-07-11T16:39:31.517
[WGS84 - EPSG:4326],Ailanthus altissima,BA54F1FE-645E-F011-9112-08F1EAD81ED0,157927480,R00460,IT,POINT (8.7773479 45.7890298),FALSE,2024,22,Invasive Alien Species in Europe,https://easin.jrc.ec.europa.eu/ias/speciesreport/details/66b2461a46d6df4bc5882dd9,2025-07-11T16:39:31.517
[WGS84 - EPSG:4326],Ailanthus altissima,BB54F1FE-645E-F011-9112-08F1EAD81ED0,157927488,R00460,IT,POINT (8.872842 45.7022861),FALSE,2024,22,Invasive Alien Species in Europe,https://easin.jrc.ec.europa.eu/ias/speciesreport/details/67039d30cf2ae23bf45e5364,2025-07-11T16:39:31.517
[WGS84 - EPSG:4326],Ailanthus altissima,BE54F1FE-645E-F011-9112-08F1EAD81ED0,157927496,R00460,IT,POINT (8.8335845 45.8003506),FALSE,2024,22,Invasive Alien Species in Europe,https://easin.jrc.ec.europa.eu/ias/speciesreport/details/66f263b7f0eda677be7a21a1,2025-07-11T16:39:31.517
[WGS84 - EPSG:4326],Ailanthus altissima,C254F1FE-645E-F011-9112-08F1EAD81ED0,157927504,R00460,IT,POINT (8.6266516 45.850761),FALSE,2024,22,Invasive Alien Species in Europe,https://easin.jrc.ec.europa.eu/ias/speciesreport/details/66b49d9042ea5f3793be093b,2025-07-11T16:39:31.517
[WGS84 - EPSG:4326],Ailanthus altissima,A954F1FE-645E-F011-9112-08F1EAD81ED0,157927512,R00460,IT,POINT (8.8538043 45.9605269),FALSE,2024,22,Invasive Alien Species in Europe,https://easin.jrc.ec.europa.eu/ias/speciesreport/details/66c8794392d55051b26e2286,2025-07-11T16:39:31.517
[WGS84 - EPSG:4326],Ailanthus altissima,AF54F1FE-645E-F011-9112-08F1EAD81ED0,157927520,R00460,IT,POINT (8.8134317 45.7698412),FALSE,2024,22,Invasive Alien Species in Europe,https://easin.jrc.ec.europa.eu/ias/speciesreport/details/66e41968417bb32b3a0098a4,2025-07-11T16:39:31.517
[WGS84 - EPSG:4326],Ailanthus altissima,AC54F1FE-645E-F011-9112-08F1EAD81ED0,157927528,R00460,IT,POINT (8.6930665 45.8643565),FALSE,2024,22,Invasive Alien Species in Europe,https://easin.jrc.ec.europa.eu/ias/speciesreport/details/66b4f37942ea5f3793be094c,2025-07-11T16:39:31.517
[WGS84 - EPSG:4326],Ailanthus altissima,9E54F1FE-645E-F011-9112-08F1EAD81ED0,157927536,R00460,IT,POINT (13.7331949 43.085601),FALSE,2024,22,Invasive Alien Species in Europe,https://easin.jrc.ec.europa.eu/ias/speciesreport/details/669771a746d6df4bc5882d35,2025-07-11T16:39:31.517
[WGS84 - EPSG:4326],Impatiens glandulifera,9C54F1FE-645E-F011-9112-08F1EAD81ED0,157927544,R07719,IT,POINT (11.626385 46.01623),FALSE,2024,22,Invasive Alien Species in Europe,https://easin.jrc.ec.europa.eu/ias/speciesreport/details/66be1a236a666b614036e26c,2025-07-11T16:39:31.517
[WGS84 - EPSG:4326],Ailanthus altissima,9654F1FE-645E-F011-9112-08F1EAD81ED0,157927552,R00460,IT,POINT (8.6482073 45.8245086),FALSE,2024,22,Invasive Alien Species in Europe,https://easin.jrc.ec.europa.eu/ias/speciesreport/details/66aba46746d6df4bc5882d6b,2025-07-11T16:39:31.517
[WGS84 - EPSG:4326],Ailanthus altissima,9154F1FE-645E-F011-9112-08F1EAD81ED0,157927560,R00460,IT,POINT (8.7471848 45.97651),FALSE,2024,22,Invasive Alien Species in Europe,https://easin.jrc.ec.europa.eu/ias/speciesreport/details/66e19f913452cfa4741745c1,2025-07-11T16:39:31.517
[WGS84 - EPSG:4326],Ailanthus altissima,9254F1FE-645E-F011-9112-08F1EAD81ED0,157927568,R00460,ES,POINT (-0.6723286 38.5975458),FALSE,2024,22,Invasive Alien Species in Europe,https://easin.jrc.ec.europa.eu/ias/speciesreport/details/66cb5b2592d55051b26e229b,2025-07-11T16:39:31.517
[WGS84 - EPSG:4326],Ailanthus altissima,8954F1FE-645E-F011-9112-08F1EAD81ED0,157927576,R00460,IT,POINT (8.8511254 45.9587871),FALSE,2024,22,Invasive Alien Species in Europe,https://easin.jrc.ec.europa.eu/ias/speciesreport/details/66c87ab392d55051b26e2289,2025-07-11T16:39:31.517
[WGS84 - EPSG:4326],Ailanthus altissima,8754F1FE-645E-F011-9112-08F1EAD81ED0,157927584,R00460,IT,POINT (8.8923084 45.9222461),FALSE,2024,22,Invasive Alien Species in Europe,https://easin.jrc.ec.europa.eu/ias/speciesreport/details/66c86d4b92d55051b26e2272,2025-07-11T16:39:31.517
[WGS84 - EPSG:4326],Ailanthus altissima,8C54F1FE-645E-F011-9112-08F1EAD81ED0,157927592,R00460,IT,POINT (8.6628525 45.8727488),FALSE,2024,22,Invasive Alien Species in Europe,https://easin.jrc.ec.europa.eu/ias/speciesreport/details/66b1e0c946d6df4bc5882db9,2025-07-11T16:39:31.517
[WGS84 - EPSG:4326],Ailanthus altissima,8D54F1FE-645E-F011-9112-08F1EAD81ED0,157927600,R00460,IT,POINT (8.7668081 45.9123968),FALSE,2024,22,Invasive Alien Species in Europe,https://easin.jrc.ec.europa.eu/ias/speciesreport/details/66be2e606a666b614036e278,2025-07-11T16:39:31.517
[WGS84 - EPSG:4326],Ailanthus altissima,8E54F1FE-645E-F011-9112-08F1EAD81ED0,157927608,R00460,IT,POINT (8.8679368 45.8016683),FALSE,2024,22,Invasive Alien Species in Europe,https://easin.jrc.ec.europa.eu/ias/speciesreport/details/66c84f9092d55051b26e2254,2025-07-11T16:39:31.517
[WGS84 - EPSG:4326],Ailanthus altissima,8454F1FE-645E-F011-9112-08F1EAD81ED0,157927616,R00460,IT,POINT (8.7676725 45.9470524),FALSE,2024,22,Invasive Alien Species in Europe,https://easin.jrc.ec.europa.eu/ias/speciesreport/details/66e15cba3452cfa474174599,2025-07-11T16:39:31.517
[WGS84 - EPSG:4326],Ailanthus altissima,8054F1FE-645E-F011-9112-08F1EAD81ED0,157927624,R00460,IT,POINT (8.8244994 45.82335),FALSE,2024,22,Invasive Alien Species in Europe,https://easin.jrc.ec.europa.eu/ias/speciesreport/details/66ab2c8f46d6df4bc5882d43,2025-07-11T16:39:31.517
[WGS84 - EPSG:4326],Ailanthus altissima,8154F1FE-645E-F011-9112-08F1EAD81ED0,157927632,R00460,IT,POINT (8.6709841 45.8858412),FALSE,2024,22,Invasive Alien Species in Europe,https://easin.jrc.ec.europa.eu/ias/speciesreport/details/66b4767142ea5f3793be08fb,2025-07-11T16:39:31.517
[WGS84 - EPSG:4326],Procambarus clarkii,5155F1FE-645E-F011-9112-08F1EAD81ED0,157927640,R12250,IT,POINT (9.24374467867892 45.2382418695253),FALSE,2024,22,Invasive Alien Species in Europe,https://easin.jrc.ec.europa.eu/ias/speciesreport/details/668c275b46d6df4bc5882d1e,2025-07-11T16:39:31.517
[WGS84 - EPSG:4326],Ailanthus altissima,5355F1FE-645E-F011-9112-08F1EAD81ED0,157927648,R00460,IT,POINT (8.692352 45.8544602),FALSE,2024,22,Invasive Alien Species in Europe,https://easin.jrc.ec.europa.eu/ias/speciesreport/details/66b1ddf246d6df4bc5882db7,2025-07-11T16:39:31.517
[WGS84 - EPSG:4326],Cenchrus setaceus,4455F1FE-645E-F011-9112-08F1EAD81ED0,157927656,R03000,ES,POINT (-0.994397380709415 41.6565585852852),FALSE,2024,22,Invasive Alien Species in Europe,https://easin.jrc.ec.europa.eu/ias/speciesreport/details/66fc4cb8cf2ae23bf45e5352,2025-07-11T16:39:31.517
[WGS84 - EPSG:4326],Asclepias syriaca,4A55F1FE-645E-F011-9112-08F1EAD81ED0,157927664,R01529,IT,POINT (10.9163068079798 44.6537791572439),FALSE,2024,22,Invasive Alien Species in Europe,https://easin.jrc.ec.europa.eu/ias/speciesreport/details/66640b2a1e1c0b6ebb927788,2025-07-11T16:39:31.517
[WGS84 - EPSG:4326],Ailanthus altissima,4B55F1FE-645E-F011-9112-08F1EAD81ED0,157927672,R00460,IT,POINT (8.7503874 45.8886559),FALSE,2024,22,Invasive Alien Species in Europe,https://easin.jrc.ec.europa.eu/ias/speciesreport/details/66b4fb7242ea5f3793be0952,2025-07-11T16:39:31.517
[WGS84 - EPSG:4326],Ailanthus altissima,4C55F1FE-645E-F011-9112-08F1EAD81ED0,157927680,R00460,IT,POINT (8.8123443 45.8388762),FALSE,2024,22,Invasive Alien Species in Europe,https://easin.jrc.ec.europa.eu/ias/speciesreport/details/66b0a06c46d6df4bc5882d89,2025-07-11T16:39:31.517
[WGS84 - EPSG:4326],Pueraria montana (Lour.) Merr. var. lobata,3E55F1FE-645E-F011-9112-08F1EAD81ED0,157927688,R12644,IT,POINT (8.7328631 46.0927766),FALSE,2024,22,Invasive Alien Species in Europe,https://easin.jrc.ec.europa.eu/ias/speciesreport/details/66e176e13452cfa4741745b3,2025-07-11T16:39:31.517
[WGS84 - EPSG:4326],Ailanthus altissima,4255F1FE-645E-F011-9112-08F1EAD81ED0,157927696,R00460,IT,POINT (8.8666991 45.7196752),FALSE,2024,22,Invasive Alien Species in Europe,https://easin.jrc.ec.europa.eu/ias/speciesreport/details/6703968dcf2ae23bf45e535b,2025-07-11T16:39:31.517
[WGS84 - EPSG:4326],Ailanthus altissima,4055F1FE-645E-F011-9112-08F1EAD81ED0,157927704,R00460,ES,POINT (-0.7653678 38.6314413),FALSE,2024,22,Invasive Alien Species in Europe,https://easin.jrc.ec.europa.eu/ias/speciesreport/details/66cb486c92d55051b26e229a,2025-07-11T16:39:31.517
[WGS84 - EPSG:4326],Ailanthus altissima,3355F1FE-645E-F011-9112-08F1EAD81ED0,157927712,R00460,IT,POINT (8.8303149 45.8369264),FALSE,2024,22,Invasive Alien Species in Europe,https://easin.jrc.ec.europa.eu/ias/speciesreport/details/66b0a59646d6df4bc5882d90,2025-07-11T16:39:31.517
[WGS84 - EPSG:4326],Ailanthus altissima,3755F1FE-645E-F011-9112-08F1EAD81ED0,157927720,R00460,IT,POINT (8.7425377 45.9783364),FALSE,2024,22,Invasive Alien Species in Europe,https://easin.jrc.ec.europa.eu/ias/speciesreport/details/66e1618e3452cfa4741745a1,2025-07-11T16:39:31.517
[WGS84 - EPSG:4326],Ailanthus altissima,2A55F1FE-645E-F011-9112-08F1EAD81ED0,157927728,R00460,IT,POINT (8.8300579 45.8303806),FALSE,2024,22,Invasive Alien Species in Europe,https://easin.jrc.ec.europa.eu/ias/speciesreport/details/66b0f38046d6df4bc5882d94,2025-07-11T16:39:31.517
[WGS84 - EPSG:4326],Ailanthus altissima,2E55F1FE-645E-F011-9112-08F1EAD81ED0,157927736,R00460,IT,POINT (8.8155603 45.8378207),FALSE,2024,22,Invasive Alien Species in Europe,https://easin.jrc.ec.europa.eu/ias/speciesreport/details/66b09e6846d6df4bc5882d87,2025-07-11T16:39:31.517
[WGS84 - EPSG:4326],Ailanthus altissima,2155F1FE-645E-F011-9112-08F1EAD81ED0,157927744,R00460,IT,POINT (8.7086336 45.8374912),FALSE,2024,22,Invasive Alien Species in Europe,https://easin.jrc.ec.europa.eu/ias/speciesreport/details/66abad2546d6df4bc5882d73,2025-07-11T16:39:31.517
[WGS84 - EPSG:4326],Ailanthus altissima,2255F1FE-645E-F011-9112-08F1EAD81ED0,157927752,R00460,IT,POINT (8.8651863 45.7616052),FALSE,2024,22,Invasive Alien Species in Europe,https://easin.jrc.ec.europa.eu/ias/speciesreport/details/67039164cf2ae23bf45e5359,2025-07-11T16:39:31.517
[WGS84 - EPSG:4326],Ailanthus altissima,2755F1FE-645E-F011-9112-08F1EAD81ED0,157927760,R00460,IT,POINT (8.7021905 45.7977939),FALSE,2024,22,Invasive Alien Species in Europe,https://easin.jrc.ec.europa.eu/ias/speciesreport/details/66b2403846d6df4bc5882dd4,2025-07-11T16:39:31.517
[WGS84 - EPSG:4326],Ailanthus altissima,0F55F1FE-645E-F011-9112-08F1EAD81ED0,157927768,R00460,IT,POINT (8.8914747 45.9226831),FALSE,2024,22,Invasive Alien Species in Europe,https://easin.jrc.ec.europa.eu/ias/speciesreport/details/66c86dd592d55051b26e2273,2025-07-11T16:39:31.517
[WGS84 - EPSG:4326],Ailanthus altissima,1055F1FE-645E-F011-9112-08F1EAD81ED0,157927776,R00460,IT,POINT (8.6698983 45.8277774),FALSE,2024,22,Invasive Alien Species in Europe,https://easin.jrc.ec.europa.eu/ias/speciesreport/details/66b4ed3642ea5f3793be0945,2025-07-11T16:39:31.517
[WGS84 - EPSG:4326],Ailanthus altissima,1355F1FE-645E-F011-9112-08F1EAD81ED0,157927784,R00460,IT,POINT (8.7426947 46.00355),FALSE,2024,22,Invasive Alien Species in Europe,https://easin.jrc.ec.europa.eu/ias/speciesreport/details/66e1950c3452cfa4741745b5,2025-07-11T16:39:31.517
[WGS84 - EPSG:4326],Ailanthus altissima,1455F1FE-645E-F011-9112-08F1EAD81ED0,157927792,R00460,IT,POINT (8.8889781 45.7306846),FALSE,2024,22,Invasive Alien Species in Europe,https://easin.jrc.ec.europa.eu/ias/speciesreport/details/6703acedcf2ae23bf45e536b,2025-07-11T16:39:31.517
[WGS84 - EPSG:4326],Ailanthus altissima,1555F1FE-645E-F011-9112-08F1EAD81ED0,157927800,R00460,IT,POINT (8.8155829 45.8128456),FALSE,2024,22,Invasive Alien Species in Europe,https://easin.jrc.ec.europa.eu/ias/speciesreport/details/66f25ef9f0eda677be7a219a,2025-07-11T16:39:31.517
[WGS84 - EPSG:4326],Ailanthus altissima,1955F1FE-645E-F011-9112-08F1EAD81ED0,157927808,R00460,IT,POINT (8.7221672 45.843871),FALSE,2024,22,Invasive Alien Species in Europe,https://easin.jrc.ec.europa.eu/ias/speciesreport/details/66b1d0cb46d6df4bc5882da7,2025-07-11T16:39:31.517
[WGS84 - EPSG:4326],Ailanthus altissima,1B55F1FE-645E-F011-9112-08F1EAD81ED0,157927816,R00460,IT,POINT (8.8877807 45.9358953),FALSE,2024,22,Invasive Alien Species in Europe,https://easin.jrc.ec.europa.eu/ias/speciesreport/details/66c8710e92d55051b26e227b,2025-07-11T16:39:31.517
[WGS84 - EPSG:4326],Ailanthus altissima,C554F1FE-645E-F011-9112-08F1EAD81ED0,157927824,R00460,IT,POINT (8.6704545 45.8890156),FALSE,2024,22,Invasive Alien Species in Europe,https://easin.jrc.ec.europa.eu/ias/speciesreport/details/66b4779f42ea5f3793be08fd,2025-07-11T16:39:31.517
[WGS84 - EPSG:4326],Ailanthus altissima,C654F1FE-645E-F011-9112-08F1EAD81ED0,157927832,R00460,IT,POINT (8.7538674 45.7420347),FALSE,2024,22,Invasive Alien Species in Europe,https://easin.jrc.ec.europa.eu/ias/speciesreport/details/66f27421f0eda677be7a21b2,2025-07-11T16:39:31.517
[WGS84 - EPSG:4326],Ailanthus altissima,CB54F1FE-645E-F011-9112-08F1EAD81ED0,157927840,R00460,IT,POINT (8.6303531 45.8022162),FALSE,2024,22,Invasive Alien Species in Europe,https://easin.jrc.ec.europa.eu/ias/speciesreport/details/66b235e946d6df4bc5882dc9,2025-07-11T16:39:31.517
[WGS84 - EPSG:4326],Ailanthus altissima,C954F1FE-645E-F011-9112-08F1EAD81ED0,157927848,R00460,IT,POINT (8.8668872 45.7051245),FALSE,2024,22,Invasive Alien Species in Europe,https://easin.jrc.ec.europa.eu/ias/speciesreport/details/67039a67cf2ae23bf45e5360,2025-07-11T16:39:31.517
[WGS84 - EPSG:4326],Ailanthus altissima,E754F1FE-645E-F011-9112-08F1EAD81ED0,157927856,R00460,IT,POINT (8.8166928 45.8189877),FALSE,2024,22,Invasive Alien Species in Europe,https://easin.jrc.ec.europa.eu/ias/speciesreport/details/66f25c50f0eda677be7a2195,2025-07-11T16:39:31.517
[WGS84 - EPSG:4326],Ailanthus altissima,DA54F1FE-645E-F011-9112-08F1EAD81ED0,157927864,R00460,IT,POINT (8.888302 45.9303283),FALSE,2024,22,Invasive Alien Species in Europe,https://easin.jrc.ec.europa.eu/ias/speciesreport/details/66c86f1e92d55051b26e2276,2025-07-11T16:39:31.517
[WGS84 - EPSG:4326],Ailanthus altissima,0155F1FE-645E-F011-9112-08F1EAD81ED0,157927872,R00460,IT,POINT (8.8066627 45.7233806),FALSE,2024,22,Invasive Alien Species in Europe,https://easin.jrc.ec.europa.eu/ias/speciesreport/details/66e415da417bb32b3a0098a1,2025-07-11T16:39:31.517
[WGS84 - EPSG:4326],Ailanthus altissima,0755F1FE-645E-F011-9112-08F1EAD81ED0,157927880,R00460,IT,POINT (8.7637024 45.9578864),FALSE,2024,22,Invasive Alien Species in Europe,https://easin.jrc.ec.europa.eu/ias/speciesreport/details/66e1a9db3452cfa4741745d0,2025-07-11T16:39:31.517
[WGS84 - EPSG:4326],Ailanthus altissima,0C55F1FE-645E-F011-9112-08F1EAD81ED0,157927888,R00460,IT,POINT (8.9108739 45.9110018),FALSE,2024,22,Invasive Alien Species in Europe,https://easin.jrc.ec.europa.eu/ias/speciesreport/details/66c8684192d55051b26e2267,2025-07-11T16:39:31.517
[WGS84 - EPSG:4326],Ailanthus altissima,EF54F1FE-645E-F011-9112-08F1EAD81ED0,157927896,R00460,IT,POINT (8.7329233 45.904344),FALSE,2024,22,Invasive Alien Species in Europe,https://easin.jrc.ec.europa.eu/ias/speciesreport/details/66e1531e3452cfa474174591,2025-07-11T16:39:31.517
[WGS84 - EPSG:4326],Ailanthus altissima,E954F1FE-645E-F011-9112-08F1EAD81ED0,157927904,R00460,IT,POINT (8.7299403 45.7960072),FALSE,2024,22,Invasive Alien Species in Europe,https://easin.jrc.ec.europa.eu/ias/speciesreport/details/66b241a246d6df4bc5882dd6,2025-07-11T16:39:31.517
[WGS84 - EPSG:4326],Ailanthus altissima,EA54F1FE-645E-F011-9112-08F1EAD81ED0,157927912,R00460,IT,POINT (8.81629952906224 46.0849010761187),FALSE,2024,22,Invasive Alien Species in Europe,https://easin.jrc.ec.europa.eu/ias/speciesreport/details/66f25b6df0eda677be7a2193,2025-07-11T16:39:31.517
[WGS84 - EPSG:4326],Ailanthus altissima,F754F1FE-645E-F011-9112-08F1EAD81ED0,157927920,R00460,IT,POINT (8.8208399 45.8300469),FALSE,2024,22,Invasive Alien Species in Europe,https://easin.jrc.ec.europa.eu/ias/speciesreport/details/66b30cf446d6df4bc5882de9,2025-07-11T16:39:31.517
[WGS84 - EPSG:4326],Ailanthus altissima,F254F1FE-645E-F011-9112-08F1EAD81ED0,157927928,R00460,IT,POINT (8.7625732 45.9080839),FALSE,2024,22,Invasive Alien Species in Europe,https://easin.jrc.ec.europa.eu/ias/speciesreport/details/66be2e156a666b614036e277,2025-07-11T16:39:31.517
[WGS84 - EPSG:4326],Impatiens glandulifera,F454F1FE-645E-F011-9112-08F1EAD81ED0,157927936,R07719,BE,POINT (4.5218902 51.329942),FALSE,2024,22,Invasive Alien Species in Europe,https://easin.jrc.ec.europa.eu/ias/speciesreport/details/669258c146d6df4bc5882d20,2025-07-11T16:39:31.517
[WGS84 - EPSG:4326],Ailanthus altissima,D756F1FE-645E-F011-9112-08F1EAD81ED0,158286547,R00460,IT,POINT (8.6718412 45.8035413),FALSE,2024,22,Invasive Alien Species in Europe,https://easin.jrc.ec.europa.eu/ias/speciesreport/details/66b23c9f46d6df4bc5882dd0,2025-07-11T16:39:31.517
[WGS84 - EPSG:4326],Ailanthus altissima,D856F1FE-645E-F011-9112-08F1EAD81ED0,158286549,R00460,IT,POINT (8.854951 45.8098771),FALSE,2024,22,Invasive Alien Species in Europe,https://easin.jrc.ec.europa.eu/ias/speciesreport/details/66c84ea892d55051b26e2253,2025-07-11T16:39:31.517
[WGS84 - EPSG:4326],Ailanthus altissima,DC56F1FE-645E-F011-9112-08F1EAD81ED0,158286551,R00460,IT,POINT (8.869928 45.7759724),FALSE,2024,22,Invasive Alien Species in Europe,https://easin.jrc.ec.europa.eu/ias/speciesreport/details/6703b634cf2ae23bf45e537a,2025-07-11T16:39:31.517
[WGS84 - EPSG:4326],Ailanthus altissima,E456F1FE-645E-F011-9112-08F1EAD81ED0,158286553,R00460,IT,POINT (8.822273 45.8285805),FALSE,2024,22,Invasive Alien Species in Europe,https://easin.jrc.ec.europa.eu/ias/speciesreport/details/66b3083f46d6df4bc5882de2,2025-07-11T16:39:31.517
[WGS84 - EPSG:4326],Ailanthus altissima,E556F1FE-645E-F011-9112-08F1EAD81ED0,158286555,R00460,IT,POINT (8.8366404 45.8082654),FALSE,2024,22,Invasive Alien Species in Europe,https://easin.jrc.ec.europa.eu/ias/speciesreport/details/6703bdbacf2ae23bf45e537e,2025-07-11T16:39:31.517
[WGS84 - EPSG:4326],Ailanthus altissima,E056F1FE-645E-F011-9112-08F1EAD81ED0,158286557,R00460,IT,POINT (8.8333924 45.7988326),FALSE,2024,22,Invasive Alien Species in Europe,https://easin.jrc.ec.europa.eu/ias/speciesreport/details/66f2634ff0eda677be7a21a0,2025-07-11T16:39:31.517
[WGS84 - EPSG:4326],Ailanthus altissima,C656F1FE-645E-F011-9112-08F1EAD81ED0,158286559,R00460,IT,POINT (8.7389311 45.9837916),FALSE,2024,22,Invasive Alien Species in Europe,https://easin.jrc.ec.europa.eu/ias/speciesreport/details/66e163813452cfa4741745a5,2025-07-11T16:39:31.517
[WGS84 - EPSG:4326],Ailanthus altissima,C756F1FE-645E-F011-9112-08F1EAD81ED0,158286561,R00460,IT,POINT (8.8313181 45.7921532),FALSE,2024,22,Invasive Alien Species in Europe,https://easin.jrc.ec.europa.eu/ias/speciesreport/details/66f268d1f0eda677be7a21ab,2025-07-11T16:39:31.517
[WGS84 - EPSG:4326],Ailanthus altissima,C856F1FE-645E-F011-9112-08F1EAD81ED0,158286563,R00460,IT,POINT (8.8074465 45.810626),FALSE,2024,22,Invasive Alien Species in Europe,https://easin.jrc.ec.europa.eu/ias/speciesreport/details/66b24b1746d6df4bc5882dde,2025-07-11T16:39:31.517
[WGS84 - EPSG:4326],Ailanthus altissima,CB56F1FE-645E-F011-9112-08F1EAD81ED0,158286565,R00460,IT,POINT (8.7969927 45.8375634),FALSE,2024,22,Invasive Alien Species in Europe,https://easin.jrc.ec.europa.eu/ias/speciesreport/details/66b1c4e946d6df4bc5882d98,2025-07-11T16:39:31.517
[WGS84 - EPSG:4326],Ailanthus altissima,CC56F1FE-645E-F011-9112-08F1EAD81ED0,158286567,R00460,IT,POINT (8.8037122 45.8292949),FALSE,2024,22,Invasive Alien Species in Europe,https://easin.jrc.ec.europa.eu/ias/speciesreport/details/66e52d64417bb32b3a0098a8,2025-07-11T16:39:31.517
[WGS84 - EPSG:4326],Ailanthus altissima,D456F1FE-645E-F011-9112-08F1EAD81ED0,158286569,R00460,IT,POINT (8.6440572 45.8172656),FALSE,2024,22,Invasive Alien Species in Europe,https://easin.jrc.ec.europa.eu/ias/speciesreport/details/66aba08a46d6df4bc5882d68,2025-07-11T16:39:31.517
[WGS84 - EPSG:4326],Ailanthus altissima,D056F1FE-645E-F011-9112-08F1EAD81ED0,158286571,R00460,IT,POINT (8.6689658 45.8884018),FALSE,2024,22,Invasive Alien Species in Europe,https://easin.jrc.ec.europa.eu/ias/speciesreport/details/66b1e3c946d6df4bc5882dc0,2025-07-11T16:39:31.517
[WGS84 - EPSG:4326],Ailanthus altissima,F356F1FE-645E-F011-9112-08F1EAD81ED0,158286573,R00460,IT,POINT (8.8130145 45.824554),FALSE,2024,22,Invasive Alien Species in Europe,https://easin.jrc.ec.europa.eu/ias/speciesreport/details/66e53eee417bb32b3a0098ab,2025-07-11T16:39:31.517
[WGS84 - EPSG:4326],Ailanthus altissima,EA56F1FE-645E-F011-9112-08F1EAD81ED0,158286575,R00460,IT,POINT (8.6708416 45.8826254),FALSE,2024,22,Invasive Alien Species in Europe,https://easin.jrc.ec.europa.eu/ias/speciesreport/details/66b473f842ea5f3793be08f7,2025-07-11T16:39:31.517
[WGS84 - EPSG:4326],Ailanthus altissima,EB56F1FE-645E-F011-9112-08F1EAD81ED0,158286577,R00460,ES,POINT (-0.9777358 39.7310325),FALSE,2024,22,Invasive Alien Species in Europe,https://easin.jrc.ec.europa.eu/ias/speciesreport/details/66929d5546d6df4bc5882d21,2025-07-11T16:39:31.517
[WGS84 - EPSG:4326],Ailanthus altissima,EF56F1FE-645E-F011-9112-08F1EAD81ED0,158286579,R00460,IT,POINT (8.5916902 45.7885064),FALSE,2024,22,Invasive Alien Species in Europe,https://easin.jrc.ec.europa.eu/ias/speciesreport/details/66f29f45f0eda677be7a21c0,2025-07-11T16:39:31.517
[WGS84 - EPSG:4326],Ailanthus altissima,ED56F1FE-645E-F011-9112-08F1EAD81ED0,158286581,R00460,IT,POINT (8.8896313 45.9502857),FALSE,2024,22,Invasive Alien Species in Europe,https://easin.jrc.ec.europa.eu/ias/speciesreport/details/66c8741892d55051b26e227f,2025-07-11T16:39:31.517
[WGS84 - EPSG:4326],Ailanthus altissima,0957F1FE-645E-F011-9112-08F1EAD81ED0,158286583,R00460,IT,POINT (8.8356284 45.8261204),FALSE,2024,22,Invasive Alien Species in Europe,https://easin.jrc.ec.europa.eu/ias/speciesreport/details/670383bfcf2ae23bf45e5354,2025-07-11T16:39:31.517
[WGS84 - EPSG:4326],Ailanthus altissima,FC56F1FE-645E-F011-9112-08F1EAD81ED0,158286585,R00460,IT,POINT (8.8346401 45.7970708),FALSE,2024,22,Invasive Alien Species in Europe,https://easin.jrc.ec.europa.eu/ias/speciesreport/details/66f266e1f0eda677be7a21a7,2025-07-11T16:39:31.517
[WGS84 - EPSG:4326],Oxalis pes-caprae,1D57F1FE-645E-F011-9112-08F1EAD81ED0,158286587,R10619,ES,POINT (-6.7678312 37.5474312),FALSE,2024,22,Invasive Alien Species in Europe,https://easin.jrc.ec.europa.eu/ias/speciesreport/details/65a2bfbe1440de683e9d2409,2025-07-11T16:39:31.517
[WGS84 - EPSG:4326],Ailanthus altissima,1B57F1FE-645E-F011-9112-08F1EAD81ED0,158286589,R00460,IT,POINT (8.8136632 45.823665),FALSE,2024,22,Invasive Alien Species in Europe,https://easin.jrc.ec.europa.eu/ias/speciesreport/details/66ab30e946d6df4bc5882d49,2025-07-11T16:39:31.517
[WGS84 - EPSG:4326],Ailanthus altissima,0B57F1FE-645E-F011-9112-08F1EAD81ED0,158286591,R00460,IT,POINT (8.7572373 45.9620908),FALSE,2024,22,Invasive Alien Species in Europe,https://easin.jrc.ec.europa.eu/ias/speciesreport/details/66e1a8113452cfa4741745cc,2025-07-11T16:39:31.517
[WGS84 - EPSG:4326],Ailanthus altissima,1157F1FE-645E-F011-9112-08F1EAD81ED0,158286593,R00460,IT,POINT (8.8004942 45.8068911),FALSE,2024,22,Invasive Alien Species in Europe,https://easin.jrc.ec.europa.eu/ias/speciesreport/details/66b244a246d6df4bc5882dd7,2025-07-11T16:39:31.517
[WGS84 - EPSG:4326],Ailanthus altissima,2C57F1FE-645E-F011-9112-08F1EAD81ED0,158286595,R00460,IT,POINT (8.8289646 45.8304293),FALSE,2024,22,Invasive Alien Species in Europe,https://easin.jrc.ec.europa.eu/ias/speciesreport/details/66c8456d92d55051b26e2246,2025-07-11T16:39:31.517
[WGS84 - EPSG:4326],Ailanthus altissima,2557F1FE-645E-F011-9112-08F1EAD81ED0,158286597,R00460,IT,POINT (8.8288058 45.8304162),FALSE,2024,22,Invasive Alien Species in Europe,https://easin.jrc.ec.europa.eu/ias/speciesreport/details/66c8439992d55051b26e2245,2025-07-11T16:39:31.517
[WGS84 - EPSG:4326],Ailanthus altissima,3D57F1FE-645E-F011-9112-08F1EAD81ED0,158286599,R00460,IT,POINT (8.6613676 45.8406291),FALSE,2024,22,Invasive Alien Species in Europe,https://easin.jrc.ec.europa.eu/ias/speciesreport/details/66aba95846d6df4bc5882d70,2025-07-11T16:39:31.517
[WGS84 - EPSG:4326],Ailanthus altissima,3157F1FE-645E-F011-9112-08F1EAD81ED0,158286601,R00460,IT,POINT (8.8335355 45.7979636),FALSE,2024,22,Invasive Alien Species in Europe,https://easin.jrc.ec.europa.eu/ias/speciesreport/details/66f2654ff0eda677be7a21a4,2025-07-11T16:39:31.517
[WGS84 - EPSG:4326],Ailanthus altissima,3257F1FE-645E-F011-9112-08F1EAD81ED0,158286603,R00460,IT,POINT (8.897932 45.9118556),FALSE,2024,22,Invasive Alien Species in Europe,https://easin.jrc.ec.europa.eu/ias/speciesreport/details/66c8694092d55051b26e2269,2025-07-11T16:39:31.517
[WGS84 - EPSG:4326],Faxonius limosus,3357F1FE-645E-F011-9112-08F1EAD81ED0,158286605,R10443,IT,POINT (8.68126630772167 45.6341088774426),FALSE,2024,22,Invasive Alien Species in Europe,https://easin.jrc.ec.europa.eu/ias/speciesreport/details/66c5cf4a92d55051b26e2240,2025-07-11T16:39:31.517
[WGS84 - EPSG:4326],Ailanthus altissima,3A57F1FE-645E-F011-9112-08F1EAD81ED0,158286607,R00460,IT,POINT (8.6907861 45.8683665),FALSE,2024,22,Invasive Alien Species in Europe,https://easin.jrc.ec.europa.eu/ias/speciesreport/details/66b4f5b842ea5f3793be0950,2025-07-11T16:39:31.517
[WGS84 - EPSG:4326],Ailanthus altissima,4657F1FE-645E-F011-9112-08F1EAD81ED0,158286609,R00460,IT,POINT (8.7220683 45.8444689),FALSE,2024,22,Invasive Alien Species in Europe,https://easin.jrc.ec.europa.eu/ias/speciesreport/details/66b1d1f046d6df4bc5882da9,2025-07-11T16:39:31.517
[WGS84 - EPSG:4326],Ailanthus altissima,4D57F1FE-645E-F011-9112-08F1EAD81ED0,158286611,R00460,IT,POINT (8.6139384 45.8540786),FALSE,2024,22,Invasive Alien Species in Europe,https://easin.jrc.ec.europa.eu/ias/speciesreport/details/66b49a4a42ea5f3793be0935,2025-07-11T16:39:31.517
[WGS84 - EPSG:4326],Ailanthus altissima,5157F1FE-645E-F011-9112-08F1EAD81ED0,158286613,R00460,IT,POINT (8.598612 45.8896216),FALSE,2024,22,Invasive Alien Species in Europe,https://easin.jrc.ec.europa.eu/ias/speciesreport/details/66b4969b42ea5f3793be0932,2025-07-11T16:39:31.517
[WGS84 - EPSG:4326],Ailanthus altissima,5557F1FE-645E-F011-9112-08F1EAD81ED0,158286615,R00460,IT,POINT (8.6024803 45.7937587),FALSE,2024,22,Invasive Alien Species in Europe,https://easin.jrc.ec.europa.eu/ias/speciesreport/details/66f2a024f0eda677be7a21c1,2025-07-11T16:39:31.517
[WGS84 - EPSG:4326],Ailanthus altissima,5357F1FE-645E-F011-9112-08F1EAD81ED0,158286617,R00460,IT,POINT (8.8225749 45.8223976),FALSE,2024,22,Invasive Alien Species in Europe,https://easin.jrc.ec.europa.eu/ias/speciesreport/details/66e53d65417bb32b3a0098a9,2025-07-11T16:39:31.517
[WGS84 - EPSG:4326],Ailanthus altissima,7257F1FE-645E-F011-9112-08F1EAD81ED0,158286745,R00460,ES,POINT (-0.9777358 39.7310325),FALSE,2024,22,Invasive Alien Species in Europe,https://easin.jrc.ec.europa.eu/ias/speciesreport/details/6692a1ff46d6df4bc5882d25,2025-07-11T16:39:31.517
[WGS84 - EPSG:4326],Ailanthus altissima,6D57F1FE-645E-F011-9112-08F1EAD81ED0,158286749,R00460,IT,POINT (8.8260999 45.901059),FALSE,2024,22,Invasive Alien Species in Europe,https://easin.jrc.ec.europa.eu/ias/speciesreport/details/66c8834292d55051b26e2294,2025-07-11T16:39:31.517
[WGS84 - EPSG:4326],Ailanthus altissima,6E57F1FE-645E-F011-9112-08F1EAD81ED0,158286751,R00460,IT,POINT (8.6300182 45.8019855),FALSE,2024,22,Invasive Alien Species in Europe,https://easin.jrc.ec.europa.eu/ias/speciesreport/details/66b2356b46d6df4bc5882dc8,2025-07-11T16:39:31.517
[WGS84 - EPSG:4326],Ailanthus altissima,5757F1FE-645E-F011-9112-08F1EAD81ED0,158286753,R00460,IT,POINT (8.696144 45.8528672),FALSE,2024,22,Invasive Alien Species in Europe,https://easin.jrc.ec.europa.eu/ias/speciesreport/details/66b1dcd746d6df4bc5882db5,2025-07-11T16:39:31.517
[WGS84 - EPSG:4326],Ailanthus altissima,6157F1FE-645E-F011-9112-08F1EAD81ED0,158286755,R00460,IT,POINT (8.6063765 45.7374789),FALSE,2024,22,Invasive Alien Species in Europe,https://easin.jrc.ec.europa.eu/ias/speciesreport/details/66f28b03f0eda677be7a21ba,2025-07-11T16:39:31.517
[WGS84 - EPSG:4326],Ailanthus altissima,6357F1FE-645E-F011-9112-08F1EAD81ED0,158286757,R00460,IT,POINT (8.5995003 45.7559572),FALSE,2024,22,Invasive Alien Species in Europe,https://easin.jrc.ec.europa.eu/ias/speciesreport/details/66f28df4f0eda677be7a21bd,2025-07-11T16:39:31.517
[WGS84 - EPSG:4326],Ailanthus altissima,6956F1FE-645E-F011-9112-08F1EAD81ED0,158286759,R00460,IT,POINT (8.7565113 45.890543),FALSE,2024,22,Invasive Alien Species in Europe,https://easin.jrc.ec.europa.eu/ias/speciesreport/details/66b502c342ea5f3793be0955,2025-07-11T16:39:31.517
[WGS84 - EPSG:4326],Ailanthus altissima,6C56F1FE-645E-F011-9112-08F1EAD81ED0,158286761,R00460,IT,POINT (8.6052221 45.7966268),FALSE,2024,22,Invasive Alien Species in Europe,https://easin.jrc.ec.europa.eu/ias/speciesreport/details/66f2a1e8f0eda677be7a21c5,2025-07-11T16:39:31.517
[WGS84 - EPSG:4326],Ailanthus altissima,5D56F1FE-645E-F011-9112-08F1EAD81ED0,158286763,R00460,IT,POINT (8.7235968 45.8428662),FALSE,2024,22,Invasive Alien Species in Europe,https://easin.jrc.ec.europa.eu/ias/speciesreport/details/66b4710542ea5f3793be08f2,2025-07-11T16:39:31.517
[WGS84 - EPSG:4326],Ailanthus altissima,5E56F1FE-645E-F011-9112-08F1EAD81ED0,158286765,R00460,IT,POINT (8.9254758 45.8666627),FALSE,2024,22,Invasive Alien Species in Europe,https://easin.jrc.ec.europa.eu/ias/speciesreport/details/66c8587c92d55051b26e225a,2025-07-11T16:39:31.517
[WGS84 - EPSG:4326],Ailanthus altissima,5F56F1FE-645E-F011-9112-08F1EAD81ED0,158286767,R00460,IT,POINT (8.7942998 45.8099328),FALSE,2024,22,Invasive Alien Species in Europe,https://easin.jrc.ec.europa.eu/ias/speciesreport/details/66ab414746d6df4bc5882d63,2025-07-11T16:39:31.517
[WGS84 - EPSG:4326],Ailanthus altissima,6256F1FE-645E-F011-9112-08F1EAD81ED0,158286769,R00460,IT,POINT (8.8066065 45.7204326),FALSE,2024,22,Invasive Alien Species in Europe,https://easin.jrc.ec.europa.eu/ias/speciesreport/details/66e41552417bb32b3a0098a0,2025-07-11T16:39:31.517
[WGS84 - EPSG:4326],Ailanthus altissima,7456F1FE-645E-F011-9112-08F1EAD81ED0,158286771,R00460,IT,POINT (8.744194 45.9766872),FALSE,2024,22,Invasive Alien Species in Europe,https://easin.jrc.ec.europa.eu/ias/speciesreport/details/66e1613a3452cfa4741745a0,2025-07-11T16:39:31.517
[WGS84 - EPSG:4326],Ailanthus altissima,7556F1FE-645E-F011-9112-08F1EAD81ED0,158286773,R00460,IT,POINT (8.8007178 45.8325958),FALSE,2024,22,Invasive Alien Species in Europe,https://easin.jrc.ec.europa.eu/ias/speciesreport/details/66abbca546d6df4bc5882d7b,2025-07-11T16:39:31.517
[WGS84 - EPSG:4326],Ailanthus altissima,7056F1FE-645E-F011-9112-08F1EAD81ED0,158286775,R00460,IT,POINT (8.741426 45.983254),FALSE,2024,22,Invasive Alien Species in Europe,https://easin.jrc.ec.europa.eu/ias/speciesreport/details/66e19d9d3452cfa4741745be,2025-07-11T16:39:31.517
[WGS84 - EPSG:4326],Ailanthus altissima,6E56F1FE-645E-F011-9112-08F1EAD81ED0,158286777,R00460,IT,POINT (8.8398052 45.81941),FALSE,2024,22,Invasive Alien Species in Europe,https://easin.jrc.ec.europa.eu/ias/speciesreport/details/66c8472892d55051b26e224b,2025-07-11T16:39:31.517
[WGS84 - EPSG:4326],Ailanthus altissima,4656F1FE-645E-F011-9112-08F1EAD81ED0,158286779,R00460,IT,POINT (8.7330459 46.0545444),FALSE,2024,22,Invasive Alien Species in Europe,https://easin.jrc.ec.europa.eu/ias/speciesreport/details/66e184f53452cfa4741745b4,2025-07-11T16:39:31.517
[WGS84 - EPSG:4326],Ailanthus altissima,4756F1FE-645E-F011-9112-08F1EAD81ED0,158286781,R00460,IT,POINT (8.8324875 45.8476762),FALSE,2024,22,Invasive Alien Species in Europe,https://easin.jrc.ec.europa.eu/ias/speciesreport/details/66c6230f92d55051b26e2242,2025-07-11T16:39:31.517
[WGS84 - EPSG:4326],Ailanthus altissima,4956F1FE-645E-F011-9112-08F1EAD81ED0,158286783,R00460,IT,POINT (8.6693647 45.886868),FALSE,2024,22,Invasive Alien Species in Europe,https://easin.jrc.ec.europa.eu/ias/speciesreport/details/66b1e2c946d6df4bc5882dbd,2025-07-11T16:39:31.517
[WGS84 - EPSG:4326],Ailanthus altissima,4156F1FE-645E-F011-9112-08F1EAD81ED0,158286785,R00460,IT,POINT (8.8222055 45.8223652),FALSE,2024,22,Invasive Alien Species in Europe,https://easin.jrc.ec.europa.eu/ias/speciesreport/details/66ab2e3d46d6df4bc5882d45,2025-07-11T16:39:31.517
[WGS84 - EPSG:4326],Ailanthus altissima,4456F1FE-645E-F011-9112-08F1EAD81ED0,158286787,R00460,IT,POINT (8.8051728 45.8374516),FALSE,2024,22,Invasive Alien Species in Europe,https://easin.jrc.ec.europa.eu/ias/speciesreport/details/66acad6946d6df4bc5882d7f,2025-07-11T16:39:31.517
[WGS84 - EPSG:4326],Ailanthus altissima,3C56F1FE-645E-F011-9112-08F1EAD81ED0,158286789,R00460,IT,POINT (8.6561662 45.7075071),FALSE,2024,22,Invasive Alien Species in Europe,https://easin.jrc.ec.europa.eu/ias/speciesreport/details/66f286aaf0eda677be7a21b9,2025-07-11T16:39:31.517
[WGS84 - EPSG:4326],Ailanthus altissima,3F56F1FE-645E-F011-9112-08F1EAD81ED0,158286791,R00460,IT,POINT (8.7631848 45.9594181),FALSE,2024,22,Invasive Alien Species in Europe,https://easin.jrc.ec.europa.eu/ias/speciesreport/details/66e1a97f3452cfa4741745cf,2025-07-11T16:39:31.517
[WGS84 - EPSG:4326],Datura stramonium,4B56F1FE-645E-F011-9112-08F1EAD81ED0,158286793,R04854,ES,POINT (-3.3357243 41.0768607),FALSE,2024,22,Invasive Alien Species in Europe,https://easin.jrc.ec.europa.eu/ias/speciesreport/details/673873d3ce0691f04cc50847,2025-07-11T16:39:31.517
[WGS84 - EPSG:4326],Ailanthus altissima,4C56F1FE-645E-F011-9112-08F1EAD81ED0,158286795,R00460,IT,POINT (8.6349019 45.8371254),FALSE,2024,22,Invasive Alien Species in Europe,https://easin.jrc.ec.europa.eu/ias/speciesreport/details/66b4e57b42ea5f3793be093f,2025-07-11T16:39:31.517
[WGS84 - EPSG:4326],Ailanthus altissima,5A56F1FE-645E-F011-9112-08F1EAD81ED0,158286797,R00460,IT,POINT (8.8123735 45.8388338),FALSE,2024,22,Invasive Alien Species in Europe,https://easin.jrc.ec.europa.eu/ias/speciesreport/details/66b09f0646d6df4bc5882d88,2025-07-11T16:39:31.517
[WGS84 - EPSG:4326],Ailanthus altissima,5B56F1FE-645E-F011-9112-08F1EAD81ED0,158286799,R00460,IT,POINT (8.6139339 45.9067868),FALSE,2024,22,Invasive Alien Species in Europe,https://easin.jrc.ec.europa.eu/ias/speciesreport/details/66b491c542ea5f3793be092a,2025-07-11T16:39:31.517
[WGS84 - EPSG:4326],Ailanthus altissima,5556F1FE-645E-F011-9112-08F1EAD81ED0,158286801,R00460,IT,POINT (13.8916041 42.9362681),FALSE,2024,22,Invasive Alien Species in Europe,https://easin.jrc.ec.europa.eu/ias/speciesreport/details/669638d746d6df4bc5882d33,2025-07-11T16:39:31.517
[WGS84 - EPSG:4326],Ailanthus altissima,5656F1FE-645E-F011-9112-08F1EAD81ED0,158286803,R00460,IT,POINT (8.7596344 45.9154466),FALSE,2024,22,Invasive Alien Species in Europe,https://easin.jrc.ec.europa.eu/ias/speciesreport/details/66e1577a3452cfa474174594,2025-07-11T16:39:31.517
[WGS84 - EPSG:4326],Ailanthus altissima,5756F1FE-645E-F011-9112-08F1EAD81ED0,158286805,R00460,IT,POINT (8.8881184 45.9322457),FALSE,2024,22,Invasive Alien Species in Europe,https://easin.jrc.ec.europa.eu/ias/speciesreport/details/66c8709d92d55051b26e227a,2025-07-11T16:39:31.517
[WGS84 - EPSG:4326],Ailanthus altissima,B656F1FE-645E-F011-9112-08F1EAD81ED0,158286807,R00460,IT,POINT (8.8082988 45.8249512),FALSE,2024,22,Invasive Alien Species in Europe,https://easin.jrc.ec.europa.eu/ias/speciesreport/details/66ab33ae46d6df4bc5882d4d,2025-07-11T16:39:31.517
[WGS84 - EPSG:4326],Ailanthus altissima,B956F1FE-645E-F011-9112-08F1EAD81ED0,158286809,R00460,IT,POINT (8.7650014 45.839577),FALSE,2024,22,Invasive Alien Species in Europe,https://easin.jrc.ec.europa.eu/ias/speciesreport/details/66b1cbd846d6df4bc5882da1,2025-07-11T16:39:31.517
[WGS84 - EPSG:4326],Ailanthus altissima,BB56F1FE-645E-F011-9112-08F1EAD81ED0,158286811,R00460,IT,POINT (8.6835552 45.8920095),FALSE,2024,22,Invasive Alien Species in Europe,https://easin.jrc.ec.europa.eu/ias/speciesreport/details/66e14dcc3452cfa47417458e,2025-07-11T16:39:31.517
[WGS84 - EPSG:4326],Ailanthus altissima,BC56F1FE-645E-F011-9112-08F1EAD81ED0,158286813,R00460,IT,POINT (8.7532622 45.7450473),FALSE,2024,22,Invasive Alien Species in Europe,https://easin.jrc.ec.europa.eu/ias/speciesreport/details/66f27315f0eda677be7a21b0,2025-07-11T16:39:31.517
[WGS84 - EPSG:4326],Ailanthus altissima,BD56F1FE-645E-F011-9112-08F1EAD81ED0,158286815,R00460,IT,POINT (8.6470938 45.8944088),FALSE,2024,22,Invasive Alien Species in Europe,https://easin.jrc.ec.europa.eu/ias/speciesreport/details/66b488f442ea5f3793be091e,2025-07-11T16:39:31.517
[WGS84 - EPSG:4326],Ailanthus altissima,C456F1FE-645E-F011-9112-08F1EAD81ED0,158286817,R00460,IT,POINT (8.8009094 45.8433088),FALSE,2024,22,Invasive Alien Species in Europe,https://easin.jrc.ec.europa.eu/ias/speciesreport/details/66acab7046d6df4bc5882d7c,2025-07-11T16:39:31.517
[WGS84 - EPSG:4326],Trachemys scripta,A756F1FE-645E-F011-9112-08F1EAD81ED0,158286819,R18154,ES,POINT (-2.95929729938507 35.3140615033224),FALSE,2024,22,Invasive Alien Species in Europe,https://easin.jrc.ec.europa.eu/ias/speciesreport/details/67309810311965c8d07bf873,2025-07-11T16:39:31.517
[WGS84 - EPSG:4326],Ailanthus altissima,A556F1FE-645E-F011-9112-08F1EAD81ED0,158286821,R00460,IT,POINT (8.9137317 45.9127624),FALSE,2024,22,Invasive Alien Species in Europe,https://easin.jrc.ec.europa.eu/ias/speciesreport/details/66c8666692d55051b26e2266,2025-07-11T16:39:31.517
[WGS84 - EPSG:4326],Arundo donax,9E56F1FE-645E-F011-9112-08F1EAD81ED0,158286823,R01515,ES,POINT (-1.4323225 39.322943),FALSE,2024,22,Invasive Alien Species in Europe,https://easin.jrc.ec.europa.eu/ias/speciesreport/details/66fba56ecf2ae23bf45e534d,2025-07-11T16:39:31.517
[WGS84 - EPSG:4326],Oxalis pes-caprae,AD56F1FE-645E-F011-9112-08F1EAD81ED0,158286825,R10619,ES,POINT (-1.16643588257972 38.0185521438832),FALSE,2024,22,Invasive Alien Species in Europe,https://easin.jrc.ec.europa.eu/ias/speciesreport/details/65f413c3e61d43a71e2e6ebf,2025-07-11T16:39:31.517
[WGS84 - EPSG:4326],Ailanthus altissima,AE56F1FE-645E-F011-9112-08F1EAD81ED0,158286827,R00460,IT,POINT (8.8706738 45.801381),FALSE,2024,22,Invasive Alien Species in Europe,https://easin.jrc.ec.europa.eu/ias/speciesreport/details/6703877ecf2ae23bf45e5355,2025-07-11T16:39:31.517
[WGS84 - EPSG:4326],Ailanthus altissima,AA56F1FE-645E-F011-9112-08F1EAD81ED0,158286829,R00460,IT,POINT (8.87287 45.9565047),FALSE,2024,22,Invasive Alien Species in Europe,https://easin.jrc.ec.europa.eu/ias/speciesreport/details/66c874d892d55051b26e2280,2025-07-11T16:39:31.517
[WGS84 - EPSG:4326],Ailanthus altissima,9C56F1FE-645E-F011-9112-08F1EAD81ED0,158286831,R00460,IT,POINT (8.6471255 45.8943114),FALSE,2024,22,Invasive Alien Species in Europe,https://easin.jrc.ec.europa.eu/ias/speciesreport/details/66b488aa42ea5f3793be091d,2025-07-11T16:39:31.517
[WGS84 - EPSG:4326],Ailanthus altissima,9A56F1FE-645E-F011-9112-08F1EAD81ED0,158286833,R00460,IT,POINT (8.6001119 45.7598818),FALSE,2024,22,Invasive Alien Species in Europe,https://easin.jrc.ec.europa.eu/ias/speciesreport/details/66f28f38f0eda677be7a21be,2025-07-11T16:39:31.517
[WGS84 - EPSG:4326],Ailanthus altissima,A156F1FE-645E-F011-9112-08F1EAD81ED0,158286835,R00460,IT,POINT (8.8227377 45.822306),FALSE,2024,22,Invasive Alien Species in Europe,https://easin.jrc.ec.europa.eu/ias/speciesreport/details/66e53ddb417bb32b3a0098aa,2025-07-11T16:39:31.517
[WGS84 - EPSG:4326],Ailanthus altissima,A256F1FE-645E-F011-9112-08F1EAD81ED0,158286837,R00460,IT,POINT (8.8219996 45.828703),FALSE,2024,22,Invasive Alien Species in Europe,https://easin.jrc.ec.europa.eu/ias/speciesreport/details/66b30be446d6df4bc5882de7,2025-07-11T16:39:31.517
[WGS84 - EPSG:4326],Ailanthus altissima,8356F1FE-645E-F011-9112-08F1EAD81ED0,158286839,R00460,IT,POINT (8.725159 45.8402357),FALSE,2024,22,Invasive Alien Species in Europe,https://easin.jrc.ec.europa.eu/ias/speciesreport/details/66abb41646d6df4bc5882d78,2025-07-11T16:39:31.517
[WGS84 - EPSG:4326],Ailanthus altissima,8156F1FE-645E-F011-9112-08F1EAD81ED0,158286841,R00460,IT,POINT (8.7183325 45.8447624),FALSE,2024,22,Invasive Alien Species in Europe,https://easin.jrc.ec.europa.eu/ias/speciesreport/details/66b1d38e46d6df4bc5882dac,2025-07-11T16:39:31.517
[WGS84 - EPSG:4326],Ailanthus altissima,7D56F1FE-645E-F011-9112-08F1EAD81ED0,158286843,R00460,IT,POINT (8.7625305 45.9074928),FALSE,2024,22,Invasive Alien Species in Europe,https://easin.jrc.ec.europa.eu/ias/speciesreport/details/66be29ee6a666b614036e276,2025-07-11T16:39:31.517
[WGS84 - EPSG:4326],Ailanthus altissima,7E56F1FE-645E-F011-9112-08F1EAD81ED0,158286845,R00460,IT,POINT (8.6095916 45.8012122),FALSE,2024,22,Invasive Alien Species in Europe,https://easin.jrc.ec.europa.eu/ias/speciesreport/details/66f2a3c6f0eda677be7a21ca,2025-07-11T16:39:31.517
[WGS84 - EPSG:4326],Ailanthus altissima,8F56F1FE-645E-F011-9112-08F1EAD81ED0,158286847,R00460,IT,POINT (8.8430012 45.8174269),FALSE,2024,22,Invasive Alien Species in Europe,https://easin.jrc.ec.europa.eu/ias/speciesreport/details/66c847da92d55051b26e224d,2025-07-11T16:39:31.517
[WGS84 - EPSG:4326],Ailanthus altissima,8B56F1FE-645E-F011-9112-08F1EAD81ED0,158286849,R00460,IT,POINT (8.7491716 46.0268343),FALSE,2024,22,Invasive Alien Species in Europe,https://easin.jrc.ec.europa.eu/ias/speciesreport/details/66e196e23452cfa4741745b9,2025-07-11T16:39:31.517
[WGS84 - EPSG:4326],Ailanthus altissima,8C56F1FE-645E-F011-9112-08F1EAD81ED0,158286851,R00460,IT,POINT (8.885063 45.7325473),FALSE,2024,22,Invasive Alien Species in Europe,https://easin.jrc.ec.europa.eu/ias/speciesreport/details/6703adebcf2ae23bf45e536c,2025-07-11T16:39:31.517
[WGS84 - EPSG:4326],Ailanthus altissima,3056F1FE-645E-F011-9112-08F1EAD81ED0,158286853,R00460,IT,POINT (8.6460776 45.8944049),FALSE,2024,22,Invasive Alien Species in Europe,https://easin.jrc.ec.europa.eu/ias/speciesreport/details/66b489ad42ea5f3793be091f,2025-07-11T16:39:31.517
[WGS84 - EPSG:4326],Ailanthus altissima,3156F1FE-645E-F011-9112-08F1EAD81ED0,158286855,R00460,IT,POINT (8.8126705 45.825714),FALSE,2024,22,Invasive Alien Species in Europe,https://easin.jrc.ec.europa.eu/ias/speciesreport/details/66ab35e146d6df4bc5882d51,2025-07-11T16:39:31.517
[WGS84 - EPSG:4326],Ailanthus altissima,3256F1FE-645E-F011-9112-08F1EAD81ED0,158286857,R00460,IT,POINT (8.8499123 45.8143975),FALSE,2024,22,Invasive Alien Species in Europe,https://easin.jrc.ec.europa.eu/ias/speciesreport/details/66c84a4492d55051b26e224f,2025-07-11T16:39:31.517
[WGS84 - EPSG:4326],Ailanthus altissima,3656F1FE-645E-F011-9112-08F1EAD81ED0,158286859,R00460,ES,POINT (-1.5735901 39.1504315),FALSE,2024,22,Invasive Alien Species in Europe,https://easin.jrc.ec.europa.eu/ias/speciesreport/details/67150a67aadc4d9bd742d50e,2025-07-11T16:39:31.517
[WGS84 - EPSG:4326],Asclepias syriaca,3756F1FE-645E-F011-9112-08F1EAD81ED0,158286861,R01529,IT,POINT (8.8268716 45.7791137),FALSE,2024,22,Invasive Alien Species in Europe,https://easin.jrc.ec.europa.eu/ias/speciesreport/details/666aa721f07f4cde7cb49b87,2025-07-11T16:39:31.517
[WGS84 - EPSG:4326],Ailanthus altissima,3856F1FE-645E-F011-9112-08F1EAD81ED0,158286863,R00460,IT,POINT (8.9033147 45.9014924),FALSE,2024,22,Invasive Alien Species in Europe,https://easin.jrc.ec.europa.eu/ias/speciesreport/details/66c8643992d55051b26e2263,2025-07-11T16:39:31.517
[WGS84 - EPSG:4326],Ailanthus altissima,2A56F1FE-645E-F011-9112-08F1EAD81ED0,158286865,R00460,IT,POINT (8.6612713 45.8405846),FALSE,2024,22,Invasive Alien Species in Europe,https://easin.jrc.ec.europa.eu/ias/speciesreport/details/66aba6fc46d6df4bc5882d6e,2025-07-11T16:39:31.517
[WGS84 - EPSG:4326],Ailanthus altissima,2B56F1FE-645E-F011-9112-08F1EAD81ED0,158286867,R00460,IT,POINT (8.8631984 45.959753),FALSE,2024,22,Invasive Alien Species in Europe,https://easin.jrc.ec.europa.eu/ias/speciesreport/details/66c8757192d55051b26e2281,2025-07-11T16:39:31.517
[WGS84 - EPSG:4326],Ailanthus altissima,2356F1FE-645E-F011-9112-08F1EAD81ED0,158286869,R00460,IT,POINT (8.8226461 45.9202815),FALSE,2024,22,Invasive Alien Species in Europe,https://easin.jrc.ec.europa.eu/ias/speciesreport/details/66c87f7792d55051b26e228d,2025-07-11T16:39:31.517
[WGS84 - EPSG:4326],Ailanthus altissima,2156F1FE-645E-F011-9112-08F1EAD81ED0,158286871,R00460,IT,POINT (8.7520141 46.0222733),FALSE,2024,22,Invasive Alien Species in Europe,https://easin.jrc.ec.europa.eu/ias/speciesreport/details/66e16dfd3452cfa4741745ad,2025-07-11T16:39:31.517
[WGS84 - EPSG:4326],Eucalyptus globulus,1956F1FE-645E-F011-9112-08F1EAD81ED0,158286873,R06002,ES,POINT (-0.980619 39.7370062),FALSE,2024,22,Invasive Alien Species in Europe,https://easin.jrc.ec.europa.eu/ias/speciesreport/details/6692a4dd46d6df4bc5882d26,2025-07-11T16:39:31.517
[WGS84 - EPSG:4326],Ailanthus altissima,1756F1FE-645E-F011-9112-08F1EAD81ED0,158286875,R00460,IT,POINT (8.6735028 45.8789609),FALSE,2024,22,Invasive Alien Species in Europe,https://easin.jrc.ec.europa.eu/ias/speciesreport/details/66b472bf42ea5f3793be08f5,2025-07-11T16:39:31.517
[WGS84 - EPSG:4326],Ailanthus altissima,1356F1FE-645E-F011-9112-08F1EAD81ED0,158286877,R00460,IT,POINT (8.6696898 45.8859719),FALSE,2024,22,Invasive Alien Species in Europe,https://easin.jrc.ec.europa.eu/ias/speciesreport/details/66b1e27546d6df4bc5882dbc,2025-07-11T16:39:31.517
[WGS84 - EPSG:4326],Ailanthus altissima,1456F1FE-645E-F011-9112-08F1EAD81ED0,158286879,R00460,IT,POINT (8.5967856 45.8768115),FALSE,2024,22,Invasive Alien Species in Europe,https://easin.jrc.ec.europa.eu/ias/speciesreport/details/672ce8cdbf131dbdc2349551,2025-07-11T16:39:31.517
[WGS84 - EPSG:4326],Ailanthus altissima,1156F1FE-645E-F011-9112-08F1EAD81ED0,158286881,R00460,IT,POINT (8.6611222 45.8404896),FALSE,2024,22,Invasive Alien Species in Europe,https://easin.jrc.ec.europa.eu/ias/speciesreport/details/66aba6be46d6df4bc5882d6d,2025-07-11T16:39:31.517
[WGS84 - EPSG:4326],Ailanthus altissima,0C56F1FE-645E-F011-9112-08F1EAD81ED0,158286883,R00460,IT,POINT (8.842867 45.8174433),FALSE,2024,22,Invasive Alien Species in Europe,https://easin.jrc.ec.europa.eu/ias/speciesreport/details/66c8475e92d55051b26e224c,2025-07-11T16:39:31.517
[WGS84 - EPSG:4326],Ailanthus altissima,0D56F1FE-645E-F011-9112-08F1EAD81ED0,158286885,R00460,IT,POINT (8.733771 46.0904525),FALSE,2024,22,Invasive Alien Species in Europe,https://easin.jrc.ec.europa.eu/ias/speciesreport/details/66f25b28f0eda677be7a2192,2025-07-11T16:39:31.517
[WGS84 - EPSG:4326],Myiopsitta monachus,0E56F1FE-645E-F011-9112-08F1EAD81ED0,158286887,R09715,ES,POINT (-4.533658 36.5862158),FALSE,2024,22,Invasive Alien Species in Europe,https://easin.jrc.ec.europa.eu/ias/speciesreport/details/66b0a3f746d6df4bc5882d8e,2025-07-11T16:39:31.517
[WGS84 - EPSG:4326],Ailanthus altissima,0856F1FE-645E-F011-9112-08F1EAD81ED0,158286889,R00460,IT,POINT (8.6095533 45.8011975),FALSE,2024,22,Invasive Alien Species in Europe,https://easin.jrc.ec.europa.eu/ias/speciesreport/details/66f2a385f0eda677be7a21c9,2025-07-11T16:39:31.517
[WGS84 - EPSG:4326],Ailanthus altissima,0956F1FE-645E-F011-9112-08F1EAD81ED0,158286891,R00460,IT,POINT (8.8051842 45.8396959),FALSE,2024,22,Invasive Alien Species in Europe,https://easin.jrc.ec.europa.eu/ias/speciesreport/details/66b1c9e746d6df4bc5882d9f,2025-07-11T16:39:31.517
[WGS84 - EPSG:4326],Ailanthus altissima,0A56F1FE-645E-F011-9112-08F1EAD81ED0,158286893,R00460,IT,POINT (8.7563219 45.968076),FALSE,2024,22,Invasive Alien Species in Europe,https://easin.jrc.ec.europa.eu/ias/speciesreport/details/66e1a2d93452cfa4741745c7,2025-07-11T16:39:31.517
[WGS84 - EPSG:4326],Ailanthus altissima,F755F1FE-645E-F011-9112-08F1EAD81ED0,158286895,R00460,ES,POINT (-0.9840203 39.7413223),FALSE,2024,22,Invasive Alien Species in Europe,https://easin.jrc.ec.europa.eu/ias/speciesreport/details/6692a51346d6df4bc5882d27,2025-07-11T16:39:31.517
[WGS84 - EPSG:4326],Ailanthus altissima,F855F1FE-645E-F011-9112-08F1EAD81ED0,158286897,R00460,IT,POINT (9.1615039 45.1790648),FALSE,2024,22,Invasive Alien Species in Europe,https://easin.jrc.ec.europa.eu/ias/speciesreport/details/66eee2e3c20837c8d45e04db,2025-07-11T16:39:31.517
[WGS84 - EPSG:4326],Ailanthus altissima,F955F1FE-645E-F011-9112-08F1EAD81ED0,158286899,R00460,IT,POINT (8.805435 45.825385),FALSE,2024,22,Invasive Alien Species in Europe,https://easin.jrc.ec.europa.eu/ias/speciesreport/details/66ab3abe46d6df4bc5882d58,2025-07-11T16:39:31.517
[WGS84 - EPSG:4326],Ailanthus altissima,F355F1FE-645E-F011-9112-08F1EAD81ED0,158286901,R00460,IT,POINT (8.6860558 45.8041958),FALSE,2024,22,Invasive Alien Species in Europe,https://easin.jrc.ec.europa.eu/ias/speciesreport/details/66b23d7d46d6df4bc5882dd2,2025-07-11T16:39:31.517
[WGS84 - EPSG:4326],Ailanthus altissima,EE55F1FE-645E-F011-9112-08F1EAD81ED0,158286903,R00460,IT,POINT (8.6378856 45.837669),FALSE,2024,22,Invasive Alien Species in Europe,https://easin.jrc.ec.europa.eu/ias/speciesreport/details/66b4e6d442ea5f3793be0940,2025-07-11T16:39:31.517
[WGS84 - EPSG:4326],Ailanthus altissima,EF55F1FE-645E-F011-9112-08F1EAD81ED0,158286905,R00460,IT,POINT (8.8535508 45.9612931),FALSE,2024,22,Invasive Alien Species in Europe,https://easin.jrc.ec.europa.eu/ias/speciesreport/details/66c878b592d55051b26e2285,2025-07-11T16:39:31.517
[WGS84 - EPSG:4326],Ailanthus altissima,EA55F1FE-645E-F011-9112-08F1EAD81ED0,158286907,R00460,IT,POINT (8.7653197 45.95301),FALSE,2024,22,Invasive Alien Species in Europe,https://easin.jrc.ec.europa.eu/ias/speciesreport/details/66e15d473452cfa47417459a,2025-07-11T16:39:31.517
[WGS84 - EPSG:4326],Ailanthus altissima,EC55F1FE-645E-F011-9112-08F1EAD81ED0,158286909,R00460,IT,POINT (8.8238398 45.8236271),FALSE,2024,22,Invasive Alien Species in Europe,https://easin.jrc.ec.europa.eu/ias/speciesreport/details/66ab2d7346d6df4bc5882d44,2025-07-11T16:39:31.517
[WGS84 - EPSG:4326],Ailanthus altissima,FC55F1FE-645E-F011-9112-08F1EAD81ED0,158286911,R00460,IT,POINT (8.607978 45.7991296),FALSE,2024,22,Invasive Alien Species in Europe,https://easin.jrc.ec.europa.eu/ias/speciesreport/details/66f2a330f0eda677be7a21c8,2025-07-11T16:39:31.517
[WGS84 - EPSG:4326],Ailanthus altissima,FD55F1FE-645E-F011-9112-08F1EAD81ED0,158286913,R00460,IT,POINT (8.6906835 45.8677594),FALSE,2024,22,Invasive Alien Species in Europe,https://easin.jrc.ec.europa.eu/ias/speciesreport/details/66b4f4fe42ea5f3793be094e,2025-07-11T16:39:31.517
[WGS84 - EPSG:4326],Ailanthus altissima,FE55F1FE-645E-F011-9112-08F1EAD81ED0,158286915,R00460,IT,POINT (8.7723086 45.9383771),FALSE,2024,22,Invasive Alien Species in Europe,https://easin.jrc.ec.europa.eu/ias/speciesreport/details/66e15b313452cfa474174597,2025-07-11T16:39:31.517
[WGS84 - EPSG:4326],Ailanthus altissima,FF55F1FE-645E-F011-9112-08F1EAD81ED0,158286917,R00460,IT,POINT (8.7271429 45.8427497),FALSE,2024,22,Invasive Alien Species in Europe,https://easin.jrc.ec.europa.eu/ias/speciesreport/details/66b1cf9446d6df4bc5882da5,2025-07-11T16:39:31.517
[WGS84 - EPSG:4326],Ailanthus altissima,0056F1FE-645E-F011-9112-08F1EAD81ED0,158286919,R00460,IT,POINT (8.6645705 45.8972112),FALSE,2024,22,Invasive Alien Species in Europe,https://easin.jrc.ec.europa.eu/ias/speciesreport/details/66b47e6b42ea5f3793be090a,2025-07-11T16:39:31.517
[WGS84 - EPSG:4326],Ailanthus altissima,0156F1FE-645E-F011-9112-08F1EAD81ED0,158286921,R00460,IT,POINT (8.7259603 45.8427014),FALSE,2024,22,Invasive Alien Species in Europe,https://easin.jrc.ec.europa.eu/ias/speciesreport/details/66b1d05446d6df4bc5882da6,2025-07-11T16:39:31.517
[WGS84 - EPSG:4326],Ailanthus altissima,0256F1FE-645E-F011-9112-08F1EAD81ED0,158286923,R00460,IT,POINT (8.8056138 45.8206352),FALSE,2024,22,Invasive Alien Species in Europe,https://easin.jrc.ec.europa.eu/ias/speciesreport/details/66ab3ce046d6df4bc5882d5c,2025-07-11T16:39:31.517
[WGS84 - EPSG:4326],Ailanthus altissima,0356F1FE-645E-F011-9112-08F1EAD81ED0,158286925,R00460,IT,POINT (8.8773167 45.8105605),FALSE,2024,22,Invasive Alien Species in Europe,https://easin.jrc.ec.europa.eu/ias/speciesreport/details/66c854a692d55051b26e2258,2025-07-11T16:39:31.517
[WGS84 - EPSG:4326],Agave americana subsp. americana,0456F1FE-645E-F011-9112-08F1EAD81ED0,158286927,R00382,ES,POINT (-1.4832218 39.3317974),FALSE,2024,22,Invasive Alien Species in Europe,https://easin.jrc.ec.europa.eu/ias/speciesreport/details/66fbab6fcf2ae23bf45e534f,2025-07-11T16:39:31.517
[WGS84 - EPSG:4326],Ailanthus altissima,0556F1FE-645E-F011-9112-08F1EAD81ED0,158286929,R00460,IT,POINT (8.8248421 45.9171615),FALSE,2024,22,Invasive Alien Species in Europe,https://easin.jrc.ec.europa.eu/ias/speciesreport/details/66c8811992d55051b26e2290,2025-07-11T16:39:31.517
[WGS84 - EPSG:4326],Ailanthus altissima,E755F1FE-645E-F011-9112-08F1EAD81ED0,158286931,R00460,IT,POINT (8.8151721 45.8127969),FALSE,2024,22,Invasive Alien Species in Europe,https://easin.jrc.ec.europa.eu/ias/speciesreport/details/66f25eb4f0eda677be7a2199,2025-07-11T16:39:31.517
[WGS84 - EPSG:4326],Ailanthus altissima,E455F1FE-645E-F011-9112-08F1EAD81ED0,158286933,R00460,IT,POINT (8.8077067 45.806125),FALSE,2024,22,Invasive Alien Species in Europe,https://easin.jrc.ec.europa.eu/ias/speciesreport/details/66b24aba46d6df4bc5882ddd,2025-07-11T16:39:31.517
[WGS84 - EPSG:4326],Ailanthus altissima,E255F1FE-645E-F011-9112-08F1EAD81ED0,158286935,R00460,IT,POINT (8.8991099 45.9180094),FALSE,2024,22,Invasive Alien Species in Europe,https://easin.jrc.ec.europa.eu/ias/speciesreport/details/66c86c5592d55051b26e2270,2025-07-11T16:39:31.517
[WGS84 - EPSG:4326],Ailanthus altissima,E055F1FE-645E-F011-9112-08F1EAD81ED0,158286937,R00460,IT,POINT (8.7064678 46.060893),FALSE,2024,22,Invasive Alien Species in Europe,https://easin.jrc.ec.europa.eu/ias/speciesreport/details/66e170e23452cfa4741745af,2025-07-11T16:39:31.517
[WGS84 - EPSG:4326],Impatiens glandulifera,DA55F1FE-645E-F011-9112-08F1EAD81ED0,158286939,R07719,IT,POINT (8.748102 45.9723786),FALSE,2024,22,Invasive Alien Species in Europe,https://easin.jrc.ec.europa.eu/ias/speciesreport/details/66e15fd33452cfa47417459c,2025-07-11T16:39:31.517
[WGS84 - EPSG:4326],Ailanthus altissima,DE55F1FE-645E-F011-9112-08F1EAD81ED0,158286941,R00460,IT,POINT (8.7673449 45.9548769),FALSE,2024,22,Invasive Alien Species in Europe,https://easin.jrc.ec.europa.eu/ias/speciesreport/details/66e1ad633452cfa4741745d5,2025-07-11T16:39:31.517
[WGS84 - EPSG:4326],Ailanthus altissima,D455F1FE-645E-F011-9112-08F1EAD81ED0,158286943,R00460,IT,POINT (8.7323609 45.9953942),FALSE,2024,22,Invasive Alien Species in Europe,https://easin.jrc.ec.europa.eu/ias/speciesreport/details/66e19b0b3452cfa4741745bb,2025-07-11T16:39:31.517
[WGS84 - EPSG:4326],Procambarus clarkii,D055F1FE-645E-F011-9112-08F1EAD81ED0,158286945,R12250,IT,POINT (11.4647591114044 44.3112551775087),FALSE,2024,22,Invasive Alien Species in Europe,https://easin.jrc.ec.europa.eu/ias/speciesreport/details/66887ffd46d6df4bc5882d1c,2025-07-11T16:39:31.517
[WGS84 - EPSG:4326],Ailanthus altissima,D155F1FE-645E-F011-9112-08F1EAD81ED0,158286947,R00460,IT,POINT (8.7153653 45.8451586),FALSE,2024,22,Invasive Alien Species in Europe,https://easin.jrc.ec.europa.eu/ias/speciesreport/details/66b1d67b46d6df4bc5882db0,2025-07-11T16:39:31.517
[WGS84 - EPSG:4326],Ailanthus altissima,CE55F1FE-645E-F011-9112-08F1EAD81ED0,158286949,R00460,IT,POINT (8.6664321 45.8950504),FALSE,2024,22,Invasive Alien Species in Europe,https://easin.jrc.ec.europa.eu/ias/speciesreport/details/66b47ba242ea5f3793be0905,2025-07-11T16:39:31.517
[WGS84 - EPSG:4326],Ailanthus altissima,CB55F1FE-645E-F011-9112-08F1EAD81ED0,158286951,R00460,IT,POINT (8.8989571 45.9168911),FALSE,2024,22,Invasive Alien Species in Europe,https://easin.jrc.ec.europa.eu/ias/speciesreport/details/66c86baf92d55051b26e226f,2025-07-11T16:39:31.517
[WGS84 - EPSG:4326],Ailanthus altissima,B055F1FE-645E-F011-9112-08F1EAD81ED0,158286953,R00460,IT,POINT (8.7080628 45.837298),FALSE,2024,22,Invasive Alien Species in Europe,https://easin.jrc.ec.europa.eu/ias/speciesreport/details/66abacbb46d6df4bc5882d72,2025-07-11T16:39:31.517
[WGS84 - EPSG:4326],Ailanthus altissima,A555F1FE-645E-F011-9112-08F1EAD81ED0,158286955,R00460,IT,POINT (8.6139349 45.854073),FALSE,2024,22,Invasive Alien Species in Europe,https://easin.jrc.ec.europa.eu/ias/speciesreport/details/66b49aa942ea5f3793be0936,2025-07-11T16:39:31.517
[WGS84 - EPSG:4326],Ailanthus altissima,BA55F1FE-645E-F011-9112-08F1EAD81ED0,158286957,R00460,IT,POINT (8.6728965 45.8790911),FALSE,2024,22,Invasive Alien Species in Europe,https://easin.jrc.ec.europa.eu/ias/speciesreport/details/66b4737e42ea5f3793be08f6,2025-07-11T16:39:31.517
[WGS84 - EPSG:4326],Ailanthus altissima,BD55F1FE-645E-F011-9112-08F1EAD81ED0,158286959,R00460,IT,POINT (8.7025641 45.8368813),FALSE,2024,22,Invasive Alien Species in Europe,https://easin.jrc.ec.europa.eu/ias/speciesreport/details/66b4edfa42ea5f3793be0946,2025-07-11T16:39:31.517
[WGS84 - EPSG:4326],Ailanthus altissima,BE55F1FE-645E-F011-9112-08F1EAD81ED0,158286961,R00460,IT,POINT (8.7521056 45.8898434),FALSE,2024,22,Invasive Alien Species in Europe,https://easin.jrc.ec.europa.eu/ias/speciesreport/details/66b4fbe742ea5f3793be0953,2025-07-11T16:39:31.517
[WGS84 - EPSG:4326],Ailanthus altissima,C055F1FE-645E-F011-9112-08F1EAD81ED0,158286963,R00460,IT,POINT (8.6695381 45.8933658),FALSE,2024,22,Invasive Alien Species in Europe,https://easin.jrc.ec.europa.eu/ias/speciesreport/details/66b4794042ea5f3793be0900,2025-07-11T16:39:31.517
[WGS84 - EPSG:4326],Ailanthus altissima,C155F1FE-645E-F011-9112-08F1EAD81ED0,158286965,R00460,IT,POINT (8.6671702 45.8921363),FALSE,2024,22,Invasive Alien Species in Europe,https://easin.jrc.ec.europa.eu/ias/speciesreport/details/66b1e5df46d6df4bc5882dc5,2025-07-11T16:39:31.517
[WGS84 - EPSG:4326],Ailanthus altissima,B255F1FE-645E-F011-9112-08F1EAD81ED0,158286967,R00460,IT,POINT (8.6274762 45.8090394),FALSE,2024,22,Invasive Alien Species in Europe,https://easin.jrc.ec.europa.eu/ias/speciesreport/details/66ab9ffa46d6df4bc5882d67,2025-07-11T16:39:31.517
[WGS84 - EPSG:4326],Ailanthus altissima,B455F1FE-645E-F011-9112-08F1EAD81ED0,158286969,R00460,IT,POINT (8.5987096 45.9027087),FALSE,2024,22,Invasive Alien Species in Europe,https://easin.jrc.ec.europa.eu/ias/speciesreport/details/66b4935a42ea5f3793be092d,2025-07-11T16:39:31.517
[WGS84 - EPSG:4326],Ailanthus altissima,9F55F1FE-645E-F011-9112-08F1EAD81ED0,158286971,R00460,IT,POINT (8.6163344 45.853907),FALSE,2024,22,Invasive Alien Species in Europe,https://easin.jrc.ec.europa.eu/ias/speciesreport/details/66b49bec42ea5f3793be0939,2025-07-11T16:39:31.517
[WGS84 - EPSG:4326],Myiopsitta monachus,8254F1FE-645E-F011-9112-08F1EAD81ED0,158290771,R09715,ES,POINT (-3.65888950629596 40.4789480563117),FALSE,2025,22,Invasive Alien Species in Europe,https://easin.jrc.ec.europa.eu/ias/speciesreport/details/684c7ee39dcec5b9e74531e7,2025-07-11T16:39:31.517
[WGS84 - EPSG:4326],Heracleum mantegazzianum,9A54F1FE-645E-F011-9112-08F1EAD81ED0,158290773,R07248,NO,POINT (18.9546633857879 69.6529732483106),FALSE,2025,22,Invasive Alien Species in Europe,https://easin.jrc.ec.europa.eu/ias/speciesreport/details/686accc6dd597c157de314e4,2025-07-11T16:39:31.517
[WGS84 - EPSG:4326],Myocastor coypus,5653F1FE-645E-F011-9112-08F1EAD81ED0,158290775,R09720,FR,POINT (4.8398745059967 45.7655995079019),FALSE,2025,22,Invasive Alien Species in Europe,https://easin.jrc.ec.europa.eu/ias/speciesreport/details/684949179dcec5b9e74531e6,2025-07-11T16:39:31.517
[WGS84 - EPSG:4326],Vespa velutina nigrithorax,4D53F1FE-645E-F011-9112-08F1EAD81ED0,158290777,R15970,DE,POINT (9.082206 49.979091),FALSE,2025,22,Invasive Alien Species in Europe,https://easin.jrc.ec.europa.eu/ias/speciesreport/details/68697681dd597c157de314e3,2025-07-11T16:39:31.517
[WGS84 - EPSG:4326],Cortaderia selloana subsp. jubata,B152F1FE-645E-F011-9112-08F1EAD81ED0,158290779,R19708,ES,POINT (-6.67211294174194 37.9032481872167),FALSE,2025,22,Invasive Alien Species in Europe,https://easin.jrc.ec.europa.eu/ias/speciesreport/details/677d82732de580d1220e618d,2025-07-11T16:39:31.517
[WGS84 - EPSG:4326],Procambarus clarkii,5452F1FE-645E-F011-9112-08F1EAD81ED0,158290781,R12250,IT,POINT (11.7075704410672 43.7698460900955),FALSE,2025,22,Invasive Alien Species in Europe,https://easin.jrc.ec.europa.eu/ias/speciesreport/details/683cd593a8325a84bde0e841,2025-07-11T16:39:31.517
[WGS84 - EPSG:4326],Asclepias syriaca,5B50F1FE-645E-F011-9112-08F1EAD81ED0,158290783,R01529,IT,POINT (8.6284905 45.807081),FALSE,2025,22,Invasive Alien Species in Europe,https://easin.jrc.ec.europa.eu/ias/speciesreport/details/682458f006aa9c8c8c102715,2025-07-11T16:39:31.517
[WGS84 - EPSG:4326],Heracleum mantegazzianum,A74FF1FE-645E-F011-9112-08F1EAD81ED0,158290785,R07248,NO,POINT (18.954020380979 69.6529585949222),FALSE,2025,22,Invasive Alien Species in Europe,https://easin.jrc.ec.europa.eu/ias/speciesreport/details/686bf879dd597c157de314e5,2025-07-11T16:39:31.517
[WGS84 - EPSG:4326],Ailanthus altissima,B155F1FE-645E-F011-9112-08F1EAD81ED0,158291304,R00460,ES,POINT (0.0599044561386108 38.7053259938485),FALSE,2025,22,Invasive Alien Species in Europe,https://easin.jrc.ec.europa.eu/ias/speciesreport/details/68656a87462e82d911ce93af,2025-07-11T16:39:31.517
